{"vals": [8.4375, 8.375, 8.375, 8.0625, 7.9375, 6.46875, 6.09375, 6.09375, 5.96875, 5.625, 5.625, 5.5, 5.40625, 5.09375, 4.65625, 4.59375, 4.1875, 4.03125, 3.84375, 3.75, 3.703125, 3.703125, 3.671875, 3.46875, 3.46875, 3.421875, 3.390625, 3.375, 3.34375, 3.328125, 3.296875, 3.21875, 3.21875, 3.171875, 3.171875, 3.15625, 2.984375, 2.734375, 2.671875, 2.640625, 2.609375, 2.609375, 2.59375, 2.578125, 2.5625, 2.46875, 2.421875, 2.421875, 2.421875, 2.40625], "inds": [[1992, 247], [1765, 33], [1988, 245], [1996, 237], [1996, 268], [778, 246], [788, 10], [370, 19], [311, 141], [505, 14], [1398, 14], [782, 5], [595, 68], [1138, 125], [711, 27], [1730, 61], [595, 70], [196, 39], [1919, 32], [1269, 102], [1301, 31], [331, 64], [184, 13], [810, 50], [1582, 10], [815, 21], [1859, 75], [427, 70], [1069, 106], [788, 11], [920, 40], [1797, 237], [213, 5], [113, 121], [1970, 191], [74, 84], [703, 194], [1868, 6], [779, 197], [1992, 266], [1398, 10], [505, 10], [349, 175], [1069, 111], [1069, 108], [1734, 133], [778, 216], [413, 39], [709, 268], [1988, 244]]}