{"vals": [8.375, 6.46875, 6.09375, 6.09375, 5.96875, 5.625, 5.5, 5.40625, 4.65625, 4.59375, 4.1875, 4.03125, 3.84375, 3.75, 3.703125, 3.703125, 3.671875, 3.46875, 3.46875, 3.453125, 3.421875, 3.390625, 3.375, 3.34375, 3.328125, 3.296875, 3.21875, 3.21875, 3.171875, 3.171875, 3.15625, 3.015625, 2.984375, 2.734375, 2.671875, 2.609375, 2.59375, 2.59375, 2.578125, 2.5625, 2.46875, 2.421875, 2.421875, 2.421875, 2.375, 2.34375, 2.25, 2.25, 2.234375, 2.234375, 2.140625, 2.140625, 2.109375, 2.109375, 2.109375, 2.09375, 2.0625, 2.0625, 2.015625, 2.015625, 2.0, 2.0, 1.9921875, 1.9765625, 1.96875, 1.9453125, 1.9140625, 1.8828125, 1.875, 1.8671875, 1.859375, 1.8515625, 1.8359375, 1.828125, 1.796875, 1.796875, 1.7890625, 1.78125, 1.7734375, 1.7578125, 1.7578125, 1.7421875, 1.734375, 1.7109375, 1.7109375, 1.7109375, 1.6953125, 1.6875, 1.6875, 1.6796875, 1.671875, 1.6640625, 1.6484375, 1.6484375, 1.640625, 1.6328125, 1.6328125, 1.625, 1.6171875, 1.609375], "inds": [[1555, 33], [716, 246], [337, 19], [726, 10], [282, 141], [460, 14], [720, 5], [544, 68], [653, 27], [1527, 61], [544, 70], [175, 39], [1698, 32], [1141, 102], [1167, 31], [302, 64], [164, 13], [748, 50], [1407, 10], [1808, 26], [753, 21], [1639, 75], [391, 70], [972, 106], [726, 11], [849, 40], [1585, 237], [191, 5], [106, 121], [1741, 191], [69, 84], [1785, 100], [645, 194], [1647, 6], [717, 197], [460, 10], [1867, 194], [319, 175], [972, 111], [972, 108], [1531, 133], [377, 39], [716, 216], [651, 268], [892, 79], [1225, 190], [1443, 26], [413, 218], [1830, 46], [453, 5], [609, 194], [1180, 70], [1381, 13], [291, 38], [103, 252], [1128, 92], [1838, 33], [910, 144], [404, 164], [1948, 51], [950, 17], [1614, 291], [1389, 75], [416, 95], [1921, 28], [1890, 187], [813, 106], [1285, 240], [818, 24], [1503, 251], [599, 194], [282, 140], [1204, 127], [646, 57], [35, 4], [1253, 120], [282, 245], [813, 277], [1612, 126], [1983, 145], [813, 293], [1096, 20], [1959, 160], [1143, 216], [260, 12], [1539, 39], [1088, 16], [1585, 14], [1959, 161], [1011, 132], [1634, 154], [1628, 41], [849, 41], [1887, 127], [1959, 8], [435, 175], [748, 80], [556, 66], [1324, 32], [1582, 21]], "mean": 0.0084228515625}