{"vals": [4.40625, 3.96875, 3.75, 3.515625, 3.453125, 3.453125, 3.359375, 3.21875, 3.21875, 3.15625, 3.078125, 2.9375, 2.9375, 2.859375, 2.734375, 2.71875, 2.640625, 2.5625, 2.296875, 2.125, 2.125, 2.125, 2.046875, 2.046875, 1.9609375, 1.9296875, 1.7734375, 1.7734375, 1.7265625, 1.6875, 1.65625, 1.609375, 1.609375, 1.6015625, 1.5859375, 1.5859375, 1.5625, 1.53125, 1.5234375, 1.4921875, 1.484375, 1.4765625, 1.4765625, 1.4453125, 1.4140625, 1.3984375, 1.3671875, 1.3671875, 1.359375, 1.359375, 1.328125, 1.2890625, 1.2890625, 1.265625, 1.265625, 1.234375, 1.171875, 1.15625, 1.1484375, 1.140625, 1.109375, 1.0859375, 1.046875, 1.0, 0.97265625, 0.921875, 0.91015625, 0.890625, 0.88671875, 0.87890625, 0.85546875, 0.84765625, 0.8359375, 0.8125, 0.8125, 0.80078125, 0.80078125, 0.796875, 0.76953125, 0.765625, 0.765625, 0.76171875, 0.7578125, 0.7578125, 0.75, 0.75, 0.73828125, 0.73046875, 0.7265625, 0.71484375, 0.71484375, 0.71484375, 0.7109375, 0.703125, 0.69921875, 0.68359375, 0.671875, 0.671875, 0.66796875, 0.6640625], "inds": [[749, 169], [501, 33], [1285, 21], [1389, 11], [1388, 16], [1387, 16], [1378, 25], [1388, 11], [1387, 11], [544, 70], [1387, 34], [722, 113], [544, 68], [43, 89], [1389, 76], [1490, 31], [589, 101], [1330, 24], [98, 159], [149, 240], [1741, 188], [20, 34], [1897, 49], [106, 121], [1202, 254], [926, 65], [1174, 13], [589, 100], [1378, 42], [926, 66], [1389, 138], [1387, 13], [1388, 13], [1378, 41], [98, 51], [98, 52], [589, 189], [16, 183], [1243, 82], [1389, 93], [1387, 19], [948, 121], [1284, 116], [90, 106], [98, 48], [98, 47], [865, 221], [748, 250], [1001, 53], [1225, 258], [1655, 88], [391, 70], [186, 185], [1389, 70], [694, 132], [1378, 12], [1180, 148], [818, 24], [1897, 48], [103, 271], [307, 144], [452, 295], [1387, 57], [963, 51], [427, 184], [1389, 137], [98, 198], [1378, 44], [1389, 124], [1501, 15], [1407, 10], [543, 52], [645, 208], [609, 172], [1074, 275], [1253, 120], [137, 108], [748, 267], [1389, 89], [855, 119], [58, 166], [1389, 103], [186, 187], [1708, 49], [1962, 65], [98, 81], [1174, 105], [1614, 202], [38, 69], [1014, 183], [748, 266], [1303, 171], [645, 194], [1174, 16], [1763, 33], [289, 242], [74, 102], [1389, 262], [651, 19], [1020, 68]], "mean": 0.002532958984375}