{"vals": [8.8125, 6.65625, 5.90625, 5.21875, 4.71875, 4.40625, 3.96875, 3.84375, 3.75, 3.515625, 3.453125, 3.453125, 3.453125, 3.359375, 3.21875, 3.21875, 3.15625, 3.078125, 2.9375, 2.9375, 2.859375, 2.859375, 2.859375, 2.734375, 2.71875, 2.640625, 2.5625, 2.46875, 2.296875, 2.125, 2.125, 2.125, 2.046875, 1.9609375, 1.9296875, 1.7734375, 1.7734375, 1.7265625, 1.6875, 1.65625, 1.609375, 1.609375, 1.6015625, 1.5859375, 1.5859375, 1.5625, 1.53125, 1.5234375, 1.4921875, 1.484375], "inds": [[1988, 245], [1996, 268], [1996, 237], [1988, 264], [1992, 247], [811, 169], [548, 33], [1992, 266], [1427, 21], [1556, 11], [1996, 287], [1554, 16], [1555, 16], [1542, 25], [1554, 11], [1555, 11], [595, 70], [1554, 34], [784, 113], [595, 68], [48, 89], [46, 89], [45, 89], [1556, 76], [1688, 31], [644, 101], [1477, 24], [1193, 178], [105, 159], [1970, 188], [21, 34], [166, 240], [113, 121], [1338, 254], [1010, 65], [644, 100], [1308, 13], [1542, 42], [1010, 66], [1556, 138], [1554, 13], [1555, 13], [1542, 41], [105, 51], [105, 52], [644, 189], [17, 183], [1384, 82], [1556, 93], [1554, 19]]}