{"vals": [6.125, 3.046875, 2.953125, 2.609375, 2.515625, 2.0, 1.84375, 1.75, 1.6796875, 1.6796875, 1.6796875, 1.6796875, 1.609375, 1.296875, 1.2890625, 1.234375, 1.234375, 1.21875, 1.2109375, 1.1015625, 1.0703125, 1.046875, 1.0390625, 0.984375, 0.9765625, 0.921875, 0.859375, 0.8359375, 0.734375, 0.73046875, 0.7265625, 0.6953125, 0.6796875, 0.6796875, 0.67578125, 0.6484375, 0.64453125, 0.62890625, 0.625, 0.6171875, 0.6015625, 0.5859375, 0.578125, 0.5703125, 0.5703125, 0.5625, 0.546875, 0.53125, 0.53125, 0.5234375], "inds": [[1996, 268], [1744, 24], [1992, 247], [653, 13], [269, 50], [1996, 287], [338, 17], [1996, 237], [1103, 53], [1108, 53], [1106, 53], [1102, 53], [338, 55], [1936, 267], [338, 37], [188, 18], [187, 18], [1145, 23], [1364, 5], [867, 10], [1439, 26], [1931, 49], [772, 16], [778, 246], [1881, 7], [527, 20], [1829, 202], [162, 120], [1744, 25], [113, 121], [1384, 82], [1329, 126], [1426, 171], [1431, 171], [184, 13], [1216, 26], [1251, 207], [1988, 245], [815, 15], [331, 292], [1344, 51], [393, 117], [785, 55], [1744, 27], [1996, 221], [885, 23], [213, 5], [494, 279], [1470, 13], [1281, 54]]}