{"vals": [3.046875, 2.609375, 2.515625, 1.84375, 1.6796875, 1.609375, 1.296875, 1.2890625, 1.234375, 1.21875, 1.2109375, 1.1015625, 1.0703125, 1.046875, 1.0390625, 0.984375, 0.9765625, 0.921875, 0.859375, 0.84765625, 0.8359375, 0.765625, 0.734375, 0.73046875, 0.7265625, 0.72265625, 0.6796875, 0.67578125, 0.6484375, 0.64453125, 0.625, 0.6171875, 0.6015625, 0.5859375, 0.578125, 0.5703125, 0.5625, 0.546875, 0.546875, 0.53125, 0.53125, 0.5234375, 0.51171875, 0.49609375, 0.4921875, 0.486328125, 0.484375, 0.470703125, 0.470703125, 0.45703125, 0.45703125, 0.453125, 0.451171875, 0.435546875, 0.4296875, 0.427734375, 0.419921875, 0.41796875, 0.4140625, 0.408203125, 0.408203125, 0.40625, 0.40625, 0.404296875, 0.40234375, 0.400390625, 0.3984375, 0.396484375, 0.396484375, 0.392578125, 0.392578125, 0.392578125, 0.390625, 0.390625, 0.38671875, 0.3828125, 0.3828125, 0.373046875, 0.365234375, 0.365234375, 0.35546875, 0.35546875, 0.3515625, 0.349609375, 0.345703125, 0.345703125, 0.34375, 0.34375, 0.33984375, 0.33984375, 0.337890625, 0.3359375, 0.333984375, 0.333984375, 0.333984375, 0.333984375, 0.33203125, 0.330078125, 0.328125, 0.326171875], "inds": [[1539, 24], [597, 13], [241, 50], [309, 17], [1001, 53], [309, 55], [1713, 267], [309, 37], [167, 18], [1035, 23], [1227, 5], [800, 10], [1296, 26], [1708, 49], [710, 16], [716, 246], [1660, 7], [480, 20], [1614, 202], [1904, 57], [146, 120], [1982, 18], [1539, 25], [106, 121], [1243, 82], [1934, 128], [1284, 171], [164, 13], [1092, 26], [1126, 207], [753, 15], [302, 292], [1208, 51], [359, 117], [723, 55], [1539, 27], [818, 23], [1983, 145], [191, 5], [453, 279], [1326, 13], [1149, 54], [1991, 48], [528, 169], [996, 42], [1079, 24], [309, 98], [307, 144], [1208, 45], [1642, 8], [1644, 8], [1695, 34], [1284, 116], [309, 26], [574, 255], [861, 24], [1014, 183], [1539, 26], [1476, 19], [1732, 174], [1378, 8], [1144, 7], [1243, 49], [1421, 167], [309, 16], [837, 25], [1791, 186], [972, 106], [543, 52], [705, 33], [716, 230], [549, 22], [1948, 51], [460, 10], [831, 84], [530, 73], [765, 53], [681, 51], [532, 253], [2, 31], [640, 11], [694, 132], [1205, 176], [674, 11], [98, 15], [464, 23], [435, 175], [1407, 10], [1382, 183], [609, 267], [232, 245], [309, 27], [1582, 29], [1576, 136], [1545, 73], [1836, 22], [1887, 129], [1202, 254], [1326, 159], [1624, 230]], "mean": 0.001953125}