{"vals": [3.21875, 2.484375, 2.359375, 1.90625, 1.7109375, 1.609375, 1.5625, 1.515625, 1.2265625, 1.1875, 1.09375, 0.96484375, 0.93359375, 0.92578125, 0.89453125, 0.74609375, 0.73828125, 0.6640625, 0.65625, 0.63671875, 0.6328125, 0.6171875, 0.58984375, 0.58203125, 0.57421875, 0.5546875, 0.5390625, 0.52734375, 0.51171875, 0.498046875, 0.498046875, 0.490234375, 0.484375, 0.48046875, 0.462890625, 0.453125, 0.451171875, 0.44140625, 0.427734375, 0.423828125, 0.423828125, 0.400390625, 0.392578125, 0.3828125, 0.380859375, 0.37109375, 0.357421875, 0.353515625, 0.3515625, 0.349609375, 0.34765625, 0.337890625, 0.3359375, 0.326171875, 0.32421875, 0.322265625, 0.322265625, 0.322265625, 0.318359375, 0.318359375, 0.318359375, 0.3125, 0.3125, 0.310546875, 0.306640625, 0.306640625, 0.30078125, 0.296875, 0.296875, 0.294921875, 0.294921875, 0.29296875, 0.2890625, 0.287109375, 0.287109375, 0.28515625, 0.283203125, 0.28125, 0.279296875, 0.27734375, 0.27734375, 0.27734375, 0.275390625, 0.275390625, 0.26953125, 0.267578125, 0.267578125, 0.265625, 0.263671875, 0.259765625, 0.2578125, 0.2578125, 0.255859375, 0.255859375, 0.255859375, 0.25390625, 0.25, 0.25, 0.2490234375, 0.248046875], "inds": [[1320, 33], [1318, 7], [1035, 23], [1508, 26], [1, 17], [677, 31], [1299, 34], [1838, 30], [1790, 135], [748, 80], [20, 34], [1706, 15], [1382, 183], [460, 14], [1614, 202], [1579, 6], [1508, 22], [543, 52], [407, 27], [387, 29], [1341, 28], [407, 28], [1588, 52], [528, 82], [387, 50], [1421, 167], [1253, 120], [1092, 26], [1, 16], [1371, 78], [1582, 29], [528, 6], [679, 21], [1206, 26], [934, 5], [590, 257], [594, 71], [227, 18], [875, 20], [869, 162], [861, 10], [528, 150], [164, 13], [1206, 166], [1395, 16], [1371, 131], [625, 45], [1489, 39], [1204, 24], [167, 18], [1585, 115], [407, 75], [1340, 16], [915, 28], [387, 38], [726, 11], [407, 90], [387, 20], [315, 17], [948, 121], [387, 42], [1752, 14], [43, 92], [1706, 178], [471, 15], [921, 9], [1706, 212], [1154, 20], [1201, 69], [556, 66], [512, 109], [387, 76], [1790, 136], [1838, 31], [1948, 42], [1958, 7], [835, 28], [387, 43], [543, 183], [1126, 30], [694, 132], [530, 73], [387, 58], [1132, 11], [20, 16], [387, 55], [1202, 239], [1233, 61], [193, 43], [1739, 13], [526, 91], [1912, 15], [387, 23], [387, 40], [658, 29], [1072, 293], [1887, 129], [771, 21], [387, 48], [915, 46]], "mean": 0.00122833251953125}