{"vals": [10.6875, 7.15625, 4.09375, 3.453125, 2.609375, 2.46875, 2.453125, 1.8515625, 1.8359375, 1.75, 1.71875, 1.6328125, 1.6328125, 1.6328125, 1.59375, 1.515625, 1.4453125, 1.375, 1.3359375, 1.328125, 1.3203125, 1.3046875, 1.3046875, 1.3046875, 1.2421875, 1.2421875, 1.2265625, 1.2265625, 1.2109375, 1.140625, 1.125, 1.09375, 1.078125, 1.0703125, 1.0390625, 1.0234375, 1.0078125, 0.99609375, 0.98046875, 0.9765625, 0.97265625, 0.95703125, 0.94921875, 0.921875, 0.90234375, 0.875, 0.85546875, 0.84375, 0.828125, 0.82421875, 0.80859375, 0.79296875, 0.78515625, 0.77734375, 0.7734375, 0.76953125, 0.7578125, 0.75, 0.75, 0.73828125, 0.734375, 0.72265625, 0.72265625, 0.71875, 0.71484375, 0.71484375, 0.70703125, 0.703125, 0.6953125, 0.6953125, 0.69140625, 0.67578125, 0.66796875, 0.6640625, 0.6640625, 0.6640625, 0.6640625, 0.66015625, 0.64453125, 0.640625, 0.63671875, 0.63671875, 0.6328125, 0.62890625, 0.625, 0.62109375, 0.6171875, 0.6171875, 0.61328125, 0.61328125, 0.61328125, 0.60546875, 0.6015625, 0.59765625, 0.59765625, 0.58984375, 0.5859375, 0.58203125, 0.58203125, 0.578125], "inds": [[716, 246], [1382, 146], [972, 106], [1748, 247], [651, 86], [319, 50], [626, 56], [716, 230], [325, 37], [248, 90], [1655, 88], [918, 71], [325, 29], [851, 259], [674, 222], [1054, 21], [967, 59], [460, 14], [644, 22], [1579, 6], [586, 294], [736, 18], [1011, 132], [117, 252], [780, 173], [1107, 8], [1140, 137], [279, 31], [1079, 24], [948, 121], [1904, 79], [1531, 274], [1582, 29], [609, 267], [1068, 33], [1579, 238], [1630, 11], [1639, 112], [1448, 107], [590, 240], [1946, 35], [1336, 95], [581, 11], [1303, 170], [293, 87], [391, 70], [856, 5], [629, 11], [1560, 208], [1122, 42], [1617, 124], [1748, 250], [1140, 136], [1836, 22], [1448, 86], [788, 10], [716, 224], [1887, 129], [1617, 125], [451, 24], [1040, 35], [1205, 115], [687, 56], [137, 123], [1617, 35], [188, 79], [1013, 14], [404, 99], [512, 109], [586, 293], [1887, 127], [1186, 59], [586, 295], [723, 55], [790, 292], [727, 209], [818, 23], [1585, 237], [94, 120], [11, 8], [1771, 21], [1618, 11], [1676, 293], [1208, 73], [98, 70], [833, 94], [1978, 214], [1830, 17], [20, 224], [1732, 117], [1402, 100], [1081, 73], [1748, 272], [530, 64], [1010, 149], [359, 117], [1748, 268], [139, 247], [1946, 55], [1585, 14]], "mean": 0.0029449462890625}