{"vals": [8.25, 8.25, 7.875, 7.8125, 7.5, 7.03125, 6.3125, 6.3125, 6.125, 6.125, 6.09375, 5.96875, 5.96875, 5.9375, 5.71875, 5.625, 5.5625, 5.125, 5.09375, 5.03125, 4.90625, 4.875, 4.71875, 4.5625, 4.34375, 4.34375, 4.1875, 4.0625, 4.0625, 3.9375, 3.75, 3.703125, 3.625, 3.609375, 3.359375, 3.328125, 3.203125, 3.203125, 3.203125, 3.171875, 3.15625, 3.125, 2.984375, 2.9375, 2.921875, 2.921875, 2.90625, 2.890625, 2.859375, 2.84375, 2.765625, 2.75, 2.734375, 2.640625, 2.625, 2.625, 2.625, 2.53125, 2.53125, 2.5, 2.5, 2.453125, 2.421875, 2.40625, 2.40625, 2.390625, 2.375, 2.359375, 2.34375, 2.3125, 2.3125, 2.3125, 2.265625, 2.25, 2.25, 2.21875, 2.203125, 2.203125, 2.1875, 2.171875, 2.171875, 2.15625, 2.15625, 2.140625, 2.125, 2.125, 2.125, 2.109375, 2.09375, 2.078125, 2.078125, 2.0625, 1.9921875, 1.984375, 1.984375, 1.96875, 1.96875, 1.9609375, 1.9453125, 1.9296875], "inds": [[453, 134], [861, 8], [861, 14], [1126, 180], [1129, 214], [861, 21], [456, 61], [972, 106], [1129, 215], [646, 57], [622, 200], [97, 237], [1568, 140], [374, 76], [62, 297], [1358, 140], [453, 51], [763, 133], [1001, 53], [763, 270], [866, 28], [1009, 245], [1978, 92], [1124, 237], [1126, 30], [1124, 66], [1566, 266], [714, 278], [1129, 243], [646, 176], [22, 144], [646, 64], [1124, 222], [1568, 58], [456, 214], [1568, 62], [374, 71], [856, 16], [374, 162], [453, 139], [164, 13], [856, 195], [866, 66], [1568, 60], [374, 289], [558, 49], [1914, 222], [453, 140], [1056, 157], [861, 24], [1130, 47], [1568, 69], [968, 199], [456, 23], [1882, 94], [622, 222], [1568, 110], [351, 201], [1010, 47], [62, 182], [763, 186], [359, 117], [1121, 66], [1568, 63], [1568, 159], [456, 282], [453, 13], [22, 16], [763, 85], [1568, 213], [1568, 297], [971, 17], [374, 73], [646, 132], [1215, 133], [1231, 226], [370, 211], [646, 175], [456, 194], [1568, 59], [1568, 298], [1568, 190], [504, 27], [1428, 48], [370, 202], [1133, 153], [763, 231], [971, 106], [1074, 287], [1149, 101], [1830, 246], [1508, 104], [1887, 273], [1016, 171], [1568, 165], [1019, 32], [456, 231], [1568, 85], [1904, 79], [410, 98]], "mean": 0.004730224609375}