{"vals": [1.59375, 1.265625, 1.2421875, 1.140625, 1.1328125, 0.953125, 0.84375, 0.765625, 0.76171875, 0.7421875, 0.6875, 0.68359375, 0.6640625, 0.64453125, 0.5, 0.5, 0.474609375, 0.443359375, 0.421875, 0.419921875, 0.4140625, 0.4140625, 0.3828125, 0.37890625, 0.365234375, 0.359375, 0.353515625, 0.33984375, 0.3359375, 0.33203125, 0.328125, 0.3125, 0.3125, 0.3046875, 0.298828125, 0.296875, 0.29296875, 0.2890625, 0.28515625, 0.283203125, 0.28125, 0.275390625, 0.271484375, 0.26953125, 0.267578125, 0.263671875, 0.263671875, 0.263671875, 0.26171875, 0.25390625, 0.2490234375, 0.248046875, 0.24609375, 0.2421875, 0.2412109375, 0.240234375, 0.240234375, 0.2353515625, 0.234375, 0.234375, 0.2314453125, 0.2294921875, 0.2236328125, 0.22265625, 0.2216796875, 0.2177734375, 0.2177734375, 0.216796875, 0.2158203125, 0.21484375, 0.2138671875, 0.2119140625, 0.2119140625, 0.2109375, 0.208984375, 0.2080078125, 0.20703125, 0.2060546875, 0.205078125, 0.203125, 0.203125, 0.19921875, 0.193359375, 0.1923828125, 0.1923828125, 0.189453125, 0.1875, 0.1875, 0.185546875, 0.1845703125, 0.1806640625, 0.1806640625, 0.1748046875, 0.173828125, 0.171875, 0.1689453125, 0.1689453125, 0.16796875, 0.1669921875, 0.1640625], "inds": [[319, 50], [167, 18], [716, 53], [43, 92], [1299, 34], [855, 167], [1001, 53], [1614, 202], [948, 121], [1, 16], [1253, 120], [905, 129], [645, 297], [1492, 101], [137, 123], [1604, 124], [1887, 129], [1996, 45], [1069, 106], [1790, 135], [1774, 51], [972, 106], [1296, 26], [1614, 172], [581, 11], [86, 93], [1284, 116], [817, 68], [543, 64], [479, 17], [1466, 68], [1180, 182], [191, 5], [1912, 15], [149, 179], [1624, 252], [22, 6], [1629, 254], [1748, 239], [69, 84], [453, 5], [256, 35], [1363, 34], [350, 36], [528, 169], [1180, 30], [179, 109], [1466, 34], [852, 65], [106, 94], [748, 250], [1079, 24], [1587, 152], [861, 10], [874, 15], [681, 51], [910, 69], [1205, 176], [892, 79], [574, 255], [1796, 38], [694, 132], [1132, 11], [1180, 148], [1371, 131], [543, 193], [1512, 18], [1339, 44], [360, 8], [329, 225], [1243, 193], [137, 183], [1614, 241], [1080, 18], [1432, 31], [315, 17], [1568, 179], [1206, 26], [1904, 79], [763, 211], [914, 23], [1219, 12], [1982, 18], [1100, 50], [585, 24], [818, 24], [1887, 272], [1991, 48], [1341, 28], [88, 10], [1382, 183], [1821, 133], [1019, 194], [246, 37], [974, 87], [1284, 72], [543, 62], [1443, 26], [910, 280], [103, 271]], "mean": 0.0009918212890625}