{"vals": [6.28125, 6.0625, 5.34375, 4.46875, 3.484375, 2.78125, 2.6875, 2.578125, 2.5625, 2.46875, 2.453125, 2.203125, 2.125, 2.0625, 1.828125, 1.7734375, 1.546875, 1.5390625, 1.5390625, 1.3984375, 1.3515625, 1.1328125, 1.109375, 1.078125, 1.0546875, 1.0234375, 0.9921875, 0.9765625, 0.953125, 0.9453125, 0.88671875, 0.859375, 0.8359375, 0.78515625, 0.7734375, 0.76953125, 0.7578125, 0.75390625, 0.75390625, 0.75390625, 0.7265625, 0.7265625, 0.72265625, 0.72265625, 0.71875, 0.70703125, 0.6953125, 0.69140625, 0.6875, 0.6875, 0.66796875, 0.66796875, 0.6640625, 0.66015625, 0.65234375, 0.640625, 0.640625, 0.640625, 0.625, 0.6015625, 0.59765625, 0.59375, 0.59375, 0.58203125, 0.578125, 0.578125, 0.57421875, 0.56640625, 0.55859375, 0.54296875, 0.53515625, 0.53125, 0.53125, 0.5234375, 0.5078125, 0.5, 0.5, 0.49609375, 0.49609375, 0.494140625, 0.4921875, 0.48828125, 0.484375, 0.482421875, 0.470703125, 0.470703125, 0.46875, 0.466796875, 0.46484375, 0.462890625, 0.458984375, 0.458984375, 0.453125, 0.451171875, 0.451171875, 0.44921875, 0.44921875, 0.44140625, 0.4296875, 0.427734375], "inds": [[90, 36], [90, 18], [228, 15], [1320, 33], [1126, 207], [524, 41], [1382, 183], [717, 197], [1869, 159], [99, 15], [694, 132], [1880, 25], [228, 44], [90, 21], [1253, 120], [319, 175], [90, 19], [1614, 209], [831, 157], [1157, 67], [90, 49], [1614, 202], [609, 267], [60, 72], [90, 22], [228, 161], [524, 37], [1104, 206], [151, 237], [271, 86], [694, 133], [90, 68], [1382, 76], [225, 67], [319, 50], [1945, 34], [137, 107], [342, 198], [1808, 17], [524, 40], [225, 196], [1625, 192], [667, 148], [1542, 190], [1869, 124], [1376, 39], [1368, 241], [1982, 8], [1864, 222], [90, 25], [498, 250], [319, 189], [90, 24], [90, 35], [1679, 78], [319, 174], [1174, 115], [1368, 95], [717, 246], [293, 49], [1647, 74], [1368, 170], [90, 224], [543, 37], [1280, 21], [391, 70], [517, 152], [1368, 143], [972, 106], [90, 274], [1382, 119], [1821, 140], [1104, 155], [1368, 274], [1100, 190], [1371, 78], [865, 243], [1679, 53], [1539, 5], [855, 209], [90, 59], [1368, 276], [152, 104], [460, 99], [1368, 103], [225, 63], [1774, 51], [1274, 88], [1214, 31], [90, 62], [1614, 192], [90, 20], [1621, 17], [855, 212], [855, 211], [1880, 27], [717, 194], [953, 231], [1153, 60], [670, 260]], "mean": 0.00107574462890625}