{"vals": [2.734375, 1.4609375, 1.3515625, 1.3515625, 1.3046875, 1.2109375, 1.203125, 1.203125, 1.1953125, 1.1953125, 1.1875, 1.1640625, 1.1328125, 1.1171875, 1.109375, 1.1015625, 1.0, 0.94921875, 0.94921875, 0.9296875, 0.9296875, 0.90625, 0.89453125, 0.8671875, 0.859375, 0.84765625, 0.84765625, 0.8359375, 0.81640625, 0.80859375, 0.8046875, 0.79296875, 0.78515625, 0.76953125, 0.76953125, 0.75390625, 0.7421875, 0.73828125, 0.73046875, 0.73046875, 0.72265625, 0.70703125, 0.703125, 0.703125, 0.69921875, 0.69921875, 0.69921875, 0.69140625, 0.69140625, 0.69140625, 0.6875, 0.6875, 0.6875, 0.68359375, 0.67578125, 0.66796875, 0.6640625, 0.625, 0.625, 0.625, 0.61328125, 0.61328125, 0.61328125, 0.609375, 0.6015625, 0.6015625, 0.59765625, 0.59375, 0.59375, 0.58203125, 0.58203125, 0.57421875, 0.56640625, 0.56640625, 0.56640625, 0.5625, 0.55859375, 0.5546875, 0.5546875, 0.54296875, 0.54296875, 0.5390625, 0.5390625, 0.53515625, 0.52734375, 0.51953125, 0.515625, 0.5078125, 0.5078125, 0.50390625, 0.50390625, 0.50390625, 0.5, 0.490234375, 0.490234375, 0.484375, 0.484375, 0.478515625, 0.474609375, 0.47265625], "inds": [[1056, 129], [651, 19], [1811, 262], [903, 35], [289, 286], [479, 25], [1415, 264], [1562, 19], [1571, 94], [1564, 83], [1997, 110], [1394, 21], [1095, 84], [272, 21], [479, 17], [1791, 17], [1421, 167], [1801, 204], [852, 231], [796, 147], [1897, 203], [1237, 145], [1564, 106], [56, 174], [1237, 150], [609, 267], [1128, 55], [1959, 11], [1743, 140], [271, 235], [702, 55], [1943, 24], [818, 23], [141, 298], [556, 105], [1138, 46], [677, 31], [1842, 34], [1530, 23], [1497, 272], [1179, 67], [1396, 77], [1566, 62], [4, 33], [473, 81], [308, 267], [1012, 131], [1847, 168], [590, 86], [1983, 78], [1, 16], [157, 228], [1415, 106], [1407, 152], [1822, 189], [1237, 147], [56, 175], [1811, 296], [188, 25], [1902, 140], [716, 252], [742, 16], [650, 85], [1614, 61], [289, 127], [948, 121], [891, 36], [1074, 275], [1667, 40], [210, 48], [1267, 156], [298, 219], [1902, 145], [702, 78], [38, 145], [294, 275], [1281, 93], [106, 121], [418, 26], [1991, 62], [27, 252], [1109, 49], [1904, 79], [1691, 213], [1823, 128], [985, 33], [1480, 147], [818, 24], [1154, 20], [1012, 128], [1585, 14], [769, 177], [100, 244], [690, 178], [379, 96], [405, 219], [235, 181], [210, 47], [222, 85], [5, 41]], "mean": 0.0059814453125}