{"vals": [4.71875, 3.015625, 2.9375, 2.78125, 2.59375, 2.421875, 2.359375, 2.25, 2.1875, 2.171875, 2.109375, 2.03125, 2.0, 1.890625, 1.8828125, 1.796875, 1.7734375, 1.765625, 1.734375, 1.703125, 1.671875, 1.6328125, 1.609375, 1.609375, 1.5390625, 1.46875, 1.46875, 1.34375, 1.3203125, 1.28125, 1.265625, 1.234375, 1.2265625, 1.203125, 1.109375, 1.1015625, 1.09375, 1.0859375, 1.0703125, 1.0703125, 1.046875, 1.03125, 1.015625, 0.984375, 0.984375, 0.9765625, 0.9765625, 0.97265625, 0.9375, 0.9375, 0.93359375, 0.93359375, 0.93359375, 0.91796875, 0.91796875, 0.9140625, 0.9140625, 0.8984375, 0.890625, 0.890625, 0.86328125, 0.85546875, 0.8515625, 0.84765625, 0.8359375, 0.828125, 0.828125, 0.81640625, 0.80859375, 0.8046875, 0.8046875, 0.79296875, 0.79296875, 0.78515625, 0.78125, 0.78125, 0.76953125, 0.765625, 0.76171875, 0.7578125, 0.7578125, 0.7578125, 0.75390625, 0.75, 0.7421875, 0.7421875, 0.73828125, 0.734375, 0.71875, 0.7109375, 0.7109375, 0.70703125, 0.703125, 0.703125, 0.69921875, 0.6953125, 0.69140625, 0.6875, 0.6796875, 0.6796875], "inds": [[1904, 79], [1013, 14], [451, 37], [589, 126], [1001, 53], [20, 34], [1304, 161], [1771, 21], [1371, 131], [325, 37], [1265, 24], [103, 252], [609, 267], [589, 125], [1266, 299], [645, 194], [54, 30], [651, 86], [188, 26], [626, 182], [1284, 116], [1666, 206], [651, 223], [1317, 141], [329, 276], [1991, 62], [293, 24], [589, 127], [289, 242], [1202, 254], [435, 202], [837, 24], [1421, 167], [418, 26], [1960, 14], [818, 24], [1887, 129], [1321, 238], [677, 31], [1770, 54], [600, 33], [562, 264], [266, 24], [1517, 281], [1531, 291], [345, 183], [1941, 172], [1381, 119], [168, 17], [272, 21], [479, 17], [167, 18], [1623, 94], [507, 120], [589, 124], [702, 47], [1047, 269], [1792, 84], [1811, 74], [100, 244], [1759, 142], [1890, 187], [1253, 137], [1887, 136], [895, 18], [869, 196], [52, 75], [1393, 89], [1363, 34], [307, 167], [579, 88], [1022, 41], [289, 162], [222, 44], [1752, 39], [466, 93], [683, 26], [938, 30], [1902, 153], [730, 276], [249, 154], [298, 32], [1251, 26], [891, 36], [1756, 72], [271, 244], [1512, 17], [1546, 46], [1092, 26], [724, 22], [1691, 229], [1546, 288], [1475, 106], [862, 55], [1623, 93], [1768, 54], [818, 23], [788, 84], [527, 16], [1363, 51]], "mean": 0.009765625}