{"vals": [2.15625, 1.8125, 1.546875, 1.46875, 1.1796875, 0.86328125, 0.859375, 0.859375, 0.8359375, 0.83203125, 0.8046875, 0.80078125, 0.7578125, 0.703125, 0.69921875, 0.6875, 0.68359375, 0.65234375, 0.65234375, 0.6484375, 0.63671875, 0.6328125, 0.59375, 0.58984375, 0.5859375, 0.58203125, 0.5703125, 0.5703125, 0.5703125, 0.54296875, 0.53515625, 0.51171875, 0.5, 0.498046875, 0.49609375, 0.474609375, 0.455078125, 0.44921875, 0.419921875, 0.41796875, 0.40234375, 0.400390625, 0.396484375, 0.39453125, 0.39453125, 0.388671875, 0.388671875, 0.376953125, 0.373046875, 0.365234375, 0.365234375, 0.36328125, 0.353515625, 0.345703125, 0.34375, 0.341796875, 0.33984375, 0.33984375, 0.330078125, 0.330078125, 0.330078125, 0.326171875, 0.326171875, 0.3203125, 0.318359375, 0.318359375, 0.31640625, 0.314453125, 0.3125, 0.3125, 0.310546875, 0.3046875, 0.302734375, 0.302734375, 0.30078125, 0.296875, 0.296875, 0.29296875, 0.29296875, 0.29296875, 0.287109375, 0.28515625, 0.283203125, 0.27734375, 0.275390625, 0.2734375, 0.271484375, 0.271484375, 0.271484375, 0.271484375, 0.26953125, 0.26953125, 0.265625, 0.263671875, 0.26171875, 0.26171875, 0.26171875, 0.259765625, 0.2578125, 0.2578125], "inds": [[590, 240], [289, 242], [1303, 143], [294, 275], [1890, 187], [1100, 190], [1303, 91], [1744, 262], [1238, 91], [459, 279], [1371, 131], [1103, 180], [590, 169], [712, 268], [1128, 212], [590, 171], [609, 267], [1614, 170], [1744, 264], [1323, 265], [289, 167], [818, 23], [1744, 263], [404, 247], [865, 243], [1284, 116], [182, 113], [1243, 297], [704, 299], [1382, 183], [1319, 284], [562, 274], [590, 249], [271, 198], [1942, 195], [1942, 193], [849, 105], [84, 89], [35, 128], [1724, 236], [507, 296], [683, 104], [910, 280], [1243, 282], [1210, 156], [289, 127], [967, 199], [1101, 231], [1103, 189], [517, 252], [406, 291], [679, 21], [307, 242], [1628, 239], [289, 217], [1173, 258], [1100, 194], [1202, 254], [1467, 206], [1811, 239], [43, 206], [1973, 209], [386, 179], [406, 287], [1724, 228], [1843, 62], [1243, 193], [1069, 282], [289, 286], [289, 228], [926, 227], [1890, 172], [1188, 280], [1313, 282], [443, 252], [651, 232], [1188, 129], [307, 229], [1890, 284], [406, 286], [1880, 40], [149, 290], [1103, 231], [405, 219], [672, 61], [404, 279], [1188, 128], [1614, 264], [1780, 223], [1188, 148], [319, 219], [1724, 230], [289, 162], [1313, 281], [1428, 248], [1609, 225], [1724, 18], [1058, 280], [1100, 186], [27, 220]], "mean": 0.00262451171875}