{"vals": [8.25, 7.65625, 6.8125, 4.875, 4.75, 4.34375, 4.15625, 4.125, 4.125, 4.0625, 4.03125, 3.9375, 3.9375, 3.9375, 3.671875, 3.609375, 3.328125, 3.28125, 3.03125, 2.9375, 2.921875, 2.875, 2.75, 2.71875, 2.671875, 2.671875, 2.65625, 2.53125, 2.4375, 2.421875, 2.390625, 2.265625, 2.265625, 2.1875, 2.171875, 2.171875, 2.171875, 2.15625, 2.125, 2.109375, 2.046875, 2.015625, 1.921875, 1.8828125, 1.8671875, 1.8671875, 1.8515625, 1.8359375, 1.796875, 1.796875, 1.7734375, 1.765625, 1.7578125, 1.734375, 1.71875, 1.7109375, 1.6796875, 1.6796875, 1.65625, 1.6328125, 1.625, 1.59375, 1.59375, 1.5703125, 1.5703125, 1.5625, 1.5625, 1.5234375, 1.515625, 1.515625, 1.5078125, 1.4921875, 1.484375, 1.484375, 1.484375, 1.484375, 1.46875, 1.453125, 1.453125, 1.4453125, 1.4375, 1.4296875, 1.421875, 1.421875, 1.4140625, 1.40625, 1.40625, 1.3984375, 1.3984375, 1.390625, 1.3828125, 1.375, 1.375, 1.359375, 1.3515625, 1.3515625, 1.34375, 1.3359375, 1.3359375, 1.328125], "inds": [[645, 297], [645, 194], [793, 258], [149, 183], [1287, 45], [1614, 241], [579, 88], [1331, 19], [1614, 256], [1741, 188], [645, 208], [716, 53], [1739, 125], [1739, 126], [149, 147], [149, 197], [1069, 125], [1022, 44], [1748, 138], [1811, 272], [407, 101], [1929, 64], [149, 80], [716, 135], [1748, 56], [1614, 233], [406, 196], [1532, 53], [1202, 254], [1614, 197], [926, 145], [1614, 181], [406, 136], [106, 121], [543, 51], [435, 202], [1204, 92], [1680, 36], [831, 151], [103, 252], [972, 108], [1748, 232], [1128, 40], [1792, 176], [293, 86], [855, 167], [1092, 26], [35, 79], [1188, 40], [435, 175], [1768, 64], [1298, 217], [293, 45], [1202, 194], [22, 16], [1748, 181], [329, 225], [1532, 38], [149, 90], [716, 86], [1748, 89], [1904, 50], [1859, 66], [1585, 14], [1111, 91], [1357, 185], [1564, 154], [1188, 33], [765, 28], [1284, 116], [1770, 64], [1566, 25], [406, 78], [651, 268], [609, 267], [1261, 145], [1614, 291], [1614, 205], [1806, 293], [1614, 164], [1614, 209], [1741, 191], [1890, 187], [971, 27], [1748, 120], [712, 124], [271, 245], [758, 16], [716, 117], [293, 24], [1914, 82], [579, 157], [1304, 161], [1188, 44], [634, 240], [268, 72], [1614, 264], [1382, 177], [1357, 175], [1659, 243]], "mean": 0.0101318359375}