{"vals": [4.8125, 2.28125, 2.078125, 2.046875, 1.9296875, 1.6640625, 1.390625, 1.3359375, 1.3203125, 1.2578125, 1.25, 1.203125, 1.140625, 1.125, 1.125, 1.0859375, 1.078125, 0.9296875, 0.921875, 0.90625, 0.8984375, 0.8984375, 0.8828125, 0.875, 0.86328125, 0.8515625, 0.84765625, 0.8359375, 0.8359375, 0.83203125, 0.81640625, 0.8125, 0.80859375, 0.79296875, 0.78515625, 0.78515625, 0.78515625, 0.77734375, 0.77734375, 0.77734375, 0.77734375, 0.7734375, 0.7734375, 0.76953125, 0.7578125, 0.7578125, 0.74609375, 0.73828125, 0.73046875, 0.7265625, 0.7265625, 0.72265625, 0.703125, 0.703125, 0.69921875, 0.69921875, 0.69140625, 0.671875, 0.671875, 0.6640625, 0.66015625, 0.66015625, 0.65625, 0.6484375, 0.64453125, 0.640625, 0.640625, 0.63671875, 0.6171875, 0.61328125, 0.61328125, 0.61328125, 0.61328125, 0.59765625, 0.59765625, 0.59765625, 0.59375, 0.59375, 0.58984375, 0.58984375, 0.58984375, 0.5859375, 0.578125, 0.578125, 0.578125, 0.578125, 0.57421875, 0.57421875, 0.57421875, 0.57421875, 0.5703125, 0.5703125, 0.56640625, 0.5625, 0.5625, 0.55859375, 0.55859375, 0.5546875, 0.5546875, 0.55078125], "inds": [[1001, 53], [20, 34], [1823, 128], [609, 267], [788, 139], [1671, 15], [1410, 48], [1880, 40], [1284, 116], [1437, 233], [1962, 242], [1748, 255], [1614, 170], [1227, 51], [1847, 97], [1531, 111], [1171, 265], [1614, 294], [1371, 131], [100, 244], [1243, 82], [1956, 46], [1396, 17], [1341, 166], [1467, 206], [1843, 62], [679, 21], [1792, 176], [667, 128], [1320, 87], [1611, 72], [971, 50], [571, 32], [371, 284], [719, 180], [435, 91], [479, 17], [1795, 55], [985, 37], [202, 109], [948, 121], [512, 40], [148, 69], [1983, 60], [1202, 239], [1739, 125], [1983, 141], [645, 297], [371, 263], [27, 257], [1679, 60], [1134, 117], [271, 188], [1996, 45], [37, 196], [1887, 136], [837, 24], [1611, 288], [5, 86], [813, 277], [1382, 177], [435, 21], [1297, 30], [543, 51], [164, 13], [175, 180], [1299, 34], [1467, 209], [913, 29], [1969, 46], [948, 185], [274, 50], [1103, 246], [996, 42], [1134, 168], [1331, 114], [1467, 208], [139, 45], [892, 279], [1035, 23], [107, 243], [918, 175], [325, 37], [1691, 130], [512, 107], [54, 98], [702, 55], [1382, 183], [590, 268], [1198, 263], [705, 33], [1614, 291], [319, 207], [1614, 197], [1748, 250], [972, 106], [517, 252], [1210, 208], [903, 84], [869, 206]], "mean": 0.00732421875}