{"vals": [2.28125, 1.71875, 1.65625, 1.4921875, 1.3984375, 1.25, 1.2421875, 1.203125, 1.1484375, 1.1328125, 1.1328125, 1.109375, 1.1015625, 1.078125, 1.0078125, 0.9921875, 0.98828125, 0.953125, 0.921875, 0.91015625, 0.890625, 0.8828125, 0.84375, 0.83203125, 0.82421875, 0.8203125, 0.76953125, 0.74609375, 0.734375, 0.73046875, 0.71875, 0.71484375, 0.6875, 0.66796875, 0.65625, 0.63671875, 0.609375, 0.59765625, 0.58984375, 0.5859375, 0.58203125, 0.578125, 0.5625, 0.5625, 0.5546875, 0.546875, 0.546875, 0.546875, 0.53125, 0.5234375, 0.515625, 0.515625, 0.51171875, 0.5078125, 0.5, 0.4921875, 0.4921875, 0.484375, 0.482421875, 0.474609375, 0.46875, 0.46484375, 0.462890625, 0.462890625, 0.458984375, 0.45703125, 0.451171875, 0.451171875, 0.443359375, 0.439453125, 0.435546875, 0.435546875, 0.43359375, 0.431640625, 0.431640625, 0.4296875, 0.423828125, 0.404296875, 0.3984375, 0.396484375, 0.396484375, 0.39453125, 0.392578125, 0.390625, 0.390625, 0.390625, 0.38671875, 0.38671875, 0.384765625, 0.3828125, 0.3828125, 0.380859375, 0.37890625, 0.37890625, 0.375, 0.375, 0.369140625, 0.3671875, 0.3671875, 0.365234375], "inds": [[1830, 17], [507, 119], [1962, 242], [1410, 48], [1275, 115], [471, 15], [1273, 42], [1564, 83], [1188, 279], [1128, 40], [1284, 40], [818, 24], [1843, 62], [149, 218], [1724, 18], [106, 121], [1284, 116], [852, 231], [459, 259], [1331, 114], [1069, 125], [439, 38], [1571, 50], [948, 121], [1204, 92], [948, 185], [158, 82], [651, 86], [149, 270], [1303, 198], [404, 279], [406, 98], [714, 73], [1069, 106], [355, 113], [1202, 239], [827, 33], [625, 45], [716, 246], [1225, 109], [402, 24], [1299, 31], [1926, 51], [1962, 190], [1304, 161], [377, 39], [1443, 26], [479, 17], [149, 131], [1103, 34], [35, 79], [1467, 208], [1020, 68], [967, 60], [1639, 112], [916, 221], [1028, 214], [903, 35], [1792, 84], [297, 31], [512, 107], [912, 207], [1847, 92], [1303, 123], [349, 223], [689, 66], [148, 69], [319, 50], [160, 15], [167, 114], [1827, 37], [985, 176], [1092, 26], [1028, 244], [1497, 272], [350, 35], [1926, 50], [365, 16], [1382, 183], [1813, 10], [167, 28], [1935, 237], [1575, 14], [1335, 43], [1859, 66], [1287, 299], [716, 230], [1926, 135], [453, 274], [590, 166], [1549, 111], [293, 88], [625, 66], [1180, 148], [793, 176], [106, 137], [1321, 238], [37, 79], [435, 187], [869, 111]], "mean": 0.004241943359375}