{"vals": [2.953125, 2.140625, 1.90625, 1.328125, 1.2578125, 1.2421875, 1.234375, 1.1875, 1.1640625, 1.1640625, 1.1484375, 1.09375, 1.0859375, 1.0546875, 1.0390625, 1.0234375, 0.9921875, 0.98828125, 0.984375, 0.97265625, 0.953125, 0.93359375, 0.92578125, 0.734375, 0.73046875, 0.7265625, 0.70703125, 0.6953125, 0.69140625, 0.65234375, 0.63671875, 0.6328125, 0.61328125, 0.609375, 0.5859375, 0.5546875, 0.55078125, 0.546875, 0.54296875, 0.53515625, 0.53125, 0.52734375, 0.515625, 0.50390625, 0.49609375, 0.482421875, 0.46875, 0.466796875, 0.451171875, 0.443359375, 0.44140625, 0.43359375, 0.4296875, 0.427734375, 0.423828125, 0.421875, 0.421875, 0.4140625, 0.41015625, 0.408203125, 0.408203125, 0.40625, 0.40625, 0.404296875, 0.404296875, 0.400390625, 0.3984375, 0.39453125, 0.392578125, 0.392578125, 0.384765625, 0.3828125, 0.380859375, 0.375, 0.373046875, 0.37109375, 0.37109375, 0.3671875, 0.3671875, 0.365234375, 0.361328125, 0.361328125, 0.359375, 0.35546875, 0.3515625, 0.3515625, 0.34765625, 0.34765625, 0.345703125, 0.337890625, 0.3359375, 0.3359375, 0.333984375, 0.33203125, 0.33203125, 0.328125, 0.326171875, 0.3203125, 0.31640625, 0.314453125], "inds": [[134, 47], [590, 257], [764, 99], [1722, 71], [1211, 98], [562, 264], [1284, 116], [135, 285], [590, 166], [134, 203], [1748, 247], [289, 217], [1226, 60], [271, 188], [609, 267], [507, 119], [556, 66], [818, 23], [903, 35], [1830, 146], [716, 230], [149, 147], [721, 59], [855, 48], [299, 282], [948, 121], [1530, 23], [1, 16], [724, 169], [1890, 172], [1111, 91], [1103, 34], [459, 279], [158, 82], [307, 167], [918, 73], [590, 170], [704, 299], [721, 189], [289, 242], [645, 194], [140, 25], [1962, 270], [1929, 110], [533, 157], [971, 48], [645, 297], [1748, 255], [111, 151], [343, 65], [106, 140], [721, 55], [599, 45], [249, 154], [134, 177], [134, 48], [818, 24], [1973, 209], [1887, 136], [1415, 64], [1128, 40], [634, 240], [903, 58], [869, 111], [1173, 258], [530, 151], [1092, 26], [972, 39], [47, 26], [1530, 65], [391, 60], [293, 70], [1180, 193], [1154, 20], [1139, 37], [1126, 61], [536, 124], [1882, 18], [1082, 158], [211, 201], [167, 33], [1672, 186], [702, 55], [27, 228], [1320, 74], [46, 226], [1851, 43], [1422, 297], [590, 171], [1043, 252], [517, 108], [479, 17], [1227, 51], [1575, 14], [453, 273], [590, 86], [525, 27], [1861, 225], [903, 71], [1392, 206]], "mean": 0.003662109375}