{"vals": [5.375, 2.203125, 2.09375, 1.875, 1.78125, 1.734375, 1.5390625, 1.4453125, 1.4296875, 1.3515625, 1.328125, 1.296875, 1.2734375, 1.2421875, 1.1875, 1.1171875, 1.0703125, 1.0625, 1.0625, 1.0546875, 1.0390625, 1.03125, 1.015625, 0.9453125, 0.92578125, 0.91015625, 0.875, 0.859375, 0.859375, 0.8359375, 0.81640625, 0.81640625, 0.8125, 0.80859375, 0.7890625, 0.78515625, 0.76953125, 0.76171875, 0.75390625, 0.75390625, 0.75, 0.734375, 0.72265625, 0.71875, 0.7109375, 0.703125, 0.68359375, 0.67578125, 0.66015625, 0.65625, 0.65625, 0.65625, 0.65625, 0.6484375, 0.6484375, 0.64453125, 0.640625, 0.63671875, 0.62890625, 0.62890625, 0.625, 0.61328125, 0.61328125, 0.609375, 0.60546875, 0.59765625, 0.58984375, 0.58984375, 0.58984375, 0.5859375, 0.5859375, 0.5859375, 0.58203125, 0.58203125, 0.5703125, 0.5703125, 0.5703125, 0.55859375, 0.5546875, 0.55078125, 0.55078125, 0.546875, 0.546875, 0.546875, 0.5390625, 0.53515625, 0.52734375, 0.52734375, 0.52734375, 0.52734375, 0.52734375, 0.52734375, 0.52734375, 0.5234375, 0.5234375, 0.5234375, 0.51953125, 0.51953125, 0.515625, 0.515625], "inds": [[69, 130], [1100, 190], [544, 70], [1888, 233], [556, 66], [544, 68], [609, 194], [590, 249], [404, 247], [1944, 159], [1614, 170], [1173, 258], [106, 140], [1631, 261], [1902, 194], [589, 126], [1273, 42], [289, 127], [589, 125], [645, 297], [1092, 26], [782, 146], [79, 110], [20, 34], [329, 244], [69, 84], [445, 159], [677, 31], [228, 291], [1843, 62], [1628, 21], [903, 71], [1942, 193], [329, 225], [1303, 157], [589, 127], [1058, 202], [1410, 48], [404, 279], [609, 267], [985, 33], [1882, 234], [230, 214], [1467, 208], [1691, 154], [910, 224], [1794, 187], [271, 188], [1273, 113], [27, 252], [543, 193], [366, 83], [1811, 295], [1569, 149], [450, 277], [1608, 134], [1517, 281], [1949, 270], [1056, 128], [562, 264], [1298, 216], [1566, 25], [667, 204], [1908, 190], [1560, 52], [1631, 262], [1582, 32], [27, 132], [1092, 131], [721, 189], [717, 199], [1319, 284], [1545, 73], [1759, 67], [363, 269], [678, 56], [1298, 217], [464, 209], [1382, 228], [1081, 122], [35, 105], [289, 242], [1128, 80], [1284, 116], [1253, 120], [5, 88], [418, 26], [308, 267], [574, 178], [1319, 82], [590, 257], [704, 217], [1705, 231], [1730, 133], [1811, 287], [101, 134], [948, 185], [1323, 265], [1705, 244], [464, 205]], "mean": 0.00653076171875}