{"vals": [4.5625, 4.375, 3.71875, 3.53125, 2.71875, 2.359375, 2.15625, 1.9609375, 1.953125, 1.921875, 1.9140625, 1.8828125, 1.828125, 1.7890625, 1.6875, 1.6875, 1.6875, 1.671875, 1.6328125, 1.5859375, 1.5859375, 1.5703125, 1.4375, 1.4296875, 1.4140625, 1.40625, 1.390625, 1.328125, 1.3203125, 1.296875, 1.2890625, 1.265625, 1.1953125, 1.1953125, 1.15625, 1.125, 1.1171875, 1.1015625, 1.0625, 1.015625, 1.0, 0.99609375, 0.984375, 0.95703125, 0.9375, 0.91796875, 0.91015625, 0.91015625, 0.90625, 0.89453125, 0.88671875, 0.87109375, 0.87109375, 0.8671875, 0.85546875, 0.83984375, 0.83984375, 0.8359375, 0.83203125, 0.828125, 0.8125, 0.80078125, 0.80078125, 0.80078125, 0.796875, 0.78515625, 0.78125, 0.77734375, 0.76953125, 0.76171875, 0.75, 0.7421875, 0.73828125, 0.73828125, 0.734375, 0.734375, 0.72265625, 0.71875, 0.71875, 0.71484375, 0.70703125, 0.70703125, 0.703125, 0.703125, 0.703125, 0.69921875, 0.6953125, 0.69140625, 0.69140625, 0.6796875, 0.671875, 0.671875, 0.66796875, 0.66796875, 0.66796875, 0.6640625, 0.6640625, 0.6640625, 0.6640625, 0.66015625], "inds": [[827, 33], [556, 66], [1382, 183], [1902, 194], [1519, 42], [371, 28], [1756, 72], [1489, 95], [104, 172], [1614, 170], [1859, 27], [149, 131], [855, 167], [859, 182], [645, 297], [827, 32], [149, 171], [280, 51], [543, 196], [149, 102], [1564, 83], [106, 137], [140, 25], [418, 26], [1382, 233], [855, 48], [149, 240], [1996, 58], [609, 194], [1497, 272], [1368, 154], [479, 17], [1996, 45], [972, 111], [1532, 141], [1252, 174], [1843, 62], [714, 166], [1962, 242], [910, 23], [149, 207], [948, 121], [299, 130], [910, 175], [590, 240], [1246, 252], [1088, 16], [1759, 258], [1100, 190], [0, 50], [276, 150], [1141, 32], [1530, 23], [1284, 72], [661, 54], [276, 151], [1141, 47], [427, 191], [1992, 26], [1859, 66], [996, 160], [469, 200], [145, 20], [289, 144], [826, 213], [876, 89], [926, 145], [309, 164], [1266, 299], [1651, 35], [910, 176], [1629, 150], [1447, 40], [1566, 37], [0, 34], [827, 31], [302, 224], [1962, 190], [329, 225], [27, 228], [1989, 153], [329, 244], [1284, 206], [289, 160], [1382, 136], [1732, 164], [602, 43], [609, 241], [1271, 79], [515, 152], [474, 264], [1950, 121], [0, 51], [1247, 17], [1741, 188], [101, 54], [543, 193], [528, 169], [1904, 52], [1829, 47]], "mean": 0.006744384765625}