{"vals": [3.953125, 3.375, 3.375, 3.015625, 2.75, 2.703125, 2.46875, 2.375, 2.25, 2.1875, 2.015625, 1.984375, 1.9609375, 1.8671875, 1.8203125, 1.796875, 1.78125, 1.765625, 1.7265625, 1.703125, 1.6875, 1.6328125, 1.6171875, 1.6171875, 1.578125, 1.5703125, 1.5703125, 1.5703125, 1.5234375, 1.5234375, 1.515625, 1.515625, 1.46875, 1.4375, 1.421875, 1.4140625, 1.3984375, 1.3984375, 1.3984375, 1.3828125, 1.375, 1.3671875, 1.359375, 1.34375, 1.34375, 1.3203125, 1.3046875, 1.3046875, 1.3046875, 1.296875, 1.2890625, 1.28125, 1.2734375, 1.2734375, 1.265625, 1.25, 1.2109375, 1.2109375, 1.203125, 1.203125, 1.1953125, 1.1796875, 1.171875, 1.1640625, 1.1640625, 1.15625, 1.1328125, 1.125, 1.109375, 1.109375, 1.1015625, 1.0859375, 1.0859375, 1.078125, 1.078125, 1.0625, 1.0546875, 1.046875, 1.046875, 1.046875, 1.046875, 1.0234375, 1.0234375, 1.0234375, 1.0234375, 1.015625, 1.0078125, 1.0078125, 1.0078125, 1.0, 1.0, 0.9921875, 0.98828125, 0.984375, 0.9765625, 0.96875, 0.96484375, 0.96484375, 0.96484375, 0.96484375], "inds": [[1459, 223], [20, 34], [1880, 40], [1154, 20], [1586, 88], [1253, 137], [958, 12], [1691, 130], [1203, 127], [181, 76], [1094, 39], [1611, 72], [1111, 91], [730, 113], [1077, 18], [1224, 191], [1410, 48], [1212, 20], [56, 78], [402, 130], [1371, 131], [319, 219], [338, 45], [936, 145], [1392, 23], [1091, 26], [1571, 94], [1361, 13], [562, 264], [272, 21], [1991, 62], [754, 69], [1035, 23], [1591, 17], [106, 139], [1111, 90], [595, 249], [609, 211], [625, 45], [658, 66], [1361, 28], [948, 121], [1792, 202], [124, 91], [1419, 221], [1853, 61], [272, 25], [852, 231], [1544, 67], [1390, 184], [1963, 91], [1651, 35], [1172, 55], [1792, 184], [1212, 208], [1161, 43], [1598, 114], [269, 46], [1456, 283], [1669, 37], [1105, 295], [879, 242], [402, 180], [1679, 287], [52, 75], [1428, 157], [1450, 35], [1463, 55], [569, 64], [1331, 121], [121, 70], [499, 25], [662, 246], [1500, 111], [1467, 208], [1990, 252], [1196, 46], [174, 140], [1904, 93], [1988, 60], [1692, 47], [1323, 183], [1956, 46], [140, 93], [556, 66], [106, 140], [280, 51], [1789, 147], [512, 97], [548, 236], [330, 165], [416, 18], [1290, 253], [1163, 20], [239, 55], [1263, 59], [610, 89], [965, 14], [1021, 88], [330, 166]], "mean": 0.0166015625}