{"vals": [9.5625, 6.40625, 6.1875, 4.78125, 4.09375, 3.21875, 2.59375, 2.5, 2.5, 2.46875, 2.421875, 2.328125, 2.28125, 2.25, 2.234375, 2.203125, 2.0625, 1.96875, 1.9453125, 1.8203125, 1.8125, 1.7109375, 1.7109375, 1.6953125, 1.6875, 1.6015625, 1.5703125, 1.5703125, 1.5546875, 1.546875, 1.5078125, 1.5, 1.4921875, 1.4765625, 1.4453125, 1.4296875, 1.421875, 1.4140625, 1.390625, 1.359375, 1.3515625, 1.3203125, 1.2890625, 1.2734375, 1.25, 1.2421875, 1.234375, 1.21875, 1.21875, 1.2109375, 1.2109375, 1.203125, 1.1796875, 1.1796875, 1.171875, 1.171875, 1.1640625, 1.1640625, 1.1640625, 1.1640625, 1.1484375, 1.1484375, 1.125, 1.125, 1.109375, 1.1015625, 1.1015625, 1.09375, 1.09375, 1.09375, 1.0859375, 1.0625, 1.0625, 1.0625, 1.0625, 1.046875, 1.046875, 1.03125, 1.03125, 1.03125, 1.03125, 1.015625, 1.0078125, 1.0078125, 1.0078125, 1.0, 0.9765625, 0.96875, 0.96484375, 0.9609375, 0.9609375, 0.95703125, 0.9453125, 0.9453125, 0.94140625, 0.93359375, 0.9296875, 0.9296875, 0.9296875, 0.92578125], "inds": [[716, 246], [793, 258], [1792, 176], [1382, 238], [1739, 125], [1382, 236], [1314, 182], [1792, 175], [1794, 50], [1180, 148], [730, 244], [1372, 180], [106, 121], [1887, 136], [1416, 28], [885, 197], [1680, 36], [307, 168], [1377, 38], [556, 66], [171, 70], [139, 247], [1623, 141], [35, 79], [71, 86], [948, 121], [272, 21], [682, 25], [627, 151], [52, 199], [1372, 179], [72, 141], [1169, 19], [1320, 87], [100, 244], [141, 298], [972, 106], [1368, 150], [319, 50], [1722, 66], [1304, 161], [1303, 123], [1806, 293], [1463, 282], [98, 33], [793, 257], [679, 21], [459, 279], [1361, 213], [1372, 186], [1531, 193], [562, 264], [1091, 143], [4, 33], [512, 97], [1973, 209], [1284, 116], [1329, 76], [1531, 291], [605, 21], [801, 183], [1792, 172], [1371, 131], [1315, 31], [319, 207], [1382, 183], [945, 281], [849, 105], [1650, 139], [1280, 40], [1725, 39], [679, 137], [375, 273], [27, 142], [1328, 57], [936, 145], [853, 56], [1997, 107], [913, 29], [271, 247], [801, 207], [1531, 111], [1382, 198], [1372, 182], [1397, 23], [1298, 217], [651, 100], [544, 70], [497, 278], [1991, 62], [1651, 256], [609, 267], [480, 20], [1774, 236], [1714, 95], [520, 34], [1890, 172], [1684, 47], [1382, 143], [1841, 192]], "mean": 0.015869140625}