{"vals": [5.21875, 4.3125, 2.375, 2.25, 2.21875, 1.734375, 1.6875, 1.5625, 1.53125, 1.4765625, 1.453125, 1.4453125, 1.421875, 1.3125, 1.28125, 1.234375, 1.2265625, 1.1953125, 1.1875, 1.1796875, 1.1484375, 1.140625, 1.0390625, 1.0390625, 1.0078125, 1.0, 0.984375, 0.96484375, 0.94921875, 0.87109375, 0.86328125, 0.85546875, 0.84375, 0.8359375, 0.828125, 0.8125, 0.78125, 0.76171875, 0.75390625, 0.75, 0.7421875, 0.73046875, 0.7265625, 0.7109375, 0.703125, 0.703125, 0.69921875, 0.6953125, 0.69140625, 0.6875, 0.68359375, 0.67578125, 0.67578125, 0.67578125, 0.671875, 0.66015625, 0.64453125, 0.64453125, 0.640625, 0.6328125, 0.61328125, 0.609375, 0.58984375, 0.58984375, 0.58984375, 0.578125, 0.578125, 0.57421875, 0.5703125, 0.56640625, 0.5625, 0.5625, 0.5625, 0.55859375, 0.55078125, 0.5390625, 0.53515625, 0.52734375, 0.52734375, 0.5234375, 0.51953125, 0.51953125, 0.515625, 0.515625, 0.515625, 0.515625, 0.5078125, 0.5078125, 0.50390625, 0.50390625, 0.49609375, 0.490234375, 0.486328125, 0.484375, 0.482421875, 0.48046875, 0.48046875, 0.474609375, 0.47265625, 0.46484375], "inds": [[589, 110], [511, 88], [222, 60], [589, 101], [589, 127], [1327, 298], [589, 126], [589, 125], [802, 34], [590, 171], [177, 70], [1422, 281], [1941, 172], [579, 88], [589, 104], [948, 185], [556, 105], [1284, 116], [1422, 283], [406, 291], [590, 140], [856, 12], [634, 240], [589, 100], [289, 242], [355, 113], [134, 204], [37, 182], [1947, 283], [569, 200], [1811, 56], [67, 111], [1772, 119], [1323, 265], [757, 212], [1382, 177], [590, 249], [589, 124], [1926, 290], [517, 252], [355, 130], [952, 134], [1430, 106], [847, 262], [855, 33], [589, 111], [910, 56], [1234, 152], [766, 160], [641, 145], [404, 247], [350, 35], [1128, 210], [845, 275], [1422, 284], [1318, 120], [1410, 48], [1564, 83], [1614, 170], [562, 264], [1422, 277], [1300, 88], [1803, 198], [1890, 249], [1143, 109], [1769, 203], [107, 243], [716, 53], [1032, 49], [1969, 99], [817, 205], [589, 130], [589, 99], [1923, 242], [918, 175], [1535, 208], [271, 244], [1868, 77], [561, 193], [319, 136], [406, 196], [1569, 149], [512, 109], [289, 217], [1564, 154], [576, 99], [319, 123], [716, 107], [1207, 270], [874, 50], [793, 176], [590, 166], [589, 128], [1069, 125], [469, 236], [84, 89], [43, 124], [355, 136], [1639, 158], [590, 162]], "mean": 0.00714111328125}