{"vals": [3.484375, 2.8125, 2.40625, 2.40625, 1.9609375, 1.84375, 1.7578125, 1.5546875, 1.4453125, 1.421875, 1.3828125, 1.3125, 1.296875, 1.2734375, 1.25, 1.2265625, 1.203125, 1.171875, 1.140625, 1.125, 1.09375, 1.046875, 1.03125, 1.0078125, 1.0078125, 1.0, 0.98828125, 0.9453125, 0.94140625, 0.9375, 0.921875, 0.91796875, 0.89453125, 0.87890625, 0.86328125, 0.859375, 0.83984375, 0.8359375, 0.828125, 0.80859375, 0.80078125, 0.80078125, 0.79296875, 0.76953125, 0.765625, 0.76171875, 0.71875, 0.71484375, 0.71484375, 0.703125, 0.703125, 0.6953125, 0.68359375, 0.68359375, 0.68359375, 0.6796875, 0.6796875, 0.67578125, 0.67578125, 0.671875, 0.6640625, 0.6640625, 0.640625, 0.6328125, 0.625, 0.6171875, 0.61328125, 0.609375, 0.60546875, 0.59765625, 0.59375, 0.58984375, 0.58984375, 0.58203125, 0.58203125, 0.578125, 0.55859375, 0.55859375, 0.55859375, 0.55859375, 0.55859375, 0.5546875, 0.5546875, 0.55078125, 0.546875, 0.546875, 0.54296875, 0.5390625, 0.5390625, 0.53515625, 0.53515625, 0.52734375, 0.5234375, 0.51953125, 0.5078125, 0.5078125, 0.5078125, 0.50390625, 0.5, 0.498046875], "inds": [[1944, 159], [1997, 110], [149, 183], [910, 280], [1942, 193], [1843, 62], [406, 196], [149, 80], [355, 130], [1949, 270], [1942, 195], [1564, 154], [716, 53], [1748, 181], [106, 121], [1801, 204], [407, 101], [1748, 232], [149, 147], [590, 249], [1614, 181], [1415, 102], [579, 88], [892, 79], [1832, 146], [831, 151], [1890, 264], [404, 279], [562, 274], [1890, 249], [1902, 194], [579, 157], [1327, 220], [865, 243], [70, 192], [149, 197], [1284, 116], [1832, 145], [645, 194], [1748, 138], [1639, 73], [1327, 219], [1943, 158], [1614, 197], [435, 202], [926, 145], [590, 240], [1238, 31], [454, 31], [329, 225], [1982, 18], [103, 252], [1298, 201], [72, 230], [1679, 60], [1237, 142], [149, 289], [1614, 291], [625, 45], [716, 135], [1069, 125], [1296, 26], [1092, 214], [1237, 150], [1304, 161], [1688, 182], [106, 112], [1128, 212], [1614, 241], [543, 51], [1594, 205], [1202, 194], [1303, 148], [1768, 64], [933, 69], [1948, 43], [498, 222], [793, 233], [27, 257], [1770, 64], [289, 217], [1238, 89], [1022, 44], [308, 267], [716, 107], [1298, 216], [1726, 72], [1237, 141], [1626, 55], [716, 178], [1859, 66], [963, 155], [963, 124], [1691, 130], [1148, 272], [130, 198], [590, 291], [1614, 256], [824, 105], [289, 242]], "mean": 0.004791259765625}