{"vals": [4.34375, 2.59375, 2.59375, 2.53125, 2.1875, 1.6953125, 1.5234375, 1.375, 1.3515625, 1.3203125, 1.2578125, 1.2421875, 1.234375, 1.2109375, 1.1640625, 1.1640625, 1.1484375, 1.140625, 1.140625, 1.1328125, 1.1328125, 1.1328125, 1.125, 1.1171875, 1.1171875, 1.1015625, 1.078125, 1.078125, 1.0390625, 1.0390625, 1.015625, 0.98046875, 0.98046875, 0.9609375, 0.9609375, 0.953125, 0.9375, 0.9375, 0.92578125, 0.8984375, 0.89453125, 0.87109375, 0.8671875, 0.859375, 0.84765625, 0.83984375, 0.83984375, 0.828125, 0.828125, 0.8125, 0.8046875, 0.8046875, 0.8046875, 0.80078125, 0.80078125, 0.796875, 0.7734375, 0.765625, 0.7578125, 0.75390625, 0.74609375, 0.74609375, 0.73828125, 0.73828125, 0.734375, 0.734375, 0.734375, 0.734375, 0.734375, 0.7265625, 0.7265625, 0.72265625, 0.72265625, 0.71484375, 0.71484375, 0.7109375, 0.7109375, 0.70703125, 0.70703125, 0.70703125, 0.703125, 0.69921875, 0.6953125, 0.6875, 0.6796875, 0.6796875, 0.6796875, 0.67578125, 0.6640625, 0.66015625, 0.65234375, 0.64453125, 0.64453125, 0.64453125, 0.64453125, 0.640625, 0.63671875, 0.6328125, 0.6328125, 0.62890625], "inds": [[1013, 14], [149, 147], [609, 267], [645, 297], [1056, 129], [20, 34], [149, 183], [1811, 56], [1111, 91], [1371, 131], [149, 80], [1410, 48], [1991, 62], [1904, 79], [479, 17], [818, 180], [1428, 153], [1497, 272], [100, 258], [1395, 16], [1069, 125], [1173, 258], [562, 264], [1288, 19], [289, 162], [1180, 70], [1128, 40], [589, 125], [818, 163], [501, 85], [1646, 162], [1608, 134], [867, 260], [386, 179], [1382, 183], [1139, 56], [1993, 36], [625, 45], [538, 76], [1822, 189], [1591, 105], [149, 131], [172, 247], [1531, 111], [1204, 92], [818, 182], [1657, 248], [1489, 95], [1756, 72], [1796, 95], [948, 185], [446, 99], [271, 188], [1726, 295], [1048, 45], [1428, 48], [919, 212], [1614, 241], [945, 220], [1888, 233], [1042, 36], [1319, 285], [1025, 88], [1985, 60], [1281, 93], [952, 170], [167, 114], [1811, 74], [204, 83], [1267, 156], [1322, 191], [589, 126], [1305, 57], [1580, 71], [677, 31], [307, 167], [1943, 261], [626, 182], [599, 278], [1575, 219], [1691, 133], [395, 115], [1646, 163], [1927, 268], [948, 121], [679, 21], [435, 202], [1694, 49], [852, 231], [43, 89], [1397, 23], [480, 20], [1582, 32], [329, 225], [894, 36], [1691, 233], [1255, 197], [963, 28], [767, 26], [1267, 215]], "mean": 0.01129150390625}