{"vals": [5.125, 1.4140625, 1.3671875, 1.3359375, 1.2421875, 1.2265625, 1.171875, 1.15625, 1.140625, 1.140625, 1.125, 1.0234375, 1.0, 0.94140625, 0.92578125, 0.890625, 0.875, 0.8671875, 0.8359375, 0.796875, 0.75, 0.7421875, 0.73046875, 0.73046875, 0.72265625, 0.71875, 0.7109375, 0.671875, 0.66796875, 0.66015625, 0.64453125, 0.640625, 0.63671875, 0.62890625, 0.6171875, 0.6171875, 0.609375, 0.60546875, 0.60546875, 0.6015625, 0.58984375, 0.5859375, 0.58203125, 0.57421875, 0.5703125, 0.5546875, 0.55078125, 0.55078125, 0.546875, 0.546875, 0.546875, 0.54296875, 0.54296875, 0.5390625, 0.5390625, 0.53515625, 0.53125, 0.52734375, 0.5234375, 0.5234375, 0.51953125, 0.51171875, 0.5078125, 0.5, 0.498046875, 0.494140625, 0.4921875, 0.484375, 0.478515625, 0.478515625, 0.478515625, 0.478515625, 0.47265625, 0.470703125, 0.466796875, 0.46484375, 0.45703125, 0.455078125, 0.453125, 0.453125, 0.451171875, 0.447265625, 0.447265625, 0.4453125, 0.443359375, 0.443359375, 0.443359375, 0.4375, 0.435546875, 0.43359375, 0.423828125, 0.423828125, 0.419921875, 0.419921875, 0.416015625, 0.416015625, 0.416015625, 0.4140625, 0.40625, 0.404296875], "inds": [[289, 242], [589, 125], [1111, 91], [1321, 238], [1100, 190], [562, 264], [1566, 62], [1861, 225], [404, 279], [589, 126], [1103, 230], [1811, 56], [1381, 119], [714, 296], [1253, 120], [1074, 151], [1843, 62], [667, 297], [905, 133], [948, 121], [517, 252], [289, 127], [1298, 216], [818, 163], [424, 214], [904, 175], [722, 196], [1058, 202], [1011, 92], [389, 182], [289, 162], [831, 282], [1267, 156], [818, 180], [1210, 294], [406, 257], [149, 289], [1756, 72], [1430, 106], [1103, 231], [1950, 195], [1724, 175], [1303, 157], [1056, 129], [350, 135], [289, 286], [289, 160], [589, 124], [1103, 289], [918, 175], [204, 78], [329, 225], [1202, 254], [1103, 180], [1111, 90], [1594, 292], [1180, 154], [910, 293], [1103, 232], [1100, 173], [1614, 264], [645, 297], [50, 204], [852, 231], [617, 99], [556, 66], [1539, 94], [27, 257], [1204, 92], [1284, 116], [1492, 297], [222, 44], [788, 185], [1385, 238], [1631, 208], [1588, 128], [1585, 211], [289, 287], [1811, 258], [543, 193], [589, 127], [1635, 189], [424, 207], [1627, 206], [1371, 131], [428, 66], [1541, 216], [35, 79], [389, 241], [1594, 205], [1699, 86], [1100, 189], [1859, 266], [1829, 251], [289, 144], [590, 291], [1081, 122], [904, 176], [1284, 171], [948, 255]], "mean": 0.00665283203125}