{"vals": [4.25, 4.15625, 3.890625, 3.375, 3.140625, 2.953125, 2.71875, 2.671875, 2.609375, 2.5625, 2.46875, 2.4375, 2.234375, 2.21875, 2.1875, 2.140625, 2.078125, 1.9921875, 1.9765625, 1.8984375, 1.8671875, 1.8515625, 1.8359375, 1.8359375, 1.8125, 1.765625, 1.765625, 1.71875, 1.703125, 1.703125, 1.671875, 1.640625, 1.6328125, 1.609375, 1.578125, 1.578125, 1.578125, 1.5625, 1.5546875, 1.546875, 1.5234375, 1.4921875, 1.4921875, 1.421875, 1.421875, 1.3828125, 1.3515625, 1.3203125, 1.296875, 1.296875, 1.2890625, 1.28125, 1.2734375, 1.265625, 1.2578125, 1.2421875, 1.2421875, 1.234375, 1.21875, 1.21875, 1.21875, 1.171875, 1.15625, 1.15625, 1.1328125, 1.125, 1.1171875, 1.109375, 1.1015625, 1.0859375, 1.0859375, 1.078125, 1.0703125, 1.0703125, 1.0546875, 1.046875, 1.046875, 1.0390625, 1.03125, 1.03125, 1.0234375, 1.0234375, 1.0234375, 1.015625, 1.0078125, 1.0078125, 1.0, 0.98828125, 0.98828125, 0.984375, 0.98046875, 0.96484375, 0.9609375, 0.95703125, 0.95703125, 0.94921875, 0.94140625, 0.94140625, 0.9375, 0.9375], "inds": [[319, 50], [1623, 94], [831, 151], [1623, 93], [903, 35], [271, 188], [450, 51], [1111, 90], [1238, 91], [681, 129], [1566, 62], [1111, 91], [1253, 120], [1669, 140], [1741, 199], [779, 65], [1474, 122], [971, 50], [1808, 26], [1811, 239], [1284, 127], [779, 115], [1379, 253], [294, 275], [438, 123], [609, 97], [27, 120], [450, 176], [1432, 212], [903, 102], [1303, 91], [149, 171], [667, 279], [865, 243], [1128, 212], [405, 43], [721, 285], [1319, 284], [1070, 299], [903, 104], [1303, 143], [1236, 11], [963, 208], [1887, 136], [1210, 274], [1298, 264], [1382, 235], [1708, 71], [1202, 254], [350, 35], [1371, 131], [1891, 71], [1795, 46], [1792, 93], [1960, 116], [1298, 216], [517, 156], [905, 133], [1897, 110], [131, 112], [1979, 259], [1880, 40], [1811, 56], [1410, 48], [905, 159], [1983, 145], [1128, 102], [1081, 228], [1691, 181], [100, 244], [1699, 19], [903, 84], [1996, 58], [779, 90], [1298, 265], [27, 279], [1235, 15], [1822, 129], [1467, 206], [1407, 206], [1558, 160], [1718, 30], [1983, 194], [1959, 127], [1611, 72], [49, 49], [479, 17], [1259, 265], [1128, 210], [1436, 20], [443, 233], [789, 28], [1039, 68], [5, 86], [289, 242], [1792, 178], [936, 243], [1056, 129], [1894, 225], [1170, 211]], "mean": 0.01422119140625}