{"vals": [9.25, 8.3125, 7.09375, 5.96875, 5.28125, 5.21875, 4.78125, 3.515625, 3.3125, 3.265625, 3.203125, 3.15625, 3.03125, 2.96875, 2.828125, 2.828125, 2.78125, 2.75, 2.734375, 2.625, 2.625, 2.59375, 2.578125, 2.5625, 2.546875, 2.453125, 2.421875, 2.359375, 2.28125, 2.25, 2.234375, 2.21875, 2.171875, 2.03125, 2.03125, 2.0, 1.953125, 1.9453125, 1.9453125, 1.9375, 1.8828125, 1.8828125, 1.828125, 1.7578125, 1.734375, 1.71875, 1.71875, 1.703125, 1.65625, 1.6328125, 1.625, 1.6171875, 1.6171875, 1.578125, 1.5703125, 1.5546875, 1.5546875, 1.5390625, 1.53125, 1.5234375, 1.515625, 1.5, 1.4921875, 1.4765625, 1.46875, 1.46875, 1.4609375, 1.453125, 1.4453125, 1.4375, 1.421875, 1.4140625, 1.3984375, 1.390625, 1.390625, 1.3828125, 1.375, 1.359375, 1.359375, 1.3125, 1.3046875, 1.2890625, 1.28125, 1.28125, 1.2734375, 1.265625, 1.265625, 1.265625, 1.2578125, 1.2578125, 1.234375, 1.2265625, 1.21875, 1.2109375, 1.2109375, 1.2109375, 1.2109375, 1.203125, 1.1953125, 1.1875], "inds": [[1188, 261], [714, 296], [355, 130], [1811, 290], [1188, 148], [590, 224], [4, 234], [1188, 219], [1944, 159], [1092, 214], [589, 110], [589, 140], [1943, 158], [590, 232], [589, 101], [590, 240], [590, 257], [454, 262], [149, 268], [793, 176], [355, 136], [714, 293], [1210, 280], [1173, 287], [1594, 205], [1851, 43], [1045, 58], [560, 199], [528, 214], [1428, 166], [714, 290], [1443, 165], [757, 212], [599, 150], [289, 228], [549, 60], [1406, 115], [590, 158], [590, 241], [1103, 190], [1238, 91], [1188, 151], [1459, 287], [590, 169], [589, 142], [1172, 190], [816, 186], [1232, 269], [1996, 201], [289, 187], [960, 65], [714, 264], [355, 113], [238, 197], [1273, 42], [344, 245], [992, 152], [1890, 265], [355, 129], [589, 139], [714, 263], [404, 279], [589, 118], [712, 295], [992, 174], [1698, 109], [589, 138], [1811, 296], [1996, 187], [1208, 261], [408, 156], [988, 233], [1173, 294], [926, 227], [1011, 284], [1949, 270], [994, 52], [589, 141], [1890, 238], [589, 114], [1890, 239], [1188, 267], [1243, 297], [298, 219], [1741, 223], [1313, 231], [645, 260], [907, 174], [1623, 128], [1173, 290], [1747, 49], [945, 220], [1092, 254], [1111, 274], [589, 100], [590, 171], [289, 167], [1890, 226], [528, 169], [1313, 294]], "mean": 0.005401611328125}