{"vals": [8.8125, 7.8125, 5.71875, 4.96875, 4.9375, 4.875, 4.875, 4.78125, 4.4375, 4.4375, 4.40625, 4.375, 4.21875, 4.125, 4.03125, 4.03125, 4.0, 3.90625, 3.84375, 3.765625, 3.71875, 3.6875, 3.609375, 3.515625, 3.390625, 3.359375, 3.34375, 3.296875, 3.25, 3.25, 3.21875, 3.21875, 3.171875, 3.140625, 3.109375, 3.09375, 3.046875, 3.03125, 2.96875, 2.875, 2.84375, 2.8125, 2.8125, 2.78125, 2.765625, 2.71875, 2.6875, 2.671875, 2.609375, 2.609375, 2.59375, 2.5625, 2.5625, 2.53125, 2.53125, 2.515625, 2.5, 2.484375, 2.484375, 2.46875, 2.453125, 2.453125, 2.4375, 2.421875, 2.390625, 2.375, 2.359375, 2.328125, 2.3125, 2.3125, 2.3125, 2.296875, 2.28125, 2.28125, 2.265625, 2.25, 2.25, 2.25, 2.234375, 2.234375, 2.234375, 2.234375, 2.21875, 2.203125, 2.203125, 2.203125, 2.203125, 2.1875, 2.1875, 2.171875, 2.15625, 2.140625, 2.125, 2.109375, 2.109375, 2.109375, 2.09375, 2.078125, 2.078125, 2.0625], "inds": [[404, 245], [293, 225], [826, 263], [37, 163], [1384, 296], [1303, 143], [724, 263], [271, 282], [590, 214], [404, 248], [1990, 238], [402, 255], [1418, 171], [992, 178], [1796, 99], [813, 291], [182, 114], [1452, 260], [554, 236], [1205, 263], [590, 250], [459, 199], [590, 212], [271, 188], [1467, 214], [590, 284], [426, 275], [972, 284], [1887, 136], [1452, 252], [1204, 164], [1111, 295], [817, 188], [121, 106], [1312, 205], [469, 201], [971, 50], [1371, 131], [1069, 125], [528, 200], [1312, 206], [1452, 253], [1705, 244], [1042, 114], [1204, 162], [1313, 281], [227, 72], [712, 258], [590, 229], [72, 207], [1471, 134], [293, 135], [1091, 147], [590, 276], [418, 216], [1796, 100], [1187, 152], [543, 292], [1596, 263], [1260, 235], [554, 241], [867, 148], [1074, 76], [910, 183], [816, 186], [590, 207], [289, 228], [1141, 256], [100, 244], [1368, 276], [826, 260], [1594, 288], [1944, 266], [72, 248], [540, 175], [590, 245], [469, 237], [293, 227], [590, 208], [590, 257], [609, 267], [5, 211], [1467, 208], [1303, 91], [402, 158], [1890, 196], [1996, 161], [35, 79], [816, 234], [455, 284], [1092, 128], [1298, 242], [121, 107], [643, 260], [1902, 194], [72, 195], [1920, 245], [869, 206], [768, 291], [1890, 291]], "mean": 0.0289306640625}