{"vals": [2.421875, 2.40625, 2.375, 2.203125, 1.8359375, 1.3125, 1.296875, 1.2109375, 1.2109375, 1.140625, 1.09375, 1.0078125, 0.9453125, 0.91015625, 0.90625, 0.85546875, 0.83984375, 0.82421875, 0.8203125, 0.78515625, 0.76953125, 0.7578125, 0.74609375, 0.73828125, 0.71875, 0.71484375, 0.7109375, 0.70703125, 0.703125, 0.69140625, 0.69140625, 0.66796875, 0.6640625, 0.66015625, 0.65234375, 0.6484375, 0.640625, 0.63671875, 0.63671875, 0.63671875, 0.63671875, 0.62109375, 0.6171875, 0.6171875, 0.6171875, 0.61328125, 0.609375, 0.60546875, 0.6015625, 0.6015625, 0.6015625, 0.6015625, 0.59765625, 0.59375, 0.59375, 0.58984375, 0.5859375, 0.58203125, 0.578125, 0.5703125, 0.56640625, 0.5625, 0.55859375, 0.5546875, 0.5546875, 0.546875, 0.54296875, 0.54296875, 0.54296875, 0.54296875, 0.5390625, 0.5390625, 0.5390625, 0.5390625, 0.53515625, 0.53515625, 0.53515625, 0.53125, 0.53125, 0.52734375, 0.5234375, 0.5234375, 0.51953125, 0.51953125, 0.515625, 0.51171875, 0.5078125, 0.5078125, 0.5078125, 0.50390625, 0.5, 0.498046875, 0.49609375, 0.494140625, 0.494140625, 0.4921875, 0.490234375, 0.490234375, 0.486328125, 0.486328125], "inds": [[1843, 62], [948, 185], [1792, 176], [43, 239], [562, 264], [1467, 188], [679, 21], [319, 50], [831, 282], [1726, 75], [828, 212], [1313, 251], [942, 236], [1517, 281], [903, 84], [1880, 40], [645, 194], [1808, 26], [241, 241], [1337, 129], [1839, 258], [948, 121], [890, 111], [918, 62], [149, 289], [1806, 293], [193, 295], [918, 88], [149, 102], [766, 146], [1705, 231], [1499, 184], [1617, 196], [299, 282], [1890, 187], [927, 40], [492, 187], [289, 127], [1467, 205], [689, 243], [905, 164], [1298, 131], [905, 160], [168, 165], [1789, 202], [561, 193], [1687, 228], [5, 86], [377, 115], [139, 247], [1064, 169], [3, 221], [1623, 91], [905, 133], [609, 267], [364, 120], [1404, 248], [1531, 98], [1211, 46], [480, 277], [1170, 211], [895, 236], [1341, 80], [1114, 58], [1696, 218], [702, 55], [546, 19], [1095, 120], [1210, 294], [905, 159], [1310, 223], [1475, 163], [948, 140], [638, 153], [1486, 221], [1635, 99], [1407, 169], [1635, 100], [1414, 267], [1434, 142], [1891, 71], [293, 114], [1617, 193], [1385, 280], [692, 48], [148, 58], [1935, 73], [1092, 128], [167, 33], [903, 233], [492, 192], [1534, 142], [1467, 206], [643, 242], [103, 252], [1160, 168], [159, 62], [1902, 161], [766, 160], [180, 139]], "mean": 0.008544921875}