{"vals": [11.4375, 9.6875, 6.125, 3.328125, 3.234375, 3.125, 3.078125, 2.96875, 2.90625, 2.875, 2.734375, 2.625, 2.609375, 2.59375, 2.421875, 2.359375, 2.234375, 2.140625, 2.09375, 2.078125, 1.9375, 1.9375, 1.921875, 1.8984375, 1.8828125, 1.875, 1.8515625, 1.828125, 1.7734375, 1.7734375, 1.7421875, 1.6640625, 1.6640625, 1.65625, 1.640625, 1.640625, 1.5703125, 1.5546875, 1.5078125, 1.5078125, 1.5, 1.46875, 1.4609375, 1.4609375, 1.4375, 1.40625, 1.3828125, 1.3828125, 1.3671875, 1.328125, 1.3203125, 1.2890625, 1.2890625, 1.2890625, 1.2734375, 1.2734375, 1.2734375, 1.265625, 1.265625, 1.265625, 1.2578125, 1.2578125, 1.25, 1.234375, 1.234375, 1.2265625, 1.2109375, 1.1875, 1.171875, 1.171875, 1.1640625, 1.15625, 1.1484375, 1.1328125, 1.1328125, 1.125, 1.1171875, 1.1015625, 1.1015625, 1.0859375, 1.078125, 1.078125, 1.078125, 1.0703125, 1.0703125, 1.0625, 1.0546875, 1.0546875, 1.046875, 1.0390625, 1.015625, 1.015625, 1.015625, 1.0078125, 0.99609375, 0.9921875, 0.9921875, 0.98828125, 0.984375, 0.98046875], "inds": [[115, 207], [1205, 293], [289, 242], [626, 182], [1320, 115], [1942, 195], [1208, 214], [1705, 183], [307, 168], [590, 232], [451, 236], [1320, 74], [1997, 110], [816, 188], [1320, 76], [1594, 205], [1851, 45], [1790, 216], [1103, 232], [1303, 179], [233, 147], [435, 202], [1944, 159], [1594, 284], [562, 274], [1081, 228], [829, 251], [1943, 158], [562, 264], [1852, 157], [1942, 193], [1951, 94], [1459, 223], [307, 254], [609, 267], [245, 227], [1070, 299], [1320, 53], [1116, 233], [1238, 288], [858, 256], [1811, 296], [1832, 134], [1706, 103], [289, 162], [1890, 264], [1532, 141], [556, 66], [289, 160], [1832, 146], [948, 121], [589, 91], [1383, 210], [918, 175], [1468, 71], [1843, 108], [590, 162], [1951, 93], [427, 268], [1878, 111], [1972, 103], [289, 283], [1428, 81], [1909, 58], [391, 70], [115, 193], [859, 80], [1718, 204], [1103, 192], [910, 59], [1832, 145], [329, 225], [501, 85], [952, 170], [658, 298], [855, 113], [289, 217], [1518, 232], [455, 182], [1208, 283], [1320, 82], [426, 145], [1950, 240], [402, 164], [1467, 206], [35, 79], [569, 264], [1951, 245], [534, 287], [855, 81], [1949, 270], [536, 268], [829, 218], [847, 262], [1059, 78], [801, 106], [606, 166], [1382, 183], [1748, 291], [630, 93]], "mean": 0.01055908203125}