{"vals": [5.375, 4.03125, 3.96875, 3.8125, 2.875, 2.65625, 2.59375, 2.546875, 2.46875, 2.421875, 2.109375, 2.0, 1.9375, 1.9375, 1.875, 1.8359375, 1.7890625, 1.7578125, 1.7265625, 1.7109375, 1.625, 1.6015625, 1.5703125, 1.515625, 1.453125, 1.421875, 1.3828125, 1.34375, 1.3359375, 1.328125, 1.3203125, 1.3046875, 1.296875, 1.296875, 1.296875, 1.265625, 1.25, 1.234375, 1.2265625, 1.2265625, 1.2265625, 1.1796875, 1.1640625, 1.15625, 1.15625, 1.15625, 1.15625, 1.140625, 1.140625, 1.140625, 1.125, 1.1015625, 1.1015625, 1.0859375, 1.0859375, 1.078125, 1.0703125, 1.0703125, 1.0703125, 1.0625, 1.046875, 1.046875, 1.0390625, 1.03125, 1.03125, 1.0078125, 1.0078125, 1.0078125, 1.0078125, 0.9921875, 0.9765625, 0.97265625, 0.94921875, 0.94140625, 0.94140625, 0.9375, 0.9375, 0.93359375, 0.93359375, 0.93359375, 0.93359375, 0.921875, 0.90625, 0.88671875, 0.88671875, 0.87890625, 0.87890625, 0.8671875, 0.859375, 0.85546875, 0.8515625, 0.84375, 0.83984375, 0.83984375, 0.83984375, 0.8359375, 0.83203125, 0.82421875, 0.82421875, 0.8125], "inds": [[1432, 116], [1056, 129], [517, 129], [1888, 133], [459, 279], [1664, 142], [160, 50], [1432, 156], [72, 230], [1997, 110], [667, 279], [760, 297], [1013, 14], [1120, 120], [1474, 122], [702, 47], [134, 47], [1517, 281], [1432, 159], [282, 171], [818, 163], [405, 92], [1058, 202], [1891, 71], [1298, 114], [72, 196], [709, 213], [289, 127], [1139, 56], [480, 128], [466, 268], [475, 291], [160, 45], [1103, 275], [821, 286], [769, 228], [1582, 32], [1135, 295], [1056, 128], [1759, 67], [1411, 224], [655, 202], [562, 265], [1852, 157], [754, 241], [1333, 113], [1614, 170], [201, 160], [134, 45], [659, 185], [544, 149], [1113, 201], [1407, 133], [106, 140], [1432, 172], [702, 78], [890, 40], [634, 240], [1672, 239], [634, 241], [655, 252], [760, 157], [1888, 66], [702, 55], [846, 35], [1435, 200], [1993, 238], [402, 57], [883, 28], [791, 77], [176, 66], [1614, 264], [289, 242], [1243, 204], [1320, 74], [838, 177], [711, 271], [664, 161], [1741, 232], [1780, 299], [1343, 35], [1474, 103], [702, 61], [367, 109], [479, 274], [1219, 128], [1500, 111], [1267, 215], [709, 232], [667, 278], [1744, 264], [1389, 197], [667, 277], [160, 48], [355, 91], [1628, 21], [1294, 197], [1085, 164], [1744, 263], [999, 245]], "mean": 0.0081787109375}