{"vals": [8.875, 6.96875, 6.875, 6.78125, 5.84375, 5.8125, 5.5625, 5.53125, 5.21875, 5.15625, 4.96875, 4.9375, 4.8125, 4.8125, 4.34375, 4.25, 4.1875, 4.09375, 4.09375, 4.0, 3.890625, 3.875, 3.8125, 3.703125, 3.5625, 3.546875, 3.546875, 3.46875, 3.4375, 3.421875, 3.421875, 3.28125, 3.25, 3.234375, 3.21875, 3.203125, 3.203125, 3.0, 3.0, 2.984375, 2.921875, 2.921875, 2.921875, 2.90625, 2.828125, 2.703125, 2.625, 2.5625, 2.546875, 2.484375, 2.46875, 2.453125, 2.453125, 2.453125, 2.375, 2.375, 2.359375, 2.34375, 2.328125, 2.328125, 2.3125, 2.265625, 2.234375, 2.234375, 2.21875, 2.203125, 2.1875, 2.15625, 2.15625, 2.15625, 2.140625, 2.125, 2.125, 2.109375, 2.109375, 2.109375, 2.109375, 2.09375, 2.09375, 2.03125, 2.015625, 2.015625, 2.0, 1.96875, 1.9453125, 1.9296875, 1.921875, 1.921875, 1.90625, 1.8984375, 1.890625, 1.875, 1.875, 1.8515625, 1.8515625, 1.84375, 1.828125, 1.828125, 1.828125, 1.828125], "inds": [[103, 252], [1748, 56], [716, 53], [149, 147], [149, 119], [1331, 19], [716, 70], [1948, 43], [149, 183], [1748, 73], [1321, 238], [149, 197], [149, 90], [293, 33], [963, 124], [1022, 44], [22, 16], [1545, 20], [1748, 201], [579, 88], [716, 198], [329, 259], [1748, 89], [1268, 20], [423, 254], [149, 80], [892, 79], [716, 246], [716, 86], [1532, 53], [1298, 217], [35, 79], [556, 66], [1335, 47], [716, 135], [1748, 138], [1811, 272], [1639, 112], [407, 101], [1741, 191], [948, 185], [1614, 197], [1154, 20], [1691, 130], [293, 56], [1253, 157], [1904, 52], [1748, 232], [1275, 115], [255, 208], [1581, 16], [1904, 50], [1564, 154], [1748, 181], [1383, 21], [1566, 25], [1623, 141], [1180, 154], [1204, 92], [1859, 66], [651, 268], [963, 249], [319, 67], [268, 72], [1614, 181], [1792, 174], [831, 151], [543, 51], [1467, 188], [1614, 264], [630, 39], [100, 244], [20, 58], [1532, 38], [1284, 116], [676, 27], [1997, 110], [1296, 26], [1948, 42], [1287, 45], [1614, 241], [1069, 125], [1382, 198], [948, 121], [1237, 142], [1207, 40], [134, 79], [862, 72], [645, 208], [974, 251], [590, 224], [498, 273], [722, 61], [905, 164], [27, 252], [1859, 43], [27, 240], [1768, 64], [329, 225], [5, 44]], "mean": 0.03076171875}