{"vals": [5.46875, 4.65625, 4.1875, 3.46875, 3.078125, 3.03125, 3.015625, 2.59375, 2.296875, 2.1875, 2.109375, 2.015625, 1.9375, 1.9375, 1.8359375, 1.8203125, 1.703125, 1.6484375, 1.640625, 1.609375, 1.6015625, 1.59375, 1.5859375, 1.5703125, 1.5703125, 1.546875, 1.5390625, 1.5234375, 1.4921875, 1.4609375, 1.4609375, 1.4453125, 1.4453125, 1.4296875, 1.3984375, 1.3984375, 1.3828125, 1.375, 1.375, 1.3203125, 1.296875, 1.28125, 1.2421875, 1.2421875, 1.234375, 1.21875, 1.2109375, 1.203125, 1.203125, 1.1953125, 1.1875, 1.1796875, 1.1796875, 1.171875, 1.1640625, 1.15625, 1.15625, 1.1484375, 1.140625, 1.140625, 1.125, 1.1171875, 1.1171875, 1.0859375, 1.0703125, 1.0703125, 1.0546875, 1.0546875, 1.046875, 1.03125, 1.03125, 1.03125, 1.03125, 1.0234375, 1.015625, 1.0078125, 0.99609375, 0.97265625, 0.96875, 0.96875, 0.96484375, 0.96484375, 0.9609375, 0.9609375, 0.953125, 0.953125, 0.9375, 0.93359375, 0.9296875, 0.9296875, 0.92578125, 0.9140625, 0.8984375, 0.89453125, 0.89453125, 0.88671875, 0.87890625, 0.875, 0.8671875, 0.86328125], "inds": [[556, 66], [404, 279], [271, 277], [1266, 299], [72, 230], [818, 163], [645, 297], [1902, 156], [645, 194], [364, 125], [56, 146], [852, 231], [404, 280], [677, 31], [27, 257], [918, 175], [600, 39], [1908, 237], [1173, 258], [289, 242], [905, 133], [402, 164], [1233, 61], [27, 265], [634, 267], [1095, 84], [1569, 149], [1645, 123], [1997, 110], [389, 182], [1790, 216], [20, 34], [501, 85], [1128, 102], [918, 234], [418, 192], [1328, 43], [402, 150], [1198, 115], [867, 260], [667, 279], [1056, 175], [1141, 130], [366, 83], [1101, 198], [1122, 64], [579, 269], [1079, 24], [752, 44], [1139, 37], [1094, 184], [1787, 252], [1056, 129], [1792, 175], [1796, 38], [606, 166], [964, 149], [548, 58], [1320, 87], [1811, 262], [1327, 220], [609, 272], [1691, 233], [1890, 191], [1699, 86], [1876, 236], [948, 185], [350, 33], [1320, 74], [1179, 299], [1849, 41], [534, 287], [338, 45], [1327, 219], [691, 270], [1103, 230], [424, 214], [1531, 269], [39, 294], [1267, 156], [831, 282], [824, 188], [511, 184], [216, 195], [653, 100], [470, 202], [1748, 255], [1349, 19], [1321, 192], [641, 64], [307, 168], [836, 67], [1531, 193], [517, 129], [1000, 160], [1721, 77], [1347, 97], [1227, 126], [309, 95], [423, 263]], "mean": 0.0172119140625}