{"vals": [2.59375, 2.515625, 2.109375, 1.96875, 1.9453125, 1.875, 1.6484375, 1.6484375, 1.6328125, 1.6171875, 1.609375, 1.5703125, 1.5546875, 1.453125, 1.453125, 1.4140625, 1.40625, 1.40625, 1.3828125, 1.375, 1.3515625, 1.328125, 1.3046875, 1.296875, 1.28125, 1.28125, 1.265625, 1.21875, 1.15625, 1.09375, 1.0859375, 1.0703125, 1.0703125, 1.0703125, 1.0546875, 1.0546875, 1.0390625, 1.03125, 1.03125, 1.03125, 1.0234375, 1.015625, 1.0078125, 0.99609375, 0.98828125, 0.97265625, 0.94921875, 0.94921875, 0.9453125, 0.9453125, 0.92578125, 0.90625, 0.90234375, 0.90234375, 0.890625, 0.875, 0.8671875, 0.86328125, 0.84765625, 0.84375, 0.83984375, 0.83203125, 0.82421875, 0.81640625, 0.8046875, 0.796875, 0.78515625, 0.77734375, 0.77734375, 0.7734375, 0.765625, 0.76171875, 0.75, 0.74609375, 0.73828125, 0.734375, 0.734375, 0.7265625, 0.7265625, 0.72265625, 0.71875, 0.71875, 0.7109375, 0.7109375, 0.70703125, 0.70703125, 0.70703125, 0.70703125, 0.70703125, 0.70703125, 0.703125, 0.703125, 0.69921875, 0.69140625, 0.69140625, 0.6875, 0.6875, 0.68359375, 0.68359375, 0.68359375], "inds": [[149, 102], [556, 66], [1368, 154], [1266, 299], [289, 242], [1748, 219], [867, 260], [517, 252], [645, 194], [1180, 170], [435, 91], [1859, 66], [1202, 164], [590, 257], [609, 267], [1611, 72], [1843, 62], [1431, 66], [716, 230], [1229, 190], [329, 225], [1822, 189], [948, 121], [1657, 176], [106, 121], [1028, 284], [475, 290], [967, 199], [1620, 75], [1173, 258], [4, 45], [1790, 216], [818, 163], [1705, 183], [722, 61], [1564, 83], [1614, 153], [910, 250], [1382, 143], [1732, 164], [1748, 74], [1614, 294], [1100, 190], [43, 92], [972, 259], [294, 105], [1620, 74], [760, 43], [716, 136], [907, 174], [1535, 65], [1705, 244], [1639, 73], [1313, 294], [330, 142], [406, 196], [590, 162], [3, 113], [1013, 14], [1421, 167], [972, 106], [876, 55], [1179, 67], [1887, 136], [1265, 158], [1364, 277], [974, 250], [590, 232], [1748, 166], [949, 287], [1267, 156], [74, 66], [307, 167], [1935, 73], [1134, 161], [1890, 172], [981, 30], [194, 120], [479, 17], [895, 268], [1019, 32], [1782, 40], [448, 15], [134, 45], [968, 115], [788, 262], [1505, 86], [1759, 245], [268, 72], [1211, 21], [869, 111], [1705, 268], [1822, 129], [1997, 110], [1950, 288], [705, 33], [204, 69], [222, 85], [716, 163], [1103, 34]], "mean": 0.01409912109375}