{"vals": [4.0625, 3.890625, 3.15625, 2.84375, 2.40625, 2.3125, 2.28125, 2.21875, 2.203125, 2.125, 2.0625, 1.9375, 1.8046875, 1.7890625, 1.7890625, 1.71875, 1.7109375, 1.703125, 1.65625, 1.625, 1.609375, 1.6015625, 1.5859375, 1.5625, 1.5234375, 1.4921875, 1.4765625, 1.46875, 1.4609375, 1.4453125, 1.4453125, 1.4296875, 1.4296875, 1.421875, 1.4140625, 1.4140625, 1.375, 1.359375, 1.34375, 1.3046875, 1.296875, 1.28125, 1.2578125, 1.25, 1.25, 1.234375, 1.234375, 1.234375, 1.2265625, 1.2265625, 1.203125, 1.1796875, 1.171875, 1.1640625, 1.15625, 1.1484375, 1.140625, 1.1328125, 1.1328125, 1.09375, 1.09375, 1.0859375, 1.078125, 1.0625, 1.0390625, 1.0390625, 1.0390625, 1.03125, 1.03125, 1.0078125, 0.9921875, 0.98828125, 0.98046875, 0.9765625, 0.9609375, 0.95703125, 0.953125, 0.94140625, 0.9375, 0.9296875, 0.921875, 0.91796875, 0.9140625, 0.9140625, 0.91015625, 0.91015625, 0.91015625, 0.90625, 0.90234375, 0.90234375, 0.8984375, 0.88671875, 0.8828125, 0.8828125, 0.8671875, 0.8671875, 0.86328125, 0.86328125, 0.859375, 0.859375], "inds": [[1566, 62], [239, 55], [1702, 17], [512, 97], [1205, 263], [705, 33], [999, 239], [1890, 196], [1505, 86], [1320, 38], [1582, 32], [1035, 23], [1399, 55], [679, 21], [1566, 61], [808, 103], [948, 121], [271, 188], [1273, 125], [1459, 223], [1580, 71], [544, 70], [1205, 248], [1273, 42], [1045, 58], [20, 74], [20, 184], [1887, 136], [548, 58], [512, 126], [1517, 281], [1843, 62], [793, 258], [54, 158], [1739, 125], [20, 125], [1890, 172], [1956, 46], [544, 68], [457, 70], [1772, 119], [1822, 189], [1022, 292], [1806, 17], [1013, 14], [948, 185], [100, 244], [871, 290], [636, 85], [626, 182], [191, 248], [171, 70], [1784, 46], [512, 102], [1428, 153], [1022, 291], [1267, 215], [1859, 27], [947, 181], [1247, 58], [100, 258], [559, 104], [1183, 198], [801, 205], [1456, 83], [1748, 250], [886, 127], [1238, 91], [426, 229], [1377, 38], [20, 147], [1004, 85], [1960, 87], [918, 60], [319, 92], [181, 76], [527, 29], [818, 163], [1343, 35], [1243, 204], [1991, 62], [294, 275], [271, 277], [1817, 98], [404, 247], [1018, 83], [442, 103], [1247, 222], [1773, 16], [1273, 72], [84, 89], [1356, 148], [426, 60], [547, 220], [1691, 65], [1080, 178], [1086, 52], [990, 76], [83, 147], [274, 91]], "mean": 0.0145263671875}