{"vals": [1.0234375, 0.73046875, 0.6875, 0.67578125, 0.5859375, 0.5859375, 0.5625, 0.546875, 0.546875, 0.54296875, 0.54296875, 0.52734375, 0.5234375, 0.486328125, 0.482421875, 0.478515625, 0.466796875, 0.462890625, 0.45703125, 0.45703125, 0.44921875, 0.4453125, 0.44140625, 0.44140625, 0.44140625, 0.4375, 0.435546875, 0.427734375, 0.427734375, 0.42578125, 0.42578125, 0.421875, 0.421875, 0.421875, 0.421875, 0.41796875, 0.4140625, 0.4140625, 0.412109375, 0.412109375, 0.40625, 0.40625, 0.40625, 0.40625, 0.404296875, 0.400390625, 0.400390625, 0.396484375, 0.396484375, 0.396484375, 0.39453125, 0.39453125, 0.384765625, 0.380859375, 0.380859375, 0.380859375, 0.380859375, 0.380859375, 0.37890625, 0.376953125, 0.375, 0.375, 0.375, 0.373046875, 0.373046875, 0.37109375, 0.37109375, 0.37109375, 0.3671875, 0.361328125, 0.359375, 0.35546875, 0.353515625, 0.349609375, 0.349609375, 0.34765625, 0.34765625, 0.33984375, 0.337890625, 0.33203125, 0.330078125, 0.326171875, 0.326171875, 0.326171875, 0.326171875, 0.32421875, 0.32421875, 0.3203125, 0.3203125, 0.318359375, 0.318359375, 0.318359375, 0.31640625, 0.314453125, 0.314453125, 0.314453125, 0.314453125, 0.314453125, 0.314453125, 0.314453125], "inds": [[974, 264], [235, 153], [108, 257], [1638, 59], [125, 198], [1619, 247], [747, 101], [981, 179], [1079, 24], [1626, 115], [513, 260], [134, 47], [609, 172], [1638, 148], [1826, 203], [1456, 93], [355, 170], [1890, 242], [1016, 289], [1650, 235], [255, 88], [1890, 223], [1722, 290], [125, 196], [121, 187], [974, 257], [1887, 277], [1887, 217], [1722, 104], [406, 260], [424, 70], [1984, 151], [1325, 69], [1335, 184], [974, 250], [62, 191], [1659, 232], [1374, 39], [1889, 47], [304, 203], [1365, 242], [1134, 161], [1072, 293], [365, 191], [1335, 141], [1638, 45], [1365, 274], [490, 241], [1890, 210], [971, 267], [1335, 54], [516, 42], [1335, 52], [1890, 238], [1830, 299], [1321, 238], [1104, 30], [343, 179], [1822, 167], [343, 192], [974, 251], [391, 256], [255, 118], [721, 67], [447, 76], [1984, 204], [1887, 193], [364, 134], [1826, 276], [391, 132], [1887, 258], [255, 59], [884, 146], [391, 146], [121, 253], [1230, 32], [1104, 24], [1365, 187], [479, 195], [1889, 228], [1122, 64], [1890, 251], [1890, 232], [1727, 188], [1287, 208], [1170, 31], [981, 54], [1192, 257], [376, 31], [1169, 78], [343, 47], [321, 110], [1606, 137], [26, 1], [74, 1], [51, 1], [12, 1], [80, 1], [62, 1], [58, 1]], "mean": 0.00927734375}