{"vals": [3.34375, 3.34375, 3.3125, 3.234375, 3.078125, 2.828125, 2.546875, 2.4375, 2.328125, 2.15625, 2.015625, 2.0, 1.9765625, 1.953125, 1.7578125, 1.75, 1.7421875, 1.7265625, 1.7109375, 1.7109375, 1.7109375, 1.703125, 1.6796875, 1.609375, 1.609375, 1.5546875, 1.5546875, 1.5390625, 1.5, 1.4765625, 1.4609375, 1.4609375, 1.453125, 1.4375, 1.40625, 1.3984375, 1.3984375, 1.3828125, 1.3828125, 1.375, 1.375, 1.3515625, 1.34375, 1.34375, 1.3359375, 1.3359375, 1.328125, 1.3203125, 1.3125, 1.3125, 1.296875, 1.28125, 1.2734375, 1.2734375, 1.2265625, 1.2109375, 1.203125, 1.203125, 1.1953125, 1.1875, 1.1796875, 1.171875, 1.171875, 1.15625, 1.15625, 1.15625, 1.1484375, 1.140625, 1.140625, 1.125, 1.1171875, 1.1015625, 1.0859375, 1.0703125, 1.0703125, 1.0703125, 1.0625, 1.0625, 1.0625, 1.0625, 1.0546875, 1.0390625, 1.03125, 1.03125, 1.015625, 1.0078125, 1.0078125, 1.0, 1.0, 1.0, 0.99609375, 0.98828125, 0.98046875, 0.98046875, 0.96484375, 0.95703125, 0.9453125, 0.9453125, 0.9453125, 0.94140625], "inds": [[961, 290], [1219, 238], [556, 66], [1085, 48], [1752, 71], [1215, 249], [1085, 49], [882, 121], [583, 43], [578, 129], [1856, 200], [828, 21], [1789, 14], [1296, 25], [1111, 91], [1056, 128], [731, 13], [1443, 284], [1437, 233], [1341, 227], [436, 99], [1989, 287], [827, 65], [1917, 164], [730, 275], [1118, 86], [334, 162], [1096, 168], [1238, 89], [280, 51], [1524, 100], [4, 19], [1232, 110], [1013, 14], [737, 103], [1502, 222], [1904, 79], [1085, 50], [1377, 59], [1385, 280], [1415, 35], [489, 135], [1794, 88], [386, 179], [612, 104], [1292, 121], [1868, 13], [191, 250], [398, 223], [1, 17], [1267, 156], [964, 148], [784, 195], [716, 230], [593, 115], [1521, 191], [867, 260], [1521, 192], [1319, 53], [470, 159], [1443, 293], [1752, 70], [194, 298], [1798, 126], [750, 250], [35, 72], [1723, 206], [1415, 70], [548, 58], [1708, 71], [473, 16], [480, 20], [1748, 255], [1283, 265], [1355, 145], [1091, 147], [1461, 295], [1091, 272], [882, 120], [220, 264], [387, 75], [1530, 23], [1185, 101], [1111, 90], [1632, 126], [1796, 247], [760, 155], [459, 279], [387, 76], [289, 167], [1219, 47], [335, 234], [479, 17], [827, 50], [603, 77], [1060, 13], [1530, 170], [27, 228], [1098, 149], [1368, 276]], "mean": 0.01092529296875}