{"vals": [5.9375, 3.140625, 2.546875, 2.515625, 2.453125, 2.296875, 1.921875, 1.8046875, 1.671875, 1.6484375, 1.5859375, 1.515625, 1.4140625, 1.3515625, 1.328125, 1.3203125, 1.2578125, 1.234375, 1.234375, 1.2265625, 1.21875, 1.2109375, 1.203125, 1.203125, 1.203125, 1.203125, 1.203125, 1.1953125, 1.171875, 1.15625, 1.1328125, 1.125, 1.1171875, 1.1015625, 1.09375, 1.0703125, 1.0625, 1.0390625, 1.03125, 1.015625, 1.0, 0.99609375, 0.9921875, 0.98828125, 0.98046875, 0.96875, 0.96875, 0.96484375, 0.953125, 0.9375, 0.91796875, 0.91796875, 0.90234375, 0.90234375, 0.8984375, 0.89453125, 0.8828125, 0.87890625, 0.87890625, 0.87890625, 0.87890625, 0.87890625, 0.875, 0.875, 0.87109375, 0.86328125, 0.859375, 0.85546875, 0.8515625, 0.84375, 0.84375, 0.84375, 0.83984375, 0.828125, 0.82421875, 0.8203125, 0.81640625, 0.81640625, 0.80859375, 0.80859375, 0.80859375, 0.80078125, 0.796875, 0.7890625, 0.7890625, 0.78515625, 0.78515625, 0.78125, 0.78125, 0.7734375, 0.76953125, 0.76953125, 0.76953125, 0.75390625, 0.75, 0.74609375, 0.74609375, 0.7421875, 0.73828125, 0.734375], "inds": [[1997, 110], [716, 246], [1627, 206], [242, 54], [289, 242], [1092, 214], [1627, 202], [497, 278], [1161, 176], [1884, 63], [544, 281], [1497, 272], [329, 225], [713, 98], [293, 114], [1766, 66], [730, 244], [903, 64], [193, 295], [1721, 257], [1303, 123], [423, 193], [846, 23], [1070, 299], [1219, 192], [1467, 206], [1237, 142], [1726, 156], [1219, 47], [583, 64], [350, 35], [1564, 147], [1997, 109], [968, 115], [56, 146], [1640, 293], [1959, 107], [345, 60], [1292, 271], [1683, 267], [1001, 155], [1012, 131], [43, 239], [1902, 156], [576, 99], [242, 53], [242, 67], [1223, 296], [332, 241], [1467, 205], [33, 262], [1298, 264], [1459, 223], [637, 162], [282, 144], [1274, 68], [886, 127], [1161, 208], [1997, 106], [1221, 99], [877, 296], [842, 116], [958, 12], [87, 157], [1178, 91], [1382, 183], [1473, 252], [729, 219], [626, 182], [1170, 211], [1092, 102], [1237, 141], [994, 94], [1139, 37], [1631, 94], [1734, 70], [1379, 266], [1535, 129], [416, 135], [1253, 288], [1100, 238], [1331, 238], [1801, 82], [464, 209], [1801, 87], [329, 244], [774, 252], [1997, 107], [1272, 297], [1858, 111], [865, 12], [343, 91], [828, 204], [1627, 205], [1237, 136], [864, 190], [47, 26], [653, 100], [737, 295], [270, 298]], "mean": 0.01263427734375}