{"vals": [6.5, 4.96875, 2.71875, 2.515625, 2.21875, 2.15625, 1.9765625, 1.9765625, 1.7890625, 1.6953125, 1.640625, 1.6328125, 1.6015625, 1.5625, 1.5390625, 1.5234375, 1.46875, 1.390625, 1.3671875, 1.359375, 1.3203125, 1.3125, 1.28125, 1.2421875, 1.140625, 1.1171875, 1.1015625, 1.0859375, 1.0625, 1.046875, 1.0390625, 1.0234375, 1.0078125, 0.98828125, 0.98046875, 0.9765625, 0.9609375, 0.9609375, 0.953125, 0.94921875, 0.9453125, 0.92578125, 0.921875, 0.91796875, 0.91015625, 0.91015625, 0.91015625, 0.90234375, 0.90234375, 0.8984375, 0.89453125, 0.87890625, 0.875, 0.8671875, 0.8515625, 0.8515625, 0.84375, 0.83203125, 0.83203125, 0.828125, 0.82421875, 0.81640625, 0.8046875, 0.79296875, 0.79296875, 0.78515625, 0.78515625, 0.78125, 0.76953125, 0.765625, 0.76171875, 0.7578125, 0.7421875, 0.72265625, 0.7109375, 0.70703125, 0.703125, 0.703125, 0.69140625, 0.68359375, 0.68359375, 0.68359375, 0.67578125, 0.67578125, 0.671875, 0.671875, 0.671875, 0.671875, 0.66796875, 0.6640625, 0.66015625, 0.66015625, 0.65625, 0.65625, 0.65234375, 0.65234375, 0.6484375, 0.6484375, 0.64453125, 0.64453125], "inds": [[645, 297], [645, 208], [1232, 104], [242, 291], [645, 194], [1701, 137], [1204, 92], [1902, 194], [1604, 71], [453, 84], [1272, 240], [645, 251], [1614, 170], [471, 15], [149, 102], [423, 136], [1747, 49], [365, 16], [1782, 40], [1691, 130], [1916, 255], [43, 124], [149, 131], [1410, 48], [289, 242], [583, 118], [423, 156], [882, 17], [1542, 158], [1585, 259], [1902, 157], [394, 130], [1381, 60], [1227, 51], [106, 117], [645, 202], [1572, 193], [1624, 47], [926, 285], [953, 64], [1394, 21], [1614, 280], [1611, 72], [50, 90], [971, 106], [704, 299], [793, 151], [4, 91], [1131, 112], [1167, 264], [1566, 37], [358, 188], [1188, 156], [868, 82], [402, 150], [1629, 49], [714, 296], [784, 189], [1553, 38], [530, 204], [953, 65], [645, 256], [145, 185], [1698, 176], [855, 166], [1990, 260], [391, 70], [634, 267], [107, 211], [599, 150], [1285, 231], [175, 197], [625, 58], [1448, 13], [1777, 243], [852, 231], [1069, 125], [1321, 64], [48, 43], [301, 53], [1038, 226], [1954, 200], [876, 30], [995, 232], [671, 14], [952, 134], [669, 14], [125, 53], [1588, 46], [793, 122], [622, 101], [1962, 242], [1614, 197], [645, 230], [145, 106], [818, 268], [1562, 98], [544, 251], [1183, 208], [589, 189]], "mean": 0.00885009765625}