{"vals": [3.125, 1.296875, 1.0859375, 1.0859375, 0.8984375, 0.875, 0.87109375, 0.85546875, 0.8203125, 0.8125, 0.7421875, 0.72265625, 0.70703125, 0.6875, 0.63671875, 0.625, 0.62109375, 0.6171875, 0.61328125, 0.61328125, 0.6015625, 0.57421875, 0.56640625, 0.55859375, 0.55078125, 0.546875, 0.546875, 0.5390625, 0.53125, 0.51953125, 0.515625, 0.51171875, 0.50390625, 0.5, 0.5, 0.48828125, 0.482421875, 0.48046875, 0.4765625, 0.466796875, 0.46484375, 0.45703125, 0.443359375, 0.443359375, 0.431640625, 0.4296875, 0.4296875, 0.4296875, 0.416015625, 0.416015625, 0.412109375, 0.412109375, 0.41015625, 0.41015625, 0.40625, 0.40625, 0.400390625, 0.39453125, 0.392578125, 0.392578125, 0.390625, 0.390625, 0.388671875, 0.384765625, 0.3828125, 0.380859375, 0.37890625, 0.37890625, 0.376953125, 0.375, 0.373046875, 0.373046875, 0.373046875, 0.373046875, 0.37109375, 0.369140625, 0.369140625, 0.369140625, 0.3671875, 0.365234375, 0.36328125, 0.36328125, 0.36328125, 0.361328125, 0.361328125, 0.359375, 0.357421875, 0.357421875, 0.35546875, 0.35546875, 0.35546875, 0.3515625, 0.349609375, 0.349609375, 0.345703125, 0.34375, 0.34375, 0.341796875, 0.33984375, 0.337890625], "inds": [[599, 150], [1321, 238], [355, 130], [1456, 170], [1480, 147], [1022, 44], [1210, 208], [788, 139], [491, 75], [1078, 80], [1064, 26], [1341, 166], [1920, 34], [1173, 258], [793, 176], [1346, 67], [910, 56], [72, 164], [1188, 280], [1697, 94], [1188, 267], [330, 64], [1694, 49], [895, 236], [679, 21], [302, 299], [86, 166], [1480, 145], [426, 164], [1714, 48], [891, 201], [851, 194], [1060, 173], [1698, 109], [123, 132], [1492, 140], [394, 130], [329, 225], [195, 52], [1416, 81], [309, 52], [309, 38], [869, 111], [383, 106], [1997, 110], [984, 122], [1455, 116], [134, 177], [1448, 256], [1409, 127], [1705, 95], [904, 175], [910, 155], [126, 259], [123, 75], [1064, 169], [375, 200], [926, 281], [1920, 26], [404, 279], [1319, 82], [445, 159], [227, 218], [307, 240], [676, 53], [179, 94], [1149, 63], [617, 99], [487, 84], [930, 121], [656, 130], [1888, 233], [134, 203], [556, 66], [407, 226], [1056, 175], [1646, 76], [1111, 91], [849, 105], [309, 20], [77, 268], [854, 75], [716, 267], [1985, 127], [1996, 128], [27, 153], [1614, 294], [750, 250], [299, 282], [1079, 24], [1699, 86], [1531, 98], [645, 239], [466, 154], [1948, 281], [1843, 50], [435, 254], [154, 248], [223, 263], [1, 195]], "mean": 0.00701904296875}