{"vals": [7.21875, 4.84375, 3.84375, 3.484375, 2.984375, 2.921875, 2.78125, 2.609375, 2.578125, 2.53125, 2.46875, 2.359375, 2.125, 2.125, 2.09375, 2.0625, 2.03125, 1.9296875, 1.9296875, 1.8984375, 1.890625, 1.8828125, 1.8828125, 1.875, 1.7890625, 1.78125, 1.75, 1.625, 1.59375, 1.5703125, 1.515625, 1.515625, 1.515625, 1.4453125, 1.421875, 1.4140625, 1.4140625, 1.40625, 1.3828125, 1.3671875, 1.34375, 1.3125, 1.2890625, 1.28125, 1.265625, 1.265625, 1.2578125, 1.2578125, 1.2421875, 1.234375, 1.234375, 1.21875, 1.21875, 1.21875, 1.203125, 1.203125, 1.1875, 1.1640625, 1.15625, 1.15625, 1.1484375, 1.140625, 1.140625, 1.1328125, 1.125, 1.1171875, 1.109375, 1.1015625, 1.0859375, 1.078125, 1.078125, 1.0625, 1.0546875, 1.046875, 1.0390625, 1.03125, 1.0234375, 1.015625, 1.015625, 1.0078125, 1.0078125, 1.0, 0.9921875, 0.98828125, 0.98828125, 0.984375, 0.9765625, 0.9765625, 0.97265625, 0.97265625, 0.97265625, 0.96875, 0.96875, 0.96484375, 0.96484375, 0.96484375, 0.953125, 0.9453125, 0.9453125, 0.94140625], "inds": [[1287, 45], [1926, 156], [391, 70], [391, 259], [422, 61], [1702, 275], [1946, 31], [1926, 92], [391, 96], [134, 34], [1926, 221], [391, 47], [1626, 44], [1287, 278], [1440, 128], [137, 102], [242, 97], [422, 60], [447, 208], [589, 253], [721, 211], [1287, 213], [57, 136], [447, 209], [4, 207], [1626, 55], [1028, 284], [343, 288], [1287, 75], [601, 226], [1028, 280], [391, 209], [1, 195], [1926, 145], [57, 153], [974, 264], [520, 69], [255, 80], [1433, 263], [891, 43], [815, 234], [1950, 68], [721, 176], [1025, 273], [1926, 127], [1253, 157], [815, 164], [447, 81], [1052, 263], [1826, 186], [721, 148], [1028, 220], [520, 239], [1028, 267], [134, 48], [1600, 110], [1287, 109], [391, 60], [877, 160], [1926, 128], [57, 85], [137, 107], [242, 98], [1287, 279], [1926, 290], [721, 127], [1926, 275], [103, 290], [6, 212], [391, 81], [4, 84], [391, 35], [1200, 102], [1028, 288], [4, 64], [343, 279], [343, 244], [895, 229], [877, 251], [103, 241], [391, 115], [391, 246], [1028, 249], [974, 101], [1926, 291], [1030, 32], [510, 284], [114, 114], [543, 133], [1028, 208], [255, 208], [1030, 31], [1287, 293], [721, 163], [589, 69], [1433, 78], [1600, 102], [255, 196], [877, 95], [1926, 90]], "mean": 0.00469970703125}