{"vals": [6.34375, 5.5, 4.21875, 3.703125, 3.515625, 2.625, 2.578125, 2.515625, 2.5, 2.5, 2.484375, 2.390625, 2.25, 2.21875, 1.9765625, 1.9765625, 1.9453125, 1.921875, 1.84375, 1.78125, 1.7578125, 1.734375, 1.71875, 1.6953125, 1.6953125, 1.6875, 1.6875, 1.6796875, 1.640625, 1.625, 1.6171875, 1.59375, 1.5703125, 1.5234375, 1.4609375, 1.4453125, 1.4375, 1.421875, 1.4140625, 1.390625, 1.375, 1.3515625, 1.3359375, 1.3359375, 1.328125, 1.3203125, 1.296875, 1.296875, 1.28125, 1.2578125, 1.2578125, 1.25, 1.25, 1.2421875, 1.2421875, 1.2421875, 1.234375, 1.21875, 1.2109375, 1.2109375, 1.203125, 1.203125, 1.1953125, 1.1953125, 1.1875, 1.1875, 1.1796875, 1.1796875, 1.1640625, 1.15625, 1.15625, 1.1484375, 1.140625, 1.140625, 1.125, 1.1171875, 1.1171875, 1.1015625, 1.1015625, 1.09375, 1.0703125, 1.0703125, 1.0703125, 1.0703125, 1.0546875, 1.0390625, 1.03125, 1.0234375, 1.0234375, 1.015625, 1.0078125, 1.0, 0.99609375, 0.99609375, 0.98828125, 0.98828125, 0.98046875, 0.98046875, 0.97265625, 0.96484375], "inds": [[1368, 154], [1680, 33], [1718, 30], [1466, 79], [1382, 234], [995, 34], [1667, 40], [1466, 80], [1145, 17], [96, 71], [1607, 196], [1382, 233], [1298, 216], [1888, 206], [1204, 296], [1382, 235], [1204, 295], [827, 33], [1991, 62], [1024, 13], [35, 79], [906, 44], [1327, 298], [106, 140], [1818, 39], [1368, 153], [879, 29], [375, 273], [818, 163], [1204, 290], [766, 160], [562, 264], [1368, 152], [1323, 84], [513, 206], [698, 41], [1776, 218], [248, 90], [280, 51], [312, 14], [276, 210], [1667, 35], [1828, 102], [1596, 225], [767, 42], [515, 51], [698, 42], [1111, 91], [1730, 82], [1057, 87], [990, 262], [1080, 18], [1877, 56], [433, 195], [905, 160], [49, 230], [1611, 72], [1120, 120], [1577, 11], [395, 28], [241, 54], [1211, 21], [1221, 15], [1456, 283], [1667, 42], [1154, 22], [1703, 162], [148, 69], [1206, 218], [1414, 126], [119, 71], [1828, 101], [805, 214], [1935, 247], [990, 261], [1024, 12], [1204, 168], [121, 86], [1382, 183], [1204, 258], [1792, 184], [1706, 41], [1111, 90], [87, 99], [1724, 82], [1830, 107], [1341, 82], [1718, 29], [306, 128], [848, 152], [1667, 39], [130, 25], [106, 139], [1513, 30], [1966, 69], [767, 41], [556, 29], [1042, 139], [360, 282], [1581, 145]], "mean": 0.01495361328125}