{"vals": [3.8125, 3.671875, 3.640625, 2.515625, 2.140625, 2.015625, 1.96875, 1.8671875, 1.8203125, 1.7109375, 1.6796875, 1.625, 1.609375, 1.5625, 1.453125, 1.3828125, 1.375, 1.3515625, 1.3203125, 1.3125, 1.3046875, 1.265625, 1.234375, 1.234375, 1.2109375, 1.203125, 1.1953125, 1.1953125, 1.1875, 1.15625, 1.1171875, 1.1015625, 1.0859375, 1.0625, 1.0625, 1.0546875, 1.046875, 1.0234375, 0.99609375, 0.98828125, 0.98046875, 0.96484375, 0.9609375, 0.9609375, 0.94921875, 0.93359375, 0.92578125, 0.91015625, 0.90625, 0.89453125, 0.890625, 0.875, 0.87109375, 0.8671875, 0.85546875, 0.85546875, 0.8515625, 0.8515625, 0.84765625, 0.83984375, 0.8359375, 0.83203125, 0.83203125, 0.828125, 0.828125, 0.81640625, 0.8046875, 0.80078125, 0.796875, 0.79296875, 0.77734375, 0.77734375, 0.7578125, 0.75390625, 0.74609375, 0.7421875, 0.73828125, 0.734375, 0.73046875, 0.72265625, 0.72265625, 0.72265625, 0.71875, 0.71875, 0.71484375, 0.7109375, 0.7109375, 0.70703125, 0.70703125, 0.703125, 0.703125, 0.69921875, 0.69921875, 0.6953125, 0.67578125, 0.671875, 0.6640625, 0.6640625, 0.6640625, 0.66015625], "inds": [[1854, 298], [667, 279], [1018, 129], [1253, 137], [1266, 299], [404, 279], [1631, 73], [562, 264], [498, 273], [489, 156], [667, 277], [1832, 108], [816, 188], [667, 278], [1103, 230], [297, 48], [498, 222], [115, 297], [1671, 212], [626, 182], [1111, 91], [762, 114], [1671, 214], [309, 120], [325, 50], [735, 85], [1996, 60], [1627, 202], [1985, 60], [793, 258], [1304, 161], [598, 218], [1294, 55], [1216, 40], [1627, 206], [1204, 108], [849, 231], [820, 53], [1931, 258], [1869, 287], [1989, 175], [1984, 67], [650, 186], [890, 115], [427, 286], [849, 221], [1233, 61], [569, 194], [1996, 61], [889, 267], [849, 175], [309, 202], [1032, 53], [273, 293], [903, 35], [1631, 238], [1294, 59], [149, 147], [1741, 232], [309, 293], [1032, 52], [1859, 178], [970, 154], [1216, 36], [386, 179], [1615, 154], [788, 157], [777, 283], [1091, 143], [905, 218], [512, 97], [1813, 279], [821, 286], [35, 105], [897, 169], [197, 294], [1985, 299], [456, 132], [820, 57], [1081, 122], [282, 144], [966, 228], [192, 177], [1714, 289], [386, 206], [1506, 296], [1851, 187], [885, 88], [1432, 148], [216, 203], [1180, 148], [820, 58], [192, 202], [84, 89], [4, 113], [1912, 107], [1011, 201], [1405, 177], [1681, 86], [1752, 117]], "mean": 0.00982666015625}