{"vals": [5.59375, 4.625, 4.59375, 4.28125, 4.28125, 4.21875, 3.5625, 3.4375, 3.328125, 3.3125, 3.296875, 3.296875, 3.1875, 3.0625, 3.015625, 2.96875, 2.953125, 2.9375, 2.90625, 2.90625, 2.875, 2.875, 2.859375, 2.796875, 2.796875, 2.765625, 2.765625, 2.71875, 2.71875, 2.71875, 2.703125, 2.671875, 2.640625, 2.640625, 2.609375, 2.609375, 2.578125, 2.484375, 2.4375, 2.4375, 2.390625, 2.390625, 2.375, 2.34375, 2.328125, 2.328125, 2.328125, 2.296875, 2.296875, 2.265625, 2.25, 2.234375, 2.21875, 2.21875, 2.21875, 2.203125, 2.203125, 2.203125, 2.1875, 2.1875, 2.171875, 2.15625, 2.15625, 2.15625, 2.15625, 2.140625, 2.140625, 2.109375, 2.109375, 2.109375, 2.078125, 2.078125, 2.0625, 2.0625, 2.03125, 2.03125, 2.03125, 2.015625, 2.0, 1.984375, 1.984375, 1.9765625, 1.9609375, 1.953125, 1.9453125, 1.9453125, 1.9375, 1.9140625, 1.9140625, 1.90625, 1.8984375, 1.890625, 1.8828125, 1.8828125, 1.8671875, 1.859375, 1.8515625, 1.84375, 1.8359375, 1.8125], "inds": [[364, 125], [511, 127], [134, 263], [72, 265], [907, 275], [1888, 245], [1688, 262], [907, 270], [485, 110], [389, 241], [1111, 295], [1618, 11], [972, 239], [1304, 161], [1861, 225], [734, 66], [1095, 84], [877, 118], [602, 285], [1792, 175], [294, 275], [1902, 194], [1079, 24], [1412, 225], [181, 205], [788, 262], [418, 172], [1173, 258], [1935, 239], [956, 183], [1262, 177], [1320, 87], [1952, 90], [1636, 49], [35, 83], [492, 219], [1018, 260], [1377, 59], [1849, 41], [1262, 73], [1444, 33], [1651, 35], [1126, 82], [1159, 108], [326, 76], [822, 244], [402, 185], [485, 111], [181, 197], [272, 21], [527, 255], [689, 257], [1762, 32], [1292, 121], [482, 265], [1299, 275], [416, 284], [990, 70], [1659, 19], [1292, 133], [603, 229], [936, 280], [76, 133], [1262, 178], [647, 192], [1267, 215], [35, 79], [750, 241], [1381, 119], [443, 204], [1565, 114], [1111, 91], [1179, 164], [1159, 107], [273, 129], [961, 47], [1267, 33], [389, 92], [1262, 72], [515, 281], [1623, 153], [645, 194], [156, 170], [1888, 233], [1367, 52], [1332, 138], [1304, 192], [523, 71], [1623, 144], [603, 74], [1300, 60], [1332, 137], [606, 154], [1304, 162], [402, 180], [121, 108], [1092, 151], [1442, 114], [956, 223], [971, 241]], "mean": 0.03466796875}