{"vals": [5.625, 4.90625, 3.890625, 3.40625, 3.203125, 3.140625, 3.03125, 2.6875, 2.6875, 2.53125, 2.484375, 2.484375, 2.46875, 2.296875, 2.28125, 2.28125, 2.234375, 2.203125, 2.1875, 2.1875, 2.171875, 2.140625, 2.140625, 2.046875, 1.9140625, 1.8984375, 1.8515625, 1.765625, 1.765625, 1.7421875, 1.71875, 1.7109375, 1.703125, 1.6875, 1.6796875, 1.65625, 1.59375, 1.59375, 1.5546875, 1.5546875, 1.53125, 1.53125, 1.5234375, 1.5234375, 1.5234375, 1.5234375, 1.5078125, 1.5, 1.5, 1.484375, 1.4765625, 1.46875, 1.4609375, 1.4609375, 1.4609375, 1.453125, 1.4453125, 1.421875, 1.421875, 1.421875, 1.421875, 1.4140625, 1.3984375, 1.3984375, 1.375, 1.375, 1.3515625, 1.3515625, 1.34375, 1.3359375, 1.328125, 1.328125, 1.328125, 1.328125, 1.3125, 1.3046875, 1.3046875, 1.2890625, 1.28125, 1.2734375, 1.265625, 1.2578125, 1.2578125, 1.25, 1.25, 1.25, 1.234375, 1.234375, 1.2265625, 1.2265625, 1.2265625, 1.21875, 1.2109375, 1.2109375, 1.203125, 1.203125, 1.1875, 1.1796875, 1.1796875, 1.171875], "inds": [[469, 237], [469, 201], [1796, 38], [480, 279], [1985, 230], [1432, 116], [176, 58], [1888, 233], [1772, 119], [480, 278], [1614, 170], [1984, 151], [1234, 152], [176, 56], [506, 88], [634, 241], [280, 46], [176, 59], [568, 250], [150, 165], [765, 176], [328, 253], [730, 201], [705, 93], [711, 74], [459, 279], [149, 244], [735, 141], [1154, 43], [1317, 222], [705, 189], [1707, 151], [1780, 299], [1923, 242], [1183, 208], [1548, 245], [492, 154], [392, 175], [1432, 83], [1804, 189], [1451, 129], [1451, 153], [1259, 256], [304, 194], [43, 206], [391, 180], [1213, 83], [450, 51], [1852, 157], [809, 266], [1272, 297], [1171, 265], [73, 229], [1414, 203], [920, 232], [1480, 147], [1646, 76], [1252, 174], [1141, 245], [634, 240], [1110, 129], [400, 229], [295, 129], [134, 49], [134, 47], [1696, 218], [1082, 29], [913, 277], [1772, 120], [1664, 142], [400, 91], [1566, 25], [1213, 82], [1267, 156], [681, 129], [1552, 281], [1000, 287], [255, 277], [1411, 224], [1450, 77], [1276, 161], [304, 51], [1962, 132], [1631, 44], [945, 220], [1628, 11], [1437, 190], [32, 197], [1631, 261], [1234, 150], [85, 183], [963, 208], [138, 64], [913, 239], [1092, 171], [1641, 108], [1432, 164], [1981, 153], [871, 25], [1303, 179]], "mean": 0.011474609375}