{"vals": [2.15625, 1.671875, 1.53125, 1.3203125, 1.28125, 1.203125, 1.1796875, 1.125, 1.09375, 1.0625, 1.015625, 1.0078125, 0.9375, 0.91796875, 0.875, 0.875, 0.8515625, 0.82421875, 0.8125, 0.80859375, 0.8046875, 0.796875, 0.71875, 0.71484375, 0.67578125, 0.671875, 0.640625, 0.640625, 0.63671875, 0.6328125, 0.62890625, 0.61328125, 0.61328125, 0.61328125, 0.60546875, 0.58203125, 0.5546875, 0.55078125, 0.55078125, 0.53125, 0.53125, 0.52734375, 0.5234375, 0.515625, 0.490234375, 0.486328125, 0.486328125, 0.486328125, 0.482421875, 0.48046875, 0.48046875, 0.478515625, 0.474609375, 0.474609375, 0.470703125, 0.470703125, 0.46875, 0.46875, 0.466796875, 0.4609375, 0.4609375, 0.4609375, 0.453125, 0.447265625, 0.4453125, 0.443359375, 0.439453125, 0.4375, 0.4375, 0.431640625, 0.4296875, 0.41796875, 0.4140625, 0.41015625, 0.408203125, 0.404296875, 0.404296875, 0.404296875, 0.400390625, 0.396484375, 0.39453125, 0.39453125, 0.390625, 0.390625, 0.388671875, 0.388671875, 0.384765625, 0.384765625, 0.3828125, 0.3828125, 0.380859375, 0.376953125, 0.375, 0.373046875, 0.373046875, 0.37109375, 0.369140625, 0.369140625, 0.3671875, 0.3671875], "inds": [[20, 260], [1, 138], [20, 184], [20, 287], [1914, 110], [995, 102], [1748, 219], [1028, 28], [1914, 279], [1548, 275], [1531, 193], [831, 282], [362, 145], [1469, 236], [1157, 48], [1301, 220], [1157, 67], [943, 161], [1935, 237], [1897, 82], [803, 238], [1020, 68], [387, 156], [1103, 190], [1811, 295], [926, 297], [370, 263], [1011, 45], [20, 219], [1614, 211], [1148, 95], [1056, 88], [1210, 208], [1326, 162], [423, 198], [3, 120], [105, 170], [364, 182], [307, 37], [134, 45], [471, 93], [1822, 166], [556, 19], [1950, 74], [845, 235], [307, 48], [215, 233], [1737, 160], [20, 162], [1188, 279], [1380, 255], [1380, 276], [471, 81], [1587, 107], [536, 165], [589, 157], [788, 84], [134, 203], [1020, 39], [1291, 271], [1210, 197], [1614, 181], [764, 138], [1049, 122], [1796, 247], [134, 49], [1008, 295], [20, 232], [181, 194], [590, 185], [1618, 254], [876, 110], [952, 170], [1713, 26], [211, 170], [1366, 99], [1028, 89], [983, 244], [361, 220], [1914, 202], [1965, 200], [995, 103], [1188, 48], [1188, 280], [1588, 219], [1, 195], [1628, 239], [893, 154], [1086, 231], [729, 294], [1811, 67], [651, 232], [344, 245], [54, 114], [1086, 123], [134, 177], [1914, 65], [1380, 80], [475, 163], [1055, 148]], "mean": 0.0018310546875}