{"vals": [2.234375, 1.9453125, 1.9375, 1.859375, 1.3671875, 1.3359375, 1.3203125, 1.2890625, 1.2578125, 1.21875, 1.1796875, 1.1171875, 1.109375, 0.99609375, 0.9921875, 0.9765625, 0.97265625, 0.95703125, 0.9453125, 0.94140625, 0.9296875, 0.9140625, 0.89453125, 0.8828125, 0.87109375, 0.859375, 0.85546875, 0.84765625, 0.81640625, 0.81640625, 0.81640625, 0.8125, 0.8046875, 0.8046875, 0.7890625, 0.7890625, 0.78125, 0.77734375, 0.75390625, 0.74609375, 0.74609375, 0.73828125, 0.73046875, 0.72265625, 0.71875, 0.69921875, 0.6875, 0.66796875, 0.66796875, 0.66796875, 0.6640625, 0.65625, 0.64453125, 0.640625, 0.640625, 0.63671875, 0.63671875, 0.6328125, 0.6328125, 0.6328125, 0.62890625, 0.625, 0.62109375, 0.6015625, 0.6015625, 0.59765625, 0.59375, 0.59375, 0.58984375, 0.58984375, 0.5859375, 0.5859375, 0.578125, 0.578125, 0.5703125, 0.5703125, 0.55859375, 0.5546875, 0.5546875, 0.55078125, 0.546875, 0.54296875, 0.5390625, 0.5390625, 0.53515625, 0.53125, 0.5234375, 0.51953125, 0.51953125, 0.51953125, 0.515625, 0.51171875, 0.51171875, 0.5078125, 0.5078125, 0.5078125, 0.5, 0.5, 0.5, 0.498046875], "inds": [[298, 219], [995, 103], [880, 240], [1321, 238], [222, 61], [54, 114], [1690, 145], [1618, 221], [511, 207], [984, 190], [1238, 288], [1354, 219], [182, 147], [1107, 143], [697, 262], [1086, 271], [232, 118], [1102, 289], [776, 283], [963, 103], [1225, 109], [505, 270], [803, 280], [520, 85], [427, 152], [1687, 139], [1326, 10], [454, 262], [1157, 67], [1180, 263], [1784, 176], [370, 87], [855, 130], [1461, 200], [1400, 72], [815, 32], [339, 299], [1028, 77], [1103, 269], [1408, 136], [427, 154], [27, 179], [1858, 124], [516, 277], [455, 245], [978, 248], [1822, 160], [1020, 142], [106, 27], [651, 191], [344, 178], [238, 259], [1225, 103], [238, 49], [1023, 173], [966, 267], [195, 183], [1225, 250], [1320, 41], [1628, 283], [913, 239], [1107, 199], [440, 184], [325, 141], [1111, 274], [1587, 288], [339, 203], [1874, 290], [104, 92], [226, 184], [1614, 294], [440, 110], [1493, 283], [195, 202], [48, 244], [298, 220], [904, 64], [339, 281], [1915, 123], [691, 183], [1816, 255], [402, 177], [1210, 208], [339, 284], [1784, 213], [1023, 111], [1760, 196], [326, 288], [1987, 278], [156, 182], [1, 74], [696, 295], [1225, 125], [845, 234], [1157, 48], [1497, 116], [59, 237], [1811, 66], [590, 257], [195, 91]], "mean": 0.00323486328125}