{"vals": [3.125, 2.859375, 2.59375, 2.09375, 2.046875, 1.8671875, 1.84375, 1.7890625, 1.7578125, 1.65625, 1.640625, 1.546875, 1.53125, 1.4921875, 1.484375, 1.484375, 1.4765625, 1.453125, 1.4375, 1.4296875, 1.375, 1.3359375, 1.3203125, 1.3125, 1.3125, 1.296875, 1.296875, 1.2890625, 1.2890625, 1.2421875, 1.2421875, 1.2421875, 1.2265625, 1.21875, 1.203125, 1.1953125, 1.1796875, 1.1640625, 1.15625, 1.125, 1.125, 1.078125, 1.046875, 1.0390625, 1.03125, 1.015625, 1.0, 0.9921875, 0.96875, 0.96875, 0.96484375, 0.94921875, 0.9375, 0.93359375, 0.9296875, 0.9296875, 0.91015625, 0.8984375, 0.8984375, 0.89453125, 0.89453125, 0.88671875, 0.8828125, 0.87890625, 0.87890625, 0.87109375, 0.85546875, 0.8515625, 0.8515625, 0.84765625, 0.84765625, 0.83203125, 0.828125, 0.8203125, 0.8203125, 0.81640625, 0.8125, 0.80859375, 0.80078125, 0.796875, 0.7890625, 0.78515625, 0.78125, 0.78125, 0.7734375, 0.765625, 0.76171875, 0.75390625, 0.75, 0.74609375, 0.7421875, 0.73828125, 0.734375, 0.734375, 0.73046875, 0.73046875, 0.73046875, 0.7265625, 0.72265625, 0.72265625], "inds": [[103, 252], [416, 284], [852, 231], [1657, 153], [1805, 216], [910, 280], [435, 202], [1377, 59], [418, 102], [1596, 263], [394, 176], [1217, 25], [271, 277], [329, 174], [1997, 107], [1292, 121], [1018, 183], [856, 247], [856, 248], [416, 135], [731, 13], [590, 257], [912, 17], [1422, 87], [1702, 18], [347, 259], [325, 37], [590, 158], [470, 134], [590, 224], [1546, 46], [1038, 226], [1734, 290], [1414, 207], [149, 147], [1180, 148], [423, 43], [1979, 287], [1180, 154], [1032, 49], [690, 243], [1582, 32], [426, 60], [222, 52], [1668, 288], [556, 66], [1074, 151], [479, 17], [919, 212], [1533, 16], [1303, 157], [1657, 176], [630, 93], [1384, 214], [1948, 57], [792, 67], [1331, 121], [1847, 80], [677, 66], [289, 242], [918, 175], [1811, 56], [1204, 195], [46, 156], [970, 50], [750, 250], [943, 19], [730, 201], [1079, 24], [423, 189], [61, 97], [250, 16], [1198, 255], [1707, 174], [1382, 198], [1212, 134], [609, 194], [1414, 206], [61, 199], [1882, 266], [328, 189], [1656, 283], [1859, 66], [1344, 234], [1111, 91], [1188, 219], [875, 31], [1, 16], [63, 217], [1854, 68], [1888, 233], [329, 225], [949, 254], [1537, 31], [20, 34], [1876, 146], [801, 291], [1267, 156], [720, 54], [605, 21]], "mean": 0.019775390625}