{"vals": [4.9375, 3.328125, 3.25, 2.9375, 2.78125, 2.734375, 2.59375, 2.3125, 2.25, 2.078125, 2.046875, 1.9921875, 1.96875, 1.921875, 1.890625, 1.8671875, 1.8515625, 1.765625, 1.734375, 1.734375, 1.7265625, 1.71875, 1.6953125, 1.6953125, 1.6640625, 1.6640625, 1.640625, 1.6171875, 1.546875, 1.5390625, 1.53125, 1.5234375, 1.515625, 1.4921875, 1.46875, 1.4609375, 1.4375, 1.4375, 1.4296875, 1.4140625, 1.40625, 1.390625, 1.390625, 1.3671875, 1.3515625, 1.3359375, 1.296875, 1.2890625, 1.28125, 1.2734375, 1.2734375, 1.2734375, 1.265625, 1.2578125, 1.25, 1.2421875, 1.2421875, 1.2265625, 1.2109375, 1.2109375, 1.203125, 1.203125, 1.1953125, 1.1875, 1.1796875, 1.171875, 1.1640625, 1.15625, 1.1484375, 1.1484375, 1.140625, 1.140625, 1.1328125, 1.1328125, 1.1328125, 1.125, 1.1171875, 1.1171875, 1.1171875, 1.1015625, 1.09375, 1.078125, 1.0703125, 1.0625, 1.0625, 1.0625, 1.0546875, 1.0546875, 1.0546875, 1.046875, 1.046875, 1.0390625, 1.03125, 1.03125, 1.03125, 1.0234375, 1.0234375, 1.0234375, 1.0234375, 1.015625], "inds": [[1997, 110], [905, 164], [1331, 269], [867, 260], [1489, 182], [1300, 88], [1179, 67], [911, 218], [741, 122], [1792, 175], [98, 94], [1955, 283], [904, 175], [793, 258], [895, 236], [246, 282], [1357, 185], [1357, 175], [1794, 50], [1101, 196], [1082, 76], [100, 244], [1125, 116], [1699, 118], [1666, 142], [1118, 226], [358, 124], [360, 211], [303, 102], [215, 74], [1640, 226], [360, 235], [1101, 179], [789, 146], [905, 163], [1032, 223], [703, 110], [821, 278], [828, 212], [789, 100], [1657, 175], [911, 216], [1705, 128], [265, 281], [866, 119], [1535, 208], [587, 74], [1135, 295], [1342, 295], [1061, 216], [1111, 91], [1776, 141], [1792, 176], [1722, 71], [1790, 216], [1392, 218], [1890, 291], [1892, 112], [789, 145], [1680, 36], [1300, 184], [1705, 125], [511, 165], [1966, 122], [1640, 156], [1240, 217], [1435, 189], [1366, 134], [1890, 196], [515, 137], [358, 108], [706, 218], [904, 176], [113, 220], [224, 244], [1694, 49], [1890, 284], [1052, 270], [821, 275], [662, 130], [588, 253], [1997, 109], [1166, 46], [1303, 123], [1300, 168], [247, 122], [1826, 55], [1535, 224], [793, 233], [1400, 83], [635, 133], [1118, 225], [133, 42], [721, 285], [711, 106], [360, 216], [1606, 64], [1984, 151], [679, 21], [1467, 205]], "mean": 0.0283203125}