{"vals": [7.65625, 6.65625, 5.875, 5.03125, 4.6875, 4.65625, 4.125, 3.71875, 3.640625, 3.421875, 3.3125, 3.3125, 3.203125, 3.109375, 3.109375, 3.03125, 2.953125, 2.90625, 2.90625, 2.890625, 2.828125, 2.828125, 2.640625, 2.59375, 2.59375, 2.5625, 2.546875, 2.53125, 2.53125, 2.5, 2.484375, 2.453125, 2.421875, 2.390625, 2.375, 2.328125, 2.3125, 2.3125, 2.296875, 2.28125, 2.25, 2.203125, 2.1875, 2.15625, 2.15625, 2.140625, 2.140625, 2.125, 2.09375, 2.09375, 2.09375, 2.09375, 2.078125, 2.078125, 2.0625, 2.046875, 2.015625, 2.0, 2.0, 1.9921875, 1.9921875, 1.984375, 1.9765625, 1.96875, 1.9609375, 1.9609375, 1.953125, 1.9453125, 1.921875, 1.921875, 1.9140625, 1.9140625, 1.9140625, 1.90625, 1.90625, 1.8984375, 1.890625, 1.8671875, 1.859375, 1.859375, 1.8515625, 1.84375, 1.8125, 1.8046875, 1.7890625, 1.7890625, 1.7734375, 1.765625, 1.765625, 1.7578125, 1.7578125, 1.7578125, 1.75, 1.7421875, 1.7421875, 1.7265625, 1.7109375, 1.6953125, 1.6875, 1.6875], "inds": [[293, 225], [813, 291], [1990, 238], [402, 255], [404, 279], [1100, 170], [271, 282], [690, 245], [712, 258], [826, 263], [543, 251], [1261, 279], [894, 262], [569, 273], [1111, 91], [1233, 61], [1902, 148], [569, 274], [426, 275], [1312, 192], [590, 145], [590, 257], [1902, 153], [1111, 90], [793, 263], [995, 161], [1019, 164], [905, 164], [590, 212], [1432, 116], [1890, 291], [289, 179], [1312, 206], [1042, 114], [315, 121], [544, 201], [1127, 212], [104, 172], [1312, 205], [72, 248], [1219, 192], [590, 138], [1467, 214], [1456, 170], [35, 164], [1111, 148], [1763, 294], [216, 257], [569, 200], [859, 189], [1468, 85], [1596, 263], [1854, 250], [1092, 277], [5, 172], [1001, 53], [451, 37], [1101, 198], [1607, 208], [144, 205], [289, 242], [1224, 191], [1647, 202], [1204, 162], [775, 110], [1467, 259], [1090, 170], [875, 231], [1468, 150], [294, 105], [152, 298], [1266, 215], [1187, 152], [1639, 59], [1471, 283], [722, 196], [1556, 94], [1364, 126], [1118, 208], [1125, 243], [975, 87], [879, 124], [35, 79], [56, 90], [852, 119], [1351, 158], [412, 146], [232, 271], [590, 199], [933, 295], [813, 290], [1847, 79], [1313, 281], [242, 54], [427, 282], [363, 187], [862, 72], [262, 155], [1314, 247], [297, 48]], "mean": 0.042236328125}