{"vals": [11.375, 10.625, 10.0625, 9.75, 9.75, 9.0, 8.5, 8.5, 7.78125, 7.75, 7.65625, 7.625, 7.375, 7.21875, 7.21875, 7.0, 6.84375, 6.6875, 6.53125, 6.21875, 6.1875, 6.0625, 6.0, 5.96875, 5.96875, 5.9375, 5.75, 5.71875, 5.6875, 5.65625, 5.625, 5.5625, 5.5, 5.5, 5.46875, 5.46875, 5.34375, 5.3125, 5.25, 5.1875, 5.0625, 5.0, 4.96875, 4.9375, 4.90625, 4.75, 4.71875, 4.71875, 4.71875, 4.6875, 4.6875, 4.6875, 4.625, 4.5625, 4.53125, 4.53125, 4.53125, 4.5, 4.5, 4.4375, 4.40625, 4.34375, 4.34375, 4.3125, 4.3125, 4.3125, 4.25, 4.21875, 4.21875, 4.21875, 4.1875, 4.1875, 4.15625, 4.15625, 4.15625, 4.125, 4.125, 4.125, 4.125, 4.0625, 4.03125, 4.03125, 3.984375, 3.953125, 3.953125, 3.953125, 3.921875, 3.921875, 3.921875, 3.90625, 3.875, 3.859375, 3.859375, 3.859375, 3.84375, 3.84375, 3.84375, 3.8125, 3.8125, 3.796875], "inds": [[1566, 62], [1320, 38], [455, 41], [714, 237], [1785, 46], [455, 70], [1994, 87], [1320, 62], [172, 263], [128, 120], [1205, 248], [1205, 263], [1170, 170], [532, 48], [1706, 263], [1188, 76], [1045, 58], [111, 104], [226, 78], [532, 16], [455, 156], [1821, 129], [453, 158], [374, 81], [851, 197], [447, 22], [1566, 69], [1994, 86], [1890, 262], [374, 84], [1579, 69], [1032, 223], [42, 97], [22, 199], [1566, 67], [1133, 153], [1821, 110], [453, 195], [453, 146], [374, 119], [453, 204], [1032, 252], [530, 147], [1017, 278], [530, 112], [374, 194], [455, 44], [1821, 210], [1017, 277], [453, 264], [1568, 30], [1016, 288], [1170, 126], [1048, 177], [374, 50], [111, 120], [1631, 178], [453, 178], [22, 247], [1326, 115], [1821, 102], [1898, 18], [1821, 88], [215, 186], [532, 198], [1231, 224], [1950, 53], [172, 267], [453, 160], [1566, 61], [453, 177], [374, 78], [22, 189], [1706, 214], [374, 161], [851, 193], [1048, 70], [1935, 20], [1898, 95], [1763, 41], [1048, 178], [1950, 170], [1014, 63], [1706, 180], [1149, 17], [453, 286], [1170, 31], [215, 201], [1126, 274], [1126, 277], [1994, 85], [22, 149], [1126, 221], [1890, 196], [453, 212], [1032, 200], [974, 27], [974, 88], [374, 197], [1126, 30]], "mean": 0.0206298828125}