{"vals": [3.796875, 3.125, 3.0, 2.875, 2.609375, 2.59375, 2.359375, 2.03125, 1.515625, 1.484375, 1.453125, 1.3828125, 1.375, 1.3359375, 1.328125, 1.3203125, 1.28125, 1.1015625, 1.078125, 1.078125, 1.0234375, 0.9921875, 0.98046875, 0.9296875, 0.92578125, 0.875, 0.8671875, 0.86328125, 0.85546875, 0.85546875, 0.8203125, 0.77734375, 0.77734375, 0.76171875, 0.75390625, 0.73046875, 0.72265625, 0.6875, 0.68359375, 0.6796875, 0.64453125, 0.62890625, 0.609375, 0.59765625, 0.59375, 0.5859375, 0.58203125, 0.56640625, 0.55859375, 0.55078125, 0.546875, 0.546875, 0.53515625, 0.53515625, 0.53125, 0.53125, 0.52734375, 0.52734375, 0.52734375, 0.5234375, 0.51953125, 0.515625, 0.515625, 0.50390625, 0.50390625, 0.498046875, 0.494140625, 0.48828125, 0.48828125, 0.478515625, 0.478515625, 0.4765625, 0.474609375, 0.474609375, 0.474609375, 0.47265625, 0.47265625, 0.47265625, 0.470703125, 0.466796875, 0.466796875, 0.4609375, 0.45703125, 0.45703125, 0.451171875, 0.4453125, 0.443359375, 0.44140625, 0.44140625, 0.44140625, 0.431640625, 0.4296875, 0.427734375, 0.427734375, 0.42578125, 0.42578125, 0.42578125, 0.421875, 0.421875, 0.419921875], "inds": [[599, 150], [423, 141], [355, 130], [355, 136], [4, 238], [1038, 85], [43, 124], [1890, 264], [1188, 137], [609, 223], [1, 216], [175, 197], [355, 129], [1205, 281], [910, 250], [222, 60], [459, 142], [1060, 256], [634, 267], [992, 152], [1747, 49], [1431, 85], [1639, 272], [1174, 41], [952, 129], [1632, 17], [1585, 259], [358, 219], [453, 93], [634, 180], [1701, 137], [1542, 158], [793, 153], [1585, 159], [912, 234], [222, 44], [355, 113], [175, 195], [11, 25], [1902, 194], [793, 132], [1285, 231], [1705, 268], [355, 121], [1417, 251], [1164, 36], [227, 103], [402, 125], [1747, 101], [186, 185], [1614, 297], [1585, 184], [1048, 78], [549, 60], [813, 253], [1146, 42], [1174, 72], [1705, 183], [1169, 207], [196, 87], [74, 66], [645, 260], [1188, 148], [461, 76], [910, 155], [1101, 228], [1585, 237], [1983, 206], [1938, 271], [1623, 43], [905, 167], [1149, 259], [456, 116], [1996, 192], [1045, 97], [869, 253], [316, 86], [1512, 147], [1131, 113], [1847, 100], [1887, 148], [1790, 216], [532, 265], [1851, 187], [590, 240], [645, 236], [1908, 85], [1075, 181], [1273, 180], [793, 122], [1950, 219], [1352, 282], [178, 91], [1914, 238], [402, 177], [1392, 206], [1698, 109], [1929, 183], [461, 25], [1321, 64]], "mean": 0.0010223388671875}