{"vals": [3.125, 2.984375, 2.71875, 2.609375, 2.578125, 2.203125, 1.9609375, 1.9609375, 1.8984375, 1.7265625, 1.6796875, 1.640625, 1.6171875, 1.609375, 1.609375, 1.4921875, 1.4921875, 1.4609375, 1.4453125, 1.4375, 1.4296875, 1.421875, 1.390625, 1.3828125, 1.359375, 1.3515625, 1.328125, 1.2734375, 1.265625, 1.2421875, 1.21875, 1.21875, 1.2109375, 1.1875, 1.1796875, 1.15625, 1.1484375, 1.140625, 1.140625, 1.125, 1.125, 1.125, 1.09375, 1.0859375, 1.078125, 1.0625, 1.046875, 1.046875, 1.0390625, 1.03125, 1.03125, 1.015625, 1.015625, 1.015625, 0.984375, 0.98046875, 0.96875, 0.9609375, 0.95703125, 0.953125, 0.9375, 0.93359375, 0.9140625, 0.9140625, 0.90625, 0.8984375, 0.89453125, 0.89453125, 0.890625, 0.88671875, 0.8828125, 0.87890625, 0.86328125, 0.859375, 0.84765625, 0.84765625, 0.84375, 0.83984375, 0.83984375, 0.8359375, 0.8359375, 0.8359375, 0.83203125, 0.8125, 0.8125, 0.8125, 0.80859375, 0.8046875, 0.8046875, 0.80078125, 0.80078125, 0.796875, 0.7890625, 0.78515625, 0.78125, 0.77734375, 0.77734375, 0.77734375, 0.7734375, 0.76953125], "inds": [[590, 158], [1292, 121], [289, 242], [404, 279], [712, 258], [1188, 261], [905, 164], [1383, 210], [1432, 212], [1303, 123], [255, 168], [289, 179], [293, 135], [1135, 295], [911, 218], [852, 231], [1300, 88], [293, 122], [1669, 83], [822, 71], [579, 269], [1869, 81], [1001, 155], [622, 283], [1869, 204], [112, 270], [1851, 43], [435, 209], [732, 97], [1639, 69], [1843, 62], [1459, 223], [455, 73], [1708, 174], [435, 202], [821, 241], [1009, 275], [1415, 64], [293, 225], [144, 205], [568, 60], [1515, 97], [100, 244], [911, 216], [517, 129], [293, 130], [905, 163], [862, 72], [1303, 91], [175, 197], [874, 50], [1724, 175], [334, 122], [1632, 90], [1312, 291], [788, 139], [47, 26], [864, 88], [1131, 287], [750, 68], [992, 174], [134, 203], [1108, 117], [1469, 198], [1237, 136], [1499, 141], [653, 100], [216, 251], [2, 70], [1530, 232], [1092, 214], [1943, 261], [186, 139], [1160, 168], [1714, 221], [1305, 57], [216, 257], [855, 263], [451, 37], [867, 201], [427, 282], [909, 71], [1252, 174], [1428, 248], [241, 294], [574, 14], [1178, 197], [916, 93], [1955, 170], [455, 182], [1343, 35], [1944, 269], [1883, 119], [61, 262], [1514, 190], [1103, 230], [1596, 263], [670, 293], [455, 75], [788, 80]], "mean": 0.0185546875}