{"vals": [4.4375, 3.671875, 2.71875, 2.296875, 2.1875, 2.140625, 2.125, 1.7734375, 1.75, 1.3046875, 1.21875, 1.203125, 1.1953125, 1.1875, 1.1640625, 1.1171875, 1.078125, 1.046875, 1.0078125, 0.9921875, 0.98828125, 0.9765625, 0.9609375, 0.9296875, 0.92578125, 0.90625, 0.8984375, 0.8984375, 0.8828125, 0.84375, 0.83984375, 0.8359375, 0.8125, 0.765625, 0.71875, 0.69140625, 0.6875, 0.6875, 0.67578125, 0.66796875, 0.66796875, 0.65234375, 0.63671875, 0.609375, 0.6015625, 0.6015625, 0.57421875, 0.5546875, 0.54296875, 0.54296875, 0.5390625, 0.53125, 0.51953125, 0.515625, 0.515625, 0.50390625, 0.50390625, 0.5, 0.49609375, 0.4921875, 0.484375, 0.482421875, 0.482421875, 0.478515625, 0.478515625, 0.474609375, 0.46875, 0.46875, 0.466796875, 0.466796875, 0.462890625, 0.455078125, 0.451171875, 0.443359375, 0.4375, 0.431640625, 0.431640625, 0.431640625, 0.4296875, 0.42578125, 0.423828125, 0.419921875, 0.4140625, 0.4140625, 0.408203125, 0.408203125, 0.408203125, 0.40625, 0.404296875, 0.404296875, 0.40234375, 0.400390625, 0.400390625, 0.400390625, 0.400390625, 0.400390625, 0.396484375, 0.388671875, 0.3828125, 0.3828125], "inds": [[1287, 45], [721, 149], [721, 151], [391, 70], [721, 148], [1225, 61], [99, 77], [1225, 60], [1826, 44], [587, 137], [788, 84], [242, 60], [1626, 44], [1626, 45], [1950, 38], [58, 43], [1119, 191], [882, 171], [1643, 249], [16, 201], [1926, 290], [355, 170], [1225, 59], [1572, 193], [721, 58], [391, 60], [721, 105], [447, 131], [1702, 55], [391, 210], [1926, 194], [1926, 156], [1672, 186], [1600, 92], [1180, 21], [1119, 133], [721, 104], [1626, 35], [847, 289], [996, 42], [1643, 276], [1119, 172], [1826, 157], [1904, 154], [1119, 154], [1440, 113], [1702, 56], [702, 242], [520, 104], [212, 181], [1950, 188], [307, 263], [391, 209], [1590, 255], [949, 238], [721, 55], [212, 184], [1926, 92], [232, 189], [872, 52], [1926, 58], [242, 82], [1440, 91], [1626, 43], [1440, 111], [1020, 68], [391, 47], [1826, 196], [1600, 151], [391, 281], [1950, 190], [958, 104], [1225, 55], [1643, 187], [1045, 87], [1327, 298], [416, 135], [1626, 149], [375, 218], [1702, 58], [1194, 101], [1619, 178], [54, 112], [974, 64], [895, 204], [1790, 108], [172, 126], [1926, 128], [1429, 245], [1926, 259], [698, 40], [520, 105], [255, 198], [1119, 272], [1643, 166], [1650, 11], [590, 171], [1327, 219], [391, 68], [520, 239]], "mean": 0.0027923583984375}