{"vals": [2.859375, 2.296875, 2.125, 1.9765625, 1.7734375, 1.703125, 1.640625, 1.609375, 1.6015625, 1.5859375, 1.5625, 1.5390625, 1.5390625, 1.53125, 1.5234375, 1.5078125, 1.484375, 1.4375, 1.421875, 1.390625, 1.3671875, 1.3671875, 1.3515625, 1.3515625, 1.3359375, 1.3125, 1.2578125, 1.25, 1.234375, 1.2265625, 1.21875, 1.2109375, 1.1875, 1.1640625, 1.1484375, 1.140625, 1.1171875, 1.1015625, 1.09375, 1.0859375, 1.0859375, 1.0625, 1.0625, 1.046875, 1.046875, 1.0390625, 1.0390625, 1.0078125, 0.98828125, 0.95703125, 0.953125, 0.94921875, 0.94921875, 0.9453125, 0.9453125, 0.94140625, 0.94140625, 0.921875, 0.91796875, 0.91015625, 0.90234375, 0.8984375, 0.89453125, 0.890625, 0.890625, 0.890625, 0.8828125, 0.87890625, 0.875, 0.875, 0.87109375, 0.87109375, 0.8671875, 0.8671875, 0.86328125, 0.8515625, 0.84765625, 0.83984375, 0.828125, 0.81640625, 0.80859375, 0.80859375, 0.80859375, 0.80859375, 0.80078125, 0.80078125, 0.796875, 0.77734375, 0.7734375, 0.7734375, 0.76953125, 0.76953125, 0.75390625, 0.75390625, 0.75, 0.75, 0.75, 0.75, 0.74609375, 0.74609375], "inds": [[39, 16], [1843, 62], [971, 27], [35, 79], [11, 14], [1267, 156], [788, 92], [1173, 258], [891, 36], [1651, 35], [1973, 209], [1122, 36], [867, 260], [1088, 15], [1888, 268], [605, 21], [600, 39], [435, 187], [1705, 118], [491, 15], [1585, 14], [1774, 90], [1489, 95], [416, 135], [351, 11], [852, 231], [1428, 153], [289, 127], [1255, 197], [272, 21], [716, 246], [105, 22], [525, 27], [1154, 43], [1392, 23], [1582, 32], [1361, 213], [837, 25], [903, 35], [151, 182], [504, 100], [329, 174], [1057, 16], [1869, 159], [282, 16], [1242, 36], [1217, 14], [600, 40], [1601, 19], [1707, 19], [1656, 70], [1354, 50], [1056, 15], [321, 19], [95, 26], [1128, 212], [1222, 19], [103, 252], [792, 12], [1615, 21], [1416, 25], [1890, 264], [826, 224], [1010, 10], [1009, 10], [1012, 10], [149, 80], [186, 139], [1554, 12], [319, 102], [1035, 23], [1545, 20], [1972, 215], [422, 20], [997, 12], [949, 254], [1406, 73], [638, 14], [350, 35], [600, 49], [724, 53], [1077, 18], [562, 264], [448, 15], [181, 201], [1132, 11], [1950, 15], [1397, 20], [106, 117], [479, 25], [233, 86], [589, 125], [1032, 49], [1371, 131], [716, 230], [1564, 180], [1307, 64], [630, 39], [959, 16], [134, 177]], "mean": 0.0157470703125}