{"vals": [3.75, 2.53125, 2.34375, 2.109375, 1.9609375, 1.890625, 1.703125, 1.5859375, 1.5703125, 1.5390625, 1.53125, 1.5234375, 1.515625, 1.3671875, 1.3203125, 1.3203125, 1.2734375, 1.2734375, 1.203125, 1.1953125, 1.1875, 1.140625, 1.1015625, 1.0703125, 1.0703125, 1.0625, 1.0625, 1.0390625, 1.0234375, 1.015625, 1.0, 0.9765625, 0.9765625, 0.97265625, 0.9453125, 0.92578125, 0.921875, 0.8984375, 0.89453125, 0.890625, 0.890625, 0.890625, 0.8828125, 0.87109375, 0.8515625, 0.8359375, 0.828125, 0.82421875, 0.81640625, 0.8125, 0.796875, 0.79296875, 0.78515625, 0.78125, 0.78125, 0.78125, 0.78125, 0.7734375, 0.76171875, 0.76171875, 0.75390625, 0.74609375, 0.74609375, 0.74609375, 0.734375, 0.73046875, 0.71875, 0.71484375, 0.70703125, 0.70703125, 0.703125, 0.703125, 0.703125, 0.703125, 0.703125, 0.69921875, 0.6953125, 0.69140625, 0.69140625, 0.69140625, 0.69140625, 0.6875, 0.6875, 0.6875, 0.6875, 0.6875, 0.68359375, 0.68359375, 0.6796875, 0.6796875, 0.67578125, 0.66796875, 0.6640625, 0.66015625, 0.66015625, 0.66015625, 0.65625, 0.65625, 0.65234375, 0.65234375], "inds": [[867, 260], [1582, 32], [1802, 249], [808, 103], [404, 279], [277, 40], [1715, 173], [1341, 80], [1623, 141], [1106, 288], [948, 185], [1457, 80], [202, 109], [185, 242], [788, 139], [1795, 55], [13, 225], [1705, 200], [1410, 226], [1577, 151], [138, 51], [220, 127], [1573, 72], [679, 21], [905, 164], [1802, 247], [1098, 31], [532, 92], [126, 29], [851, 237], [1585, 14], [1772, 119], [716, 267], [887, 236], [233, 186], [1569, 149], [1894, 102], [1414, 40], [1179, 16], [1474, 266], [1021, 88], [1435, 139], [247, 102], [233, 187], [934, 224], [1631, 144], [1489, 114], [131, 117], [1988, 109], [307, 168], [185, 250], [1776, 278], [1952, 296], [773, 247], [300, 80], [1545, 73], [1748, 54], [1756, 156], [987, 173], [1456, 170], [1832, 91], [1694, 49], [23, 176], [5, 251], [1727, 224], [1541, 97], [458, 67], [1035, 23], [1790, 134], [207, 76], [1, 17], [427, 216], [1505, 86], [891, 174], [300, 82], [1868, 76], [132, 111], [1249, 93], [1490, 75], [388, 117], [1794, 34], [1794, 50], [1535, 208], [1358, 247], [457, 109], [1492, 140], [1266, 158], [397, 172], [1103, 246], [343, 248], [728, 39], [100, 244], [135, 285], [716, 51], [198, 121], [1607, 244], [405, 53], [1675, 249], [1569, 146], [620, 277]], "mean": 0.01531982421875}