{"vals": [2.859375, 1.5859375, 1.3046875, 1.25, 1.2265625, 1.078125, 1.0, 0.8984375, 0.87109375, 0.85546875, 0.8359375, 0.81640625, 0.8125, 0.80859375, 0.8046875, 0.796875, 0.7734375, 0.76953125, 0.74609375, 0.71484375, 0.703125, 0.69921875, 0.69140625, 0.67578125, 0.6640625, 0.66015625, 0.65625, 0.64453125, 0.64453125, 0.63671875, 0.6328125, 0.62890625, 0.62890625, 0.62890625, 0.625, 0.62109375, 0.62109375, 0.6171875, 0.60546875, 0.6015625, 0.6015625, 0.59375, 0.578125, 0.578125, 0.57421875, 0.5703125, 0.5703125, 0.56640625, 0.5625, 0.55078125, 0.55078125, 0.55078125, 0.5390625, 0.51953125, 0.51953125, 0.515625, 0.51171875, 0.5078125, 0.50390625, 0.5, 0.49609375, 0.4921875, 0.48828125, 0.486328125, 0.486328125, 0.484375, 0.484375, 0.484375, 0.48046875, 0.4765625, 0.474609375, 0.47265625, 0.46875, 0.46484375, 0.462890625, 0.462890625, 0.4609375, 0.458984375, 0.455078125, 0.453125, 0.451171875, 0.4453125, 0.443359375, 0.443359375, 0.4375, 0.4375, 0.431640625, 0.4296875, 0.427734375, 0.42578125, 0.416015625, 0.416015625, 0.4140625, 0.412109375, 0.41015625, 0.40625, 0.40625, 0.40625, 0.40234375, 0.400390625], "inds": [[95, 233], [967, 56], [1124, 222], [1356, 55], [1570, 88], [678, 39], [934, 176], [218, 247], [188, 257], [434, 171], [196, 128], [1649, 58], [540, 113], [423, 170], [1419, 277], [1444, 48], [1635, 59], [5, 76], [1685, 46], [1776, 118], [84, 89], [487, 54], [1762, 55], [1707, 174], [1117, 169], [344, 81], [1699, 7], [1406, 169], [410, 236], [831, 179], [1356, 57], [1568, 155], [849, 105], [1968, 161], [160, 141], [582, 59], [711, 11], [1951, 40], [337, 203], [1039, 126], [407, 53], [881, 128], [532, 132], [95, 162], [1173, 258], [948, 185], [49, 68], [966, 180], [1630, 298], [1861, 71], [1102, 114], [1996, 75], [271, 259], [445, 37], [1280, 124], [1365, 204], [412, 35], [341, 25], [610, 113], [1187, 192], [113, 130], [1617, 110], [698, 130], [568, 276], [426, 74], [1706, 80], [1343, 281], [1021, 88], [1611, 51], [56, 12], [1911, 19], [895, 43], [582, 12], [548, 201], [443, 43], [667, 31], [1816, 207], [571, 99], [398, 122], [1519, 101], [1843, 59], [831, 180], [1613, 149], [448, 223], [702, 219], [1183, 177], [254, 102], [1286, 96], [1095, 181], [764, 61], [644, 117], [31, 55], [354, 76], [1428, 106], [1710, 6], [945, 29], [833, 80], [974, 264], [1191, 23], [1715, 177]], "mean": 0.006103515625}