{"vals": [2.03125, 1.609375, 1.4375, 1.4296875, 1.3828125, 1.359375, 1.34375, 1.328125, 1.3125, 1.3046875, 1.2890625, 1.265625, 1.25, 1.25, 1.234375, 1.1640625, 1.140625, 1.125, 1.109375, 1.109375, 1.109375, 1.09375, 1.0703125, 1.0625, 1.03125, 1.0234375, 1.0078125, 0.9765625, 0.9453125, 0.9453125, 0.921875, 0.91796875, 0.91796875, 0.89453125, 0.89453125, 0.88671875, 0.8828125, 0.875, 0.87109375, 0.8671875, 0.8671875, 0.859375, 0.85546875, 0.8515625, 0.84765625, 0.83203125, 0.828125, 0.81640625, 0.81640625, 0.8125, 0.80859375, 0.8046875, 0.80078125, 0.78515625, 0.78125, 0.77734375, 0.76953125, 0.76953125, 0.765625, 0.76171875, 0.76171875, 0.75390625, 0.75390625, 0.75, 0.74609375, 0.7421875, 0.7421875, 0.7421875, 0.7265625, 0.71875, 0.71875, 0.71875, 0.71484375, 0.71484375, 0.71484375, 0.71484375, 0.7109375, 0.7109375, 0.70703125, 0.70703125, 0.703125, 0.69921875, 0.69921875, 0.69140625, 0.6875, 0.68359375, 0.68359375, 0.68359375, 0.68359375, 0.6796875, 0.6796875, 0.6796875, 0.67578125, 0.67578125, 0.67578125, 0.671875, 0.671875, 0.671875, 0.66796875, 0.66796875], "inds": [[967, 65], [536, 124], [716, 234], [729, 39], [1355, 30], [134, 263], [1796, 273], [925, 70], [1205, 293], [935, 214], [517, 239], [1955, 177], [711, 220], [1569, 225], [467, 150], [1317, 141], [194, 99], [843, 88], [282, 34], [916, 285], [1575, 14], [1962, 242], [949, 250], [1042, 285], [1919, 83], [438, 57], [1604, 71], [1087, 129], [939, 63], [754, 170], [1552, 161], [1557, 187], [1113, 100], [866, 292], [1929, 189], [1006, 251], [1304, 62], [847, 196], [1287, 155], [1919, 110], [1223, 26], [168, 162], [377, 92], [1368, 206], [1774, 122], [1417, 211], [193, 142], [1126, 182], [1978, 70], [1591, 113], [121, 108], [282, 33], [1462, 228], [394, 130], [1304, 161], [891, 201], [10, 179], [856, 147], [223, 263], [1659, 127], [483, 156], [490, 91], [843, 60], [935, 212], [1984, 151], [1737, 240], [879, 117], [938, 30], [1290, 20], [1289, 242], [1157, 278], [788, 84], [149, 102], [1283, 112], [1954, 149], [1993, 280], [1364, 234], [1168, 39], [1334, 83], [1365, 205], [1639, 162], [1950, 195], [602, 88], [1509, 68], [895, 18], [1672, 204], [206, 72], [1292, 82], [1794, 187], [1361, 155], [1088, 70], [1932, 117], [68, 99], [879, 95], [4, 185], [38, 153], [1177, 67], [622, 206], [1717, 281], [404, 247]], "mean": 0.0126953125}