{"vals": [4.03125, 3.265625, 3.15625, 2.984375, 2.625, 2.453125, 2.328125, 2.328125, 2.15625, 2.15625, 2.125, 1.9296875, 1.8828125, 1.8671875, 1.8671875, 1.8515625, 1.7578125, 1.734375, 1.7265625, 1.6796875, 1.6796875, 1.671875, 1.6328125, 1.59375, 1.5625, 1.5546875, 1.5546875, 1.5390625, 1.53125, 1.5234375, 1.4765625, 1.4765625, 1.4765625, 1.4765625, 1.46875, 1.4375, 1.4375, 1.4375, 1.4296875, 1.4140625, 1.4140625, 1.4140625, 1.375, 1.3515625, 1.3515625, 1.34375, 1.3203125, 1.3125, 1.3046875, 1.296875, 1.296875, 1.2890625, 1.2734375, 1.2734375, 1.265625, 1.265625, 1.2578125, 1.25, 1.25, 1.2421875, 1.2421875, 1.234375, 1.2265625, 1.2265625, 1.21875, 1.2109375, 1.203125, 1.203125, 1.1953125, 1.1953125, 1.1953125, 1.1953125, 1.1953125, 1.1640625, 1.15625, 1.1484375, 1.1484375, 1.1484375, 1.1484375, 1.1484375, 1.140625, 1.1328125, 1.125, 1.109375, 1.1015625, 1.1015625, 1.09375, 1.09375, 1.0859375, 1.0859375, 1.0859375, 1.0859375, 1.0859375, 1.078125, 1.078125, 1.0703125, 1.0703125, 1.0703125, 1.0703125, 1.0703125], "inds": [[1415, 64], [329, 225], [1292, 121], [329, 244], [1303, 170], [95, 15], [186, 139], [1135, 153], [491, 39], [289, 242], [1415, 70], [1292, 114], [3, 131], [62, 97], [616, 21], [685, 127], [1232, 141], [967, 56], [590, 166], [849, 105], [590, 257], [1877, 144], [914, 95], [1593, 92], [649, 209], [388, 117], [461, 159], [1962, 242], [1487, 121], [1794, 206], [1831, 121], [1381, 119], [1512, 147], [1996, 58], [294, 275], [873, 243], [1174, 155], [418, 102], [1564, 106], [322, 274], [1135, 148], [1927, 195], [1227, 104], [1962, 190], [142, 288], [556, 66], [1686, 211], [816, 83], [22, 197], [962, 93], [1125, 182], [852, 231], [117, 71], [1920, 220], [197, 138], [1692, 212], [1443, 56], [1303, 282], [551, 168], [173, 161], [1210, 156], [275, 258], [1923, 130], [1794, 141], [178, 228], [1380, 77], [1296, 208], [1185, 91], [1134, 168], [1726, 76], [1913, 26], [1303, 165], [182, 153], [1467, 208], [983, 258], [232, 25], [1923, 201], [255, 141], [1220, 36], [598, 230], [1128, 195], [438, 141], [1058, 166], [705, 55], [179, 81], [938, 234], [320, 48], [1306, 84], [27, 115], [1419, 116], [1895, 93], [1321, 192], [1623, 144], [791, 45], [22, 227], [53, 263], [472, 112], [1835, 140], [284, 94], [1514, 52]], "mean": 0.0216064453125}