{"vals": [3.875, 3.875, 3.21875, 2.640625, 2.265625, 2.140625, 2.0625, 2.015625, 1.984375, 1.84375, 1.828125, 1.7890625, 1.75, 1.7421875, 1.7265625, 1.703125, 1.625, 1.421875, 1.4140625, 1.40625, 1.3984375, 1.3671875, 1.3515625, 1.2890625, 1.28125, 1.2578125, 1.2578125, 1.21875, 1.2109375, 1.1953125, 1.171875, 1.1640625, 1.1484375, 1.1484375, 1.125, 1.125, 1.0859375, 1.078125, 1.078125, 1.0703125, 1.0546875, 1.0546875, 1.046875, 1.046875, 1.0234375, 1.015625, 1.015625, 1.0, 1.0, 1.0, 1.0, 0.99609375, 0.98828125, 0.98046875, 0.9765625, 0.9765625, 0.96875, 0.96484375, 0.95703125, 0.95703125, 0.953125, 0.94140625, 0.93359375, 0.92578125, 0.921875, 0.90625, 0.90234375, 0.890625, 0.890625, 0.8671875, 0.86328125, 0.86328125, 0.85546875, 0.8515625, 0.84765625, 0.84375, 0.83984375, 0.83203125, 0.828125, 0.82421875, 0.8203125, 0.81640625, 0.80859375, 0.80078125, 0.80078125, 0.80078125, 0.80078125, 0.796875, 0.79296875, 0.7890625, 0.78515625, 0.77734375, 0.77734375, 0.77734375, 0.77734375, 0.77734375, 0.765625, 0.76171875, 0.76171875, 0.7578125], "inds": [[1697, 126], [1127, 78], [1515, 295], [372, 215], [1486, 171], [394, 221], [394, 176], [1504, 285], [996, 264], [511, 183], [1550, 235], [590, 145], [1846, 138], [1991, 62], [25, 153], [36, 175], [228, 271], [554, 233], [353, 193], [54, 44], [1856, 186], [971, 27], [983, 181], [1890, 49], [1441, 12], [1000, 128], [1888, 268], [498, 286], [996, 160], [1792, 175], [975, 243], [1233, 61], [745, 235], [1392, 190], [1796, 165], [1721, 211], [1856, 187], [479, 272], [1430, 106], [342, 137], [690, 178], [290, 193], [1632, 219], [590, 162], [1069, 93], [1534, 134], [1220, 115], [1085, 48], [1467, 208], [945, 82], [801, 264], [665, 282], [602, 251], [1007, 120], [1607, 178], [1657, 153], [1895, 105], [1521, 246], [314, 203], [48, 212], [576, 222], [945, 75], [1331, 272], [576, 221], [968, 115], [414, 202], [1160, 146], [1276, 69], [387, 248], [1582, 174], [1895, 217], [1796, 247], [576, 241], [479, 271], [1642, 163], [1851, 96], [624, 170], [1359, 149], [1225, 278], [195, 252], [1303, 123], [1323, 183], [867, 107], [1738, 191], [436, 95], [1843, 203], [1173, 258], [342, 80], [1852, 285], [1987, 180], [1570, 205], [1205, 269], [1274, 129], [881, 196], [1856, 90], [1331, 273], [918, 85], [1932, 176], [479, 204], [1038, 288]], "mean": 0.006683349609375}