{"vals": [2.015625, 1.84375, 1.6640625, 1.5, 1.2421875, 1.1796875, 1.171875, 1.171875, 1.0546875, 1.0390625, 1.015625, 1.015625, 0.94140625, 0.9296875, 0.91796875, 0.9140625, 0.8828125, 0.8828125, 0.859375, 0.85546875, 0.8515625, 0.84375, 0.83984375, 0.83984375, 0.83203125, 0.8203125, 0.81640625, 0.796875, 0.79296875, 0.7890625, 0.7734375, 0.765625, 0.76171875, 0.74609375, 0.74609375, 0.7421875, 0.7421875, 0.7421875, 0.73828125, 0.734375, 0.734375, 0.734375, 0.7265625, 0.71875, 0.71484375, 0.71484375, 0.71484375, 0.71484375, 0.7109375, 0.7109375, 0.7109375, 0.70703125, 0.70703125, 0.70703125, 0.6953125, 0.69140625, 0.68359375, 0.68359375, 0.67578125, 0.67578125, 0.671875, 0.66796875, 0.6640625, 0.65234375, 0.6484375, 0.64453125, 0.64453125, 0.6328125, 0.625, 0.62109375, 0.6171875, 0.61328125, 0.61328125, 0.61328125, 0.61328125, 0.609375, 0.60546875, 0.6015625, 0.6015625, 0.59765625, 0.59765625, 0.59765625, 0.59375, 0.58984375, 0.5859375, 0.5859375, 0.5859375, 0.5859375, 0.58203125, 0.58203125, 0.578125, 0.578125, 0.578125, 0.57421875, 0.57421875, 0.5703125, 0.5703125, 0.5703125, 0.5703125, 0.56640625], "inds": [[714, 237], [875, 31], [330, 163], [1204, 168], [957, 43], [1772, 83], [1535, 125], [866, 17], [1139, 37], [648, 56], [609, 172], [533, 291], [1843, 101], [767, 42], [1641, 226], [1267, 156], [1459, 29], [444, 256], [1571, 121], [1886, 51], [1113, 57], [1535, 77], [959, 35], [307, 171], [1105, 295], [1088, 78], [1088, 79], [1557, 52], [35, 79], [506, 106], [1204, 177], [879, 17], [1549, 46], [371, 34], [169, 34], [1555, 258], [1202, 296], [1633, 252], [1076, 13], [506, 73], [112, 64], [168, 16], [1013, 14], [454, 70], [1557, 84], [1, 16], [81, 125], [660, 48], [1189, 120], [139, 88], [491, 245], [316, 114], [1489, 95], [1077, 112], [1765, 22], [663, 72], [1293, 272], [899, 285], [661, 169], [870, 228], [1676, 50], [454, 43], [1154, 22], [1463, 97], [1231, 26], [924, 20], [1825, 234], [1918, 137], [869, 105], [1293, 62], [1676, 15], [371, 36], [1224, 90], [744, 84], [1813, 236], [307, 170], [1828, 24], [104, 55], [148, 69], [1772, 81], [495, 60], [199, 13], [1579, 246], [1242, 36], [1875, 46], [1946, 63], [1109, 26], [1113, 75], [291, 134], [194, 53], [1328, 46], [368, 125], [1492, 101], [623, 56], [1194, 47], [1855, 103], [875, 220], [18, 24], [1320, 27], [1326, 13]], "mean": 0.01226806640625}