{"vals": [3.21875, 2.546875, 2.296875, 1.828125, 1.75, 1.75, 1.734375, 1.6015625, 1.4375, 1.390625, 1.359375, 1.296875, 1.2734375, 1.234375, 1.171875, 1.1484375, 1.125, 1.09375, 1.0703125, 1.0078125, 0.984375, 0.9765625, 0.94921875, 0.92578125, 0.91015625, 0.890625, 0.88671875, 0.8828125, 0.87890625, 0.8671875, 0.859375, 0.859375, 0.84765625, 0.83203125, 0.8203125, 0.8203125, 0.8125, 0.796875, 0.78515625, 0.78125, 0.765625, 0.7421875, 0.73828125, 0.73046875, 0.72265625, 0.71875, 0.7109375, 0.70703125, 0.703125, 0.703125, 0.6953125, 0.69140625, 0.6875, 0.671875, 0.671875, 0.671875, 0.671875, 0.671875, 0.6640625, 0.66015625, 0.65625, 0.65234375, 0.65234375, 0.65234375, 0.6484375, 0.6484375, 0.64453125, 0.6328125, 0.62890625, 0.625, 0.60546875, 0.59765625, 0.59765625, 0.59765625, 0.59375, 0.59375, 0.59375, 0.58984375, 0.5859375, 0.58203125, 0.58203125, 0.578125, 0.57421875, 0.5703125, 0.5625, 0.55859375, 0.5546875, 0.5546875, 0.55078125, 0.55078125, 0.546875, 0.5390625, 0.53515625, 0.53515625, 0.53515625, 0.53125, 0.53125, 0.52734375, 0.51171875, 0.51171875], "inds": [[867, 260], [730, 244], [511, 152], [103, 252], [1351, 158], [1134, 168], [511, 77], [1851, 43], [1304, 237], [1, 16], [1414, 206], [1596, 263], [1267, 215], [1487, 39], [1284, 116], [543, 199], [1909, 58], [192, 118], [1284, 127], [1927, 26], [1255, 197], [1942, 38], [722, 98], [1821, 100], [1266, 288], [277, 40], [1847, 105], [1507, 110], [1808, 33], [406, 257], [847, 95], [798, 25], [868, 159], [1633, 111], [1316, 161], [237, 21], [1205, 265], [1734, 63], [1074, 151], [427, 216], [272, 91], [1243, 264], [1866, 76], [1389, 94], [514, 36], [1141, 180], [37, 173], [1103, 231], [1351, 136], [1351, 106], [423, 186], [348, 59], [1154, 20], [507, 249], [479, 274], [89, 155], [1736, 51], [1811, 232], [1273, 46], [1943, 39], [766, 68], [1313, 294], [1741, 223], [1371, 170], [1302, 44], [271, 279], [1421, 186], [1912, 54], [1811, 131], [1691, 154], [667, 262], [233, 147], [1968, 52], [1069, 232], [1887, 149], [1302, 43], [642, 56], [960, 49], [1736, 52], [350, 125], [1385, 249], [576, 107], [1092, 26], [1730, 127], [1811, 231], [1734, 220], [511, 48], [1211, 21], [1887, 294], [149, 131], [282, 19], [977, 146], [1128, 144], [1031, 75], [1399, 22], [227, 72], [319, 50], [479, 272], [507, 187], [766, 215]], "mean": 0.00799560546875}