{"vals": [7.71875, 5.96875, 2.96875, 2.671875, 2.046875, 2.03125, 1.8984375, 1.84375, 1.765625, 1.71875, 1.6171875, 1.4609375, 1.4296875, 1.390625, 1.375, 1.296875, 1.265625, 1.2578125, 1.171875, 1.171875, 1.1328125, 1.125, 1.0703125, 1.046875, 1.015625, 1.0, 0.96484375, 0.953125, 0.92578125, 0.89453125, 0.890625, 0.87890625, 0.85546875, 0.85546875, 0.85546875, 0.8515625, 0.84765625, 0.84375, 0.828125, 0.8203125, 0.8125, 0.79296875, 0.76953125, 0.76953125, 0.76171875, 0.76171875, 0.75, 0.73828125, 0.73828125, 0.734375, 0.69921875, 0.68359375, 0.671875, 0.671875, 0.6640625, 0.66015625, 0.65234375, 0.65234375, 0.63671875, 0.63671875, 0.6328125, 0.62109375, 0.61328125, 0.609375, 0.59765625, 0.58984375, 0.5859375, 0.58203125, 0.58203125, 0.578125, 0.578125, 0.578125, 0.57421875, 0.57421875, 0.5703125, 0.56640625, 0.5625, 0.55859375, 0.5546875, 0.5546875, 0.55078125, 0.55078125, 0.546875, 0.54296875, 0.53515625, 0.53125, 0.53125, 0.5234375, 0.5234375, 0.51953125, 0.51953125, 0.515625, 0.51171875, 0.5078125, 0.5, 0.498046875, 0.49609375, 0.494140625, 0.494140625, 0.4921875], "inds": [[460, 43], [212, 178], [137, 204], [855, 263], [855, 210], [831, 44], [722, 113], [513, 184], [74, 103], [1038, 226], [971, 27], [1576, 137], [183, 219], [791, 42], [1662, 80], [233, 86], [831, 151], [1209, 293], [1897, 82], [831, 89], [831, 50], [963, 101], [831, 56], [1460, 242], [504, 38], [240, 97], [385, 119], [1833, 72], [824, 293], [1597, 17], [404, 184], [1564, 154], [926, 256], [1074, 286], [34, 119], [1881, 172], [831, 143], [404, 96], [305, 254], [1869, 218], [971, 57], [1481, 155], [855, 275], [1668, 275], [1668, 273], [508, 16], [1876, 146], [1016, 292], [1612, 83], [790, 179], [1528, 225], [802, 49], [1774, 253], [353, 215], [723, 120], [1914, 65], [1869, 204], [1378, 12], [299, 35], [1612, 138], [1378, 44], [910, 102], [342, 65], [819, 272], [151, 182], [831, 129], [1457, 209], [174, 24], [1527, 232], [35, 79], [1015, 166], [949, 254], [995, 232], [1389, 95], [885, 192], [1156, 127], [1118, 64], [1695, 16], [1614, 222], [222, 141], [949, 230], [492, 276], [1298, 229], [1759, 74], [1614, 264], [294, 48], [577, 154], [1510, 171], [426, 60], [472, 251], [402, 195], [516, 194], [1011, 298], [1454, 103], [1272, 240], [995, 227], [824, 105], [743, 12], [1890, 171], [954, 220]], "mean": 0.00732421875}