{"vals": [4.84375, 3.109375, 2.25, 2.125, 1.9765625, 1.875, 1.6796875, 1.4921875, 1.3828125, 1.3125, 1.296875, 1.265625, 1.2109375, 1.1953125, 1.1875, 1.1640625, 1.1640625, 1.15625, 1.1484375, 1.109375, 1.0859375, 1.0703125, 1.0546875, 1.046875, 1.0390625, 1.0234375, 1.0, 0.98828125, 0.96484375, 0.96484375, 0.921875, 0.9140625, 0.890625, 0.88671875, 0.8828125, 0.8828125, 0.8671875, 0.85546875, 0.8515625, 0.84765625, 0.8359375, 0.8359375, 0.83203125, 0.83203125, 0.828125, 0.828125, 0.8125, 0.80078125, 0.796875, 0.796875, 0.796875, 0.79296875, 0.7890625, 0.78515625, 0.78515625, 0.78125, 0.78125, 0.7734375, 0.76953125, 0.76171875, 0.7578125, 0.7421875, 0.7421875, 0.7265625, 0.7265625, 0.7265625, 0.72265625, 0.71875, 0.7109375, 0.7109375, 0.70703125, 0.70703125, 0.703125, 0.703125, 0.69921875, 0.69921875, 0.69921875, 0.69140625, 0.69140625, 0.6875, 0.671875, 0.671875, 0.66796875, 0.66796875, 0.6640625, 0.65234375, 0.64453125, 0.63671875, 0.63671875, 0.63671875, 0.63671875, 0.62890625, 0.625, 0.62109375, 0.62109375, 0.6171875, 0.61328125, 0.61328125, 0.61328125, 0.61328125], "inds": [[404, 279], [1902, 157], [1821, 105], [590, 257], [569, 194], [1099, 201], [241, 110], [1704, 64], [1099, 178], [1313, 271], [1103, 190], [1143, 109], [693, 40], [1134, 168], [867, 260], [918, 225], [147, 57], [1902, 158], [964, 26], [1868, 89], [1114, 53], [1603, 56], [1313, 294], [868, 159], [1238, 188], [562, 264], [315, 103], [1705, 200], [498, 282], [289, 162], [1796, 247], [964, 256], [130, 187], [454, 178], [1303, 123], [404, 277], [280, 190], [699, 188], [1103, 230], [903, 64], [605, 21], [1650, 11], [1369, 188], [847, 249], [831, 56], [1632, 211], [452, 46], [491, 15], [1413, 68], [1384, 214], [177, 70], [1397, 20], [1503, 125], [964, 257], [836, 67], [647, 115], [556, 66], [1911, 191], [35, 204], [1021, 234], [1354, 229], [1432, 212], [1863, 107], [1596, 263], [1209, 293], [1594, 161], [1076, 13], [964, 232], [177, 71], [1204, 228], [343, 152], [50, 154], [1427, 59], [3, 151], [1538, 16], [128, 10], [1144, 213], [552, 35], [482, 133], [1519, 101], [192, 181], [1040, 50], [875, 31], [956, 89], [404, 280], [1844, 48], [1210, 294], [1569, 250], [1345, 109], [1569, 277], [1851, 159], [1033, 94], [1585, 14], [1844, 37], [1454, 126], [1417, 12], [881, 282], [1162, 123], [1871, 246], [967, 117]], "mean": 0.00958251953125}