{"vals": [2.078125, 1.296875, 1.109375, 1.09375, 0.9921875, 0.9921875, 0.9375, 0.921875, 0.890625, 0.890625, 0.80859375, 0.8046875, 0.80078125, 0.79296875, 0.78515625, 0.78515625, 0.75390625, 0.734375, 0.71484375, 0.70703125, 0.69140625, 0.69140625, 0.68359375, 0.6796875, 0.6640625, 0.66015625, 0.640625, 0.63671875, 0.6328125, 0.62109375, 0.609375, 0.60546875, 0.58203125, 0.58203125, 0.578125, 0.57421875, 0.56640625, 0.56640625, 0.55859375, 0.5546875, 0.5546875, 0.546875, 0.5390625, 0.53125, 0.53125, 0.53125, 0.5234375, 0.51953125, 0.51953125, 0.51953125, 0.515625, 0.515625, 0.515625, 0.51171875, 0.5, 0.4921875, 0.486328125, 0.484375, 0.484375, 0.4765625, 0.474609375, 0.474609375, 0.470703125, 0.46875, 0.46484375, 0.46484375, 0.4609375, 0.45703125, 0.455078125, 0.455078125, 0.455078125, 0.455078125, 0.453125, 0.44921875, 0.44921875, 0.447265625, 0.447265625, 0.4453125, 0.4453125, 0.4375, 0.43359375, 0.431640625, 0.4296875, 0.427734375, 0.42578125, 0.419921875, 0.416015625, 0.4140625, 0.412109375, 0.412109375, 0.412109375, 0.412109375, 0.412109375, 0.40625, 0.400390625, 0.3984375, 0.3984375, 0.396484375, 0.396484375, 0.39453125], "inds": [[1394, 21], [801, 170], [1091, 122], [1927, 31], [1971, 15], [819, 129], [1024, 199], [872, 235], [1351, 158], [1253, 137], [1333, 113], [609, 172], [243, 158], [816, 256], [418, 97], [1789, 52], [1446, 73], [1611, 72], [1463, 255], [485, 202], [1607, 244], [1060, 78], [1071, 130], [1787, 215], [609, 272], [690, 243], [847, 287], [1594, 160], [716, 246], [1134, 168], [875, 74], [1745, 32], [414, 231], [280, 51], [42, 152], [1596, 141], [333, 179], [147, 286], [859, 221], [875, 230], [1135, 295], [754, 60], [233, 64], [984, 95], [1805, 59], [890, 100], [394, 261], [1634, 263], [1432, 176], [766, 116], [1329, 76], [1220, 142], [507, 119], [192, 77], [801, 106], [1116, 281], [280, 153], [80, 89], [259, 108], [1484, 106], [568, 120], [370, 253], [711, 106], [792, 124], [484, 63], [1815, 34], [1908, 49], [1819, 184], [344, 110], [1080, 146], [86, 73], [418, 121], [1573, 211], [588, 220], [1913, 266], [1734, 53], [70, 47], [1619, 93], [1139, 230], [1208, 214], [716, 230], [253, 136], [444, 225], [1307, 161], [1559, 200], [984, 85], [1651, 35], [418, 103], [216, 251], [1382, 177], [1179, 67], [1463, 241], [516, 21], [913, 45], [1090, 263], [807, 32], [588, 250], [26, 72], [1422, 87], [1486, 48]], "mean": 0.00830078125}