{"vals": [8.75, 6.78125, 6.03125, 5.90625, 5.34375, 3.875, 3.859375, 3.171875, 2.875, 2.859375, 2.84375, 2.671875, 2.515625, 2.34375, 2.328125, 2.234375, 2.171875, 2.140625, 2.109375, 1.9609375, 1.921875, 1.921875, 1.6640625, 1.6484375, 1.640625, 1.625, 1.6015625, 1.6015625, 1.5546875, 1.53125, 1.4921875, 1.484375, 1.4296875, 1.4296875, 1.421875, 1.421875, 1.3984375, 1.3515625, 1.34375, 1.3203125, 1.3046875, 1.296875, 1.2890625, 1.28125, 1.2734375, 1.2578125, 1.25, 1.234375, 1.234375, 1.2265625, 1.21875, 1.2109375, 1.1875, 1.171875, 1.171875, 1.1640625, 1.140625, 1.140625, 1.1328125, 1.125, 1.125, 1.1015625, 1.1015625, 1.09375, 1.0859375, 1.0625, 1.046875, 1.046875, 1.0390625, 1.0234375, 1.015625, 0.99609375, 0.9921875, 0.98828125, 0.9765625, 0.97265625, 0.96875, 0.96484375, 0.96484375, 0.9609375, 0.95703125, 0.953125, 0.9453125, 0.94140625, 0.94140625, 0.9296875, 0.9140625, 0.9140625, 0.9140625, 0.9140625, 0.91015625, 0.91015625, 0.90625, 0.8828125, 0.87890625, 0.87109375, 0.87109375, 0.8671875, 0.8671875, 0.859375], "inds": [[1127, 78], [1238, 104], [454, 100], [1406, 73], [722, 196], [788, 80], [945, 169], [1527, 68], [1973, 209], [1812, 113], [1076, 13], [1725, 66], [1592, 21], [1979, 283], [1389, 124], [516, 21], [1238, 294], [700, 106], [1018, 102], [1415, 55], [347, 109], [1651, 35], [1018, 85], [562, 264], [1194, 107], [499, 25], [1593, 161], [855, 263], [1703, 135], [444, 253], [1805, 216], [1876, 149], [903, 35], [689, 28], [731, 123], [363, 187], [1262, 128], [1872, 78], [1405, 14], [89, 155], [1367, 172], [454, 269], [1820, 140], [849, 41], [1367, 166], [1601, 19], [1935, 278], [1367, 161], [882, 89], [838, 44], [1096, 238], [882, 223], [1415, 59], [1415, 57], [454, 268], [900, 24], [1522, 192], [418, 26], [605, 21], [106, 199], [1820, 216], [835, 148], [1262, 146], [938, 234], [1137, 19], [1820, 240], [1367, 177], [320, 166], [753, 21], [816, 59], [272, 21], [1238, 295], [1773, 16], [1019, 241], [750, 15], [1406, 67], [1869, 81], [165, 75], [1610, 234], [891, 36], [1597, 25], [1457, 109], [816, 12], [1775, 85], [195, 121], [667, 204], [1820, 196], [496, 225], [1748, 247], [831, 282], [352, 83], [1714, 221], [1292, 166], [588, 58], [1262, 131], [569, 17], [1222, 19], [1523, 12], [1059, 106], [1292, 67]], "mean": 0.00933837890625}