{"vals": [3.515625, 2.578125, 1.7890625, 1.6171875, 1.578125, 1.5234375, 1.484375, 1.46875, 1.390625, 1.359375, 1.28125, 1.265625, 1.21875, 1.125, 1.1171875, 1.0859375, 1.03125, 1.03125, 1.0234375, 0.984375, 0.984375, 0.95703125, 0.9453125, 0.9140625, 0.8984375, 0.8984375, 0.88671875, 0.875, 0.875, 0.80078125, 0.80078125, 0.77734375, 0.765625, 0.76171875, 0.7421875, 0.7265625, 0.69921875, 0.69140625, 0.6875, 0.6796875, 0.67578125, 0.671875, 0.66796875, 0.65234375, 0.625, 0.60546875, 0.6015625, 0.58984375, 0.58203125, 0.58203125, 0.57421875, 0.5703125, 0.56640625, 0.5625, 0.5625, 0.5546875, 0.5546875, 0.5546875, 0.5390625, 0.5234375, 0.5234375, 0.51171875, 0.51171875, 0.50390625, 0.5, 0.5, 0.49609375, 0.490234375, 0.484375, 0.482421875, 0.482421875, 0.482421875, 0.478515625, 0.46875, 0.46875, 0.466796875, 0.462890625, 0.4609375, 0.458984375, 0.455078125, 0.455078125, 0.451171875, 0.447265625, 0.4453125, 0.443359375, 0.443359375, 0.443359375, 0.44140625, 0.44140625, 0.4375, 0.431640625, 0.427734375, 0.427734375, 0.42578125, 0.41796875, 0.416015625, 0.416015625, 0.416015625, 0.4140625, 0.4140625], "inds": [[548, 230], [765, 164], [765, 161], [885, 265], [448, 251], [1277, 66], [1476, 79], [907, 180], [397, 117], [1985, 50], [1443, 32], [1649, 58], [1547, 179], [323, 152], [1649, 191], [359, 70], [1102, 75], [1223, 26], [374, 81], [597, 154], [1141, 102], [1306, 116], [28, 24], [404, 96], [763, 120], [216, 201], [1732, 160], [1277, 70], [513, 213], [1484, 151], [603, 53], [687, 168], [1418, 190], [1280, 290], [1825, 41], [474, 181], [1327, 221], [445, 214], [1175, 258], [582, 59], [1892, 177], [225, 163], [467, 146], [880, 118], [780, 84], [820, 72], [717, 178], [870, 76], [1701, 199], [448, 248], [828, 77], [408, 136], [1343, 63], [307, 246], [1441, 35], [770, 207], [1496, 197], [495, 28], [803, 79], [537, 42], [196, 174], [582, 126], [505, 213], [1825, 48], [1916, 119], [622, 289], [266, 213], [1432, 78], [407, 53], [814, 134], [216, 202], [697, 278], [1312, 8], [351, 130], [1295, 194], [140, 202], [820, 161], [1877, 139], [850, 231], [1299, 194], [533, 196], [1600, 150], [1108, 215], [1046, 83], [1907, 37], [1346, 150], [95, 265], [533, 197], [622, 242], [365, 112], [1821, 291], [1124, 222], [1238, 91], [1479, 32], [1126, 233], [343, 231], [233, 86], [1126, 132], [283, 163], [95, 232]], "mean": 0.0031280517578125}