{"vals": [6.125, 3.171875, 2.8125, 2.328125, 2.15625, 1.8984375, 1.859375, 1.7734375, 1.7265625, 1.71875, 1.6875, 1.6328125, 1.5546875, 1.5546875, 1.546875, 1.4453125, 1.4140625, 1.390625, 1.359375, 1.3359375, 1.3203125, 1.2578125, 1.25, 1.25, 1.234375, 1.171875, 1.1484375, 1.1328125, 1.125, 1.125, 1.125, 1.125, 1.125, 1.1171875, 1.109375, 1.1015625, 1.1015625, 1.078125, 1.078125, 1.0625, 1.0546875, 1.046875, 1.046875, 1.0234375, 1.0078125, 1.0, 0.99609375, 0.984375, 0.98046875, 0.9765625, 0.9765625, 0.9765625, 0.96875, 0.94921875, 0.9375, 0.93359375, 0.91796875, 0.9140625, 0.9140625, 0.91015625, 0.8984375, 0.8984375, 0.8984375, 0.8984375, 0.89453125, 0.890625, 0.890625, 0.88671875, 0.875, 0.875, 0.8671875, 0.859375, 0.84375, 0.84375, 0.83984375, 0.83203125, 0.83203125, 0.82421875, 0.81640625, 0.8125, 0.80078125, 0.80078125, 0.7890625, 0.7890625, 0.78515625, 0.78515625, 0.78515625, 0.78515625, 0.78515625, 0.78125, 0.78125, 0.77734375, 0.7734375, 0.7734375, 0.76953125, 0.765625, 0.76171875, 0.76171875, 0.7578125, 0.7578125], "inds": [[39, 16], [1814, 24], [1635, 94], [167, 33], [4, 33], [1428, 153], [1814, 19], [416, 291], [1773, 16], [789, 24], [1088, 16], [590, 166], [1095, 20], [11, 14], [1668, 261], [1729, 28], [1145, 15], [1849, 83], [1562, 20], [1227, 51], [106, 193], [151, 265], [856, 13], [725, 26], [899, 16], [1511, 12], [1590, 6], [1076, 13], [445, 16], [1969, 28], [458, 16], [106, 121], [449, 16], [1707, 19], [574, 14], [1854, 240], [1756, 72], [1079, 24], [849, 41], [1425, 293], [1415, 64], [1495, 220], [349, 237], [768, 60], [1585, 14], [791, 42], [1265, 24], [821, 153], [837, 25], [1806, 18], [1255, 36], [1132, 11], [1324, 32], [351, 11], [1217, 14], [1445, 66], [152, 104], [113, 56], [143, 257], [1443, 44], [528, 169], [134, 45], [1043, 17], [546, 20], [1524, 18], [909, 13], [1908, 22], [1375, 83], [1508, 46], [167, 34], [420, 12], [947, 27], [1774, 90], [1332, 11], [1368, 151], [1799, 18], [233, 51], [1546, 46], [1161, 15], [188, 79], [47, 26], [238, 259], [1843, 62], [913, 27], [1514, 14], [55, 126], [271, 244], [1715, 113], [820, 27], [764, 22], [312, 12], [1010, 132], [1615, 21], [1560, 208], [821, 22], [192, 75], [1106, 49], [124, 12], [106, 206], [1428, 147]], "mean": 0.01519775390625}