{"vals": [3.390625, 1.7109375, 1.671875, 1.5234375, 1.5234375, 1.3671875, 1.359375, 1.3125, 1.3125, 1.2890625, 1.2890625, 1.28125, 1.28125, 1.2578125, 1.234375, 1.2265625, 1.140625, 1.1328125, 1.109375, 1.0859375, 1.0625, 1.046875, 1.0078125, 1.0, 0.9765625, 0.9453125, 0.9375, 0.92578125, 0.90234375, 0.88671875, 0.84765625, 0.84375, 0.83984375, 0.8359375, 0.8359375, 0.83203125, 0.81640625, 0.8046875, 0.80078125, 0.80078125, 0.7890625, 0.7890625, 0.78125, 0.7734375, 0.7734375, 0.75390625, 0.75, 0.74609375, 0.73828125, 0.734375, 0.734375, 0.72265625, 0.72265625, 0.703125, 0.6953125, 0.69140625, 0.69140625, 0.69140625, 0.6875, 0.6875, 0.68359375, 0.68359375, 0.68359375, 0.6796875, 0.671875, 0.66796875, 0.6640625, 0.6640625, 0.6484375, 0.6484375, 0.640625, 0.6328125, 0.6328125, 0.6328125, 0.6328125, 0.62890625, 0.62109375, 0.61328125, 0.61328125, 0.609375, 0.60546875, 0.6015625, 0.6015625, 0.59765625, 0.59375, 0.59375, 0.58984375, 0.58984375, 0.58984375, 0.5859375, 0.58203125, 0.578125, 0.578125, 0.57421875, 0.56640625, 0.56640625, 0.5625, 0.5625, 0.55859375, 0.5546875], "inds": [[555, 41], [1456, 65], [321, 129], [873, 243], [1439, 141], [1097, 98], [622, 194], [535, 31], [1657, 202], [696, 260], [1403, 49], [699, 243], [967, 56], [411, 37], [1104, 134], [470, 118], [610, 253], [626, 95], [151, 207], [1560, 52], [1456, 64], [543, 214], [1692, 239], [334, 255], [1367, 36], [1414, 92], [1859, 66], [831, 182], [1774, 132], [1444, 33], [1965, 50], [1332, 95], [1117, 63], [921, 166], [438, 141], [434, 64], [1204, 288], [1268, 50], [1996, 58], [654, 31], [575, 98], [353, 193], [535, 30], [1510, 105], [1036, 34], [526, 72], [123, 175], [1721, 163], [1013, 92], [1774, 121], [1932, 38], [334, 258], [1078, 60], [1565, 219], [1932, 37], [1895, 274], [283, 48], [1972, 49], [1560, 115], [889, 34], [914, 72], [31, 35], [1831, 92], [453, 178], [1393, 40], [1383, 223], [535, 32], [123, 97], [679, 48], [1306, 30], [74, 66], [1017, 54], [135, 50], [477, 283], [424, 93], [123, 226], [1919, 145], [1667, 53], [527, 255], [123, 186], [1685, 30], [1086, 272], [755, 171], [1571, 204], [1537, 51], [71, 175], [1977, 92], [1774, 133], [629, 78], [416, 269], [1913, 234], [1269, 163], [749, 239], [1198, 276], [68, 67], [699, 193], [334, 256], [1543, 49], [441, 110], [1958, 192]], "mean": 0.009033203125}