{"vals": [1.9453125, 1.359375, 1.2578125, 1.1953125, 1.0234375, 0.83984375, 0.82421875, 0.7421875, 0.73046875, 0.69921875, 0.6953125, 0.6640625, 0.66015625, 0.6484375, 0.6328125, 0.62109375, 0.61328125, 0.61328125, 0.6015625, 0.59375, 0.5546875, 0.55078125, 0.55078125, 0.54296875, 0.5390625, 0.53515625, 0.52734375, 0.51953125, 0.51953125, 0.5078125, 0.50390625, 0.494140625, 0.494140625, 0.4921875, 0.490234375, 0.48046875, 0.4765625, 0.47265625, 0.46875, 0.462890625, 0.458984375, 0.4453125, 0.4453125, 0.44140625, 0.4375, 0.435546875, 0.427734375, 0.42578125, 0.42578125, 0.423828125, 0.423828125, 0.421875, 0.41796875, 0.40625, 0.40625, 0.40234375, 0.396484375, 0.392578125, 0.392578125, 0.390625, 0.388671875, 0.38671875, 0.38671875, 0.38671875, 0.380859375, 0.380859375, 0.375, 0.369140625, 0.365234375, 0.36328125, 0.36328125, 0.361328125, 0.361328125, 0.361328125, 0.357421875, 0.35546875, 0.353515625, 0.3515625, 0.349609375, 0.34765625, 0.345703125, 0.345703125, 0.345703125, 0.34375, 0.341796875, 0.33984375, 0.3359375, 0.3359375, 0.3359375, 0.33203125, 0.330078125, 0.330078125, 0.328125, 0.328125, 0.328125, 0.326171875, 0.32421875, 0.322265625, 0.322265625, 0.322265625], "inds": [[536, 129], [634, 189], [1287, 45], [1103, 246], [1534, 23], [571, 265], [47, 26], [815, 72], [975, 15], [1032, 108], [788, 287], [374, 38], [258, 299], [1702, 275], [1312, 230], [1363, 109], [234, 15], [912, 94], [1685, 244], [1179, 67], [1947, 54], [571, 32], [1606, 163], [351, 25], [959, 282], [574, 14], [1511, 12], [813, 118], [503, 42], [268, 225], [884, 256], [1967, 30], [1392, 100], [862, 72], [399, 38], [216, 222], [433, 14], [195, 141], [1335, 123], [459, 257], [703, 199], [280, 51], [696, 26], [1565, 61], [1364, 239], [551, 99], [1085, 237], [1162, 25], [952, 100], [1384, 199], [1552, 63], [1679, 60], [626, 78], [1628, 153], [799, 34], [851, 19], [1607, 31], [1851, 150], [882, 27], [1931, 21], [435, 187], [562, 264], [84, 89], [1737, 29], [1139, 37], [274, 221], [668, 116], [1385, 11], [1076, 225], [791, 62], [175, 197], [1287, 75], [736, 22], [1451, 87], [504, 71], [15, 80], [434, 32], [1429, 13], [1101, 91], [1953, 39], [1806, 15], [1227, 51], [155, 30], [27, 159], [1166, 176], [1591, 27], [1702, 272], [854, 253], [862, 36], [1384, 202], [1169, 259], [1200, 102], [1390, 193], [391, 70], [918, 63], [897, 77], [1947, 44], [276, 21], [1641, 35], [1524, 162]], "mean": 0.007568359375}