{"vals": [9.5625, 6.25, 5.40625, 5.1875, 4.75, 4.375, 3.703125, 3.671875, 3.625, 3.578125, 3.234375, 3.171875, 3.15625, 3.109375, 3.046875, 3.0, 2.984375, 2.875, 2.828125, 2.765625, 2.71875, 2.6875, 2.578125, 2.46875, 2.453125, 2.296875, 2.296875, 2.296875, 2.296875, 2.296875, 2.265625, 2.25, 2.234375, 2.21875, 2.203125, 2.203125, 2.203125, 2.1875, 2.171875, 2.125, 2.125, 2.09375, 2.09375, 2.0625, 2.046875, 2.03125, 2.03125, 2.015625, 2.015625, 2.0, 1.9765625, 1.9609375, 1.953125, 1.9453125, 1.9375, 1.921875, 1.890625, 1.890625, 1.875, 1.859375, 1.84375, 1.828125, 1.828125, 1.8203125, 1.8125, 1.8046875, 1.7890625, 1.7890625, 1.78125, 1.765625, 1.7578125, 1.7265625, 1.7109375, 1.7109375, 1.7109375, 1.703125, 1.6796875, 1.640625, 1.640625, 1.6328125, 1.6328125, 1.625, 1.625, 1.6015625, 1.5703125, 1.5625, 1.5546875, 1.546875, 1.5390625, 1.5390625, 1.53125, 1.53125, 1.53125, 1.515625, 1.5078125, 1.5078125, 1.5, 1.5, 1.4921875, 1.4921875], "inds": [[235, 29], [356, 111], [511, 77], [1990, 131], [472, 251], [590, 268], [576, 241], [188, 25], [149, 147], [1019, 173], [918, 62], [1180, 154], [271, 282], [1796, 165], [900, 229], [182, 106], [100, 105], [246, 37], [780, 192], [1568, 15], [864, 280], [1959, 46], [498, 286], [1107, 64], [1375, 25], [299, 245], [1684, 61], [895, 83], [1261, 279], [216, 97], [1639, 235], [1106, 93], [912, 60], [1407, 133], [174, 47], [582, 25], [891, 38], [291, 123], [768, 72], [908, 264], [54, 153], [971, 27], [912, 71], [232, 260], [1375, 18], [1794, 206], [28, 22], [1501, 112], [1011, 99], [1598, 21], [1100, 170], [241, 180], [319, 219], [1647, 36], [1326, 122], [674, 251], [1990, 139], [1830, 46], [864, 279], [591, 26], [540, 57], [852, 119], [1443, 265], [1647, 202], [243, 181], [1206, 55], [1722, 14], [80, 48], [731, 29], [149, 197], [1131, 248], [1698, 45], [1949, 88], [918, 75], [404, 279], [1515, 295], [469, 81], [1763, 188], [1042, 178], [603, 176], [1595, 23], [1781, 72], [1798, 33], [963, 254], [341, 43], [1679, 85], [1197, 190], [1983, 243], [1639, 243], [722, 108], [1614, 264], [1566, 96], [1768, 199], [1424, 26], [1057, 213], [801, 147], [1128, 115], [1545, 138], [720, 82], [379, 34]], "mean": 0.00982666015625}