{"vals": [2.890625, 2.625, 2.03125, 1.8125, 1.71875, 1.609375, 1.5703125, 1.5546875, 1.390625, 1.296875, 1.234375, 1.234375, 1.203125, 1.15625, 1.1328125, 1.109375, 1.09375, 1.078125, 1.0546875, 1.0234375, 1.0078125, 0.953125, 0.9375, 0.92578125, 0.921875, 0.90625, 0.8984375, 0.8984375, 0.89453125, 0.890625, 0.8828125, 0.87890625, 0.875, 0.875, 0.86328125, 0.86328125, 0.859375, 0.83984375, 0.8359375, 0.83203125, 0.828125, 0.82421875, 0.80859375, 0.7890625, 0.78515625, 0.78125, 0.77734375, 0.7734375, 0.765625, 0.7578125, 0.7578125, 0.75, 0.7421875, 0.72265625, 0.70703125, 0.703125, 0.6953125, 0.69140625, 0.6875, 0.6875, 0.68359375, 0.6796875, 0.671875, 0.6640625, 0.66015625, 0.66015625, 0.65625, 0.6484375, 0.64453125, 0.64453125, 0.64453125, 0.640625, 0.63671875, 0.63671875, 0.62890625, 0.62890625, 0.625, 0.62109375, 0.62109375, 0.6171875, 0.61328125, 0.609375, 0.60546875, 0.6015625, 0.6015625, 0.59375, 0.59375, 0.59375, 0.59375, 0.58984375, 0.58984375, 0.58984375, 0.5859375, 0.5859375, 0.58203125, 0.57421875, 0.57421875, 0.5703125, 0.56640625, 0.56640625], "inds": [[651, 259], [1934, 209], [456, 241], [1082, 29], [589, 151], [438, 131], [1614, 294], [1508, 22], [134, 45], [842, 138], [1887, 220], [134, 47], [1205, 264], [1664, 110], [456, 179], [934, 176], [1495, 211], [1226, 32], [1428, 81], [1380, 252], [1616, 102], [1132, 164], [1987, 210], [705, 93], [634, 49], [423, 51], [1623, 278], [1681, 65], [1956, 197], [1629, 126], [1081, 83], [579, 157], [87, 146], [637, 216], [1127, 38], [1624, 124], [1016, 241], [402, 136], [48, 244], [1587, 217], [528, 199], [1016, 245], [506, 258], [1232, 41], [459, 216], [971, 106], [1158, 164], [1599, 222], [589, 246], [475, 290], [1666, 26], [453, 286], [85, 115], [1051, 144], [53, 160], [1616, 227], [1614, 120], [330, 226], [581, 15], [551, 112], [1893, 32], [960, 49], [1380, 126], [568, 83], [405, 29], [590, 232], [1888, 61], [1984, 151], [326, 87], [1568, 75], [1697, 195], [150, 165], [966, 267], [829, 115], [470, 261], [1908, 85], [864, 92], [651, 200], [1452, 238], [637, 229], [22, 174], [1566, 25], [553, 82], [1109, 66], [1786, 186], [1628, 11], [456, 171], [1522, 32], [1227, 45], [720, 284], [194, 47], [942, 141], [454, 178], [504, 60], [405, 127], [1988, 282], [43, 65], [829, 114], [456, 211], [869, 111]], "mean": 0.0031280517578125}