{"vals": [1.546875, 1.265625, 1.1171875, 1.0625, 0.953125, 0.93359375, 0.85546875, 0.8359375, 0.828125, 0.8203125, 0.8046875, 0.796875, 0.7890625, 0.78125, 0.76171875, 0.75, 0.7421875, 0.7265625, 0.71875, 0.703125, 0.69140625, 0.68359375, 0.6640625, 0.66015625, 0.65234375, 0.64453125, 0.640625, 0.62890625, 0.62109375, 0.61328125, 0.609375, 0.59765625, 0.58984375, 0.57421875, 0.56640625, 0.5625, 0.55859375, 0.55859375, 0.5546875, 0.55078125, 0.55078125, 0.546875, 0.5390625, 0.53125, 0.52734375, 0.52734375, 0.51953125, 0.51953125, 0.515625, 0.51171875, 0.50390625, 0.498046875, 0.49609375, 0.4921875, 0.490234375, 0.490234375, 0.486328125, 0.486328125, 0.484375, 0.484375, 0.478515625, 0.478515625, 0.478515625, 0.4765625, 0.4765625, 0.46875, 0.46875, 0.46875, 0.46875, 0.46484375, 0.46484375, 0.4609375, 0.4609375, 0.458984375, 0.458984375, 0.45703125, 0.453125, 0.451171875, 0.447265625, 0.4453125, 0.443359375, 0.44140625, 0.44140625, 0.4375, 0.4375, 0.435546875, 0.43359375, 0.43359375, 0.43359375, 0.431640625, 0.4296875, 0.4296875, 0.4296875, 0.42578125, 0.42578125, 0.423828125, 0.423828125, 0.423828125, 0.421875, 0.419921875], "inds": [[329, 225], [1173, 258], [1090, 187], [1607, 196], [1614, 197], [1148, 141], [1368, 12], [289, 242], [1768, 199], [1246, 123], [648, 93], [1303, 170], [1128, 102], [948, 270], [1254, 25], [1148, 111], [100, 244], [716, 264], [1718, 204], [167, 33], [1326, 227], [590, 169], [562, 264], [548, 100], [967, 82], [1996, 113], [1904, 105], [1198, 187], [1267, 156], [1336, 31], [1687, 229], [802, 34], [967, 63], [910, 280], [277, 40], [149, 261], [917, 116], [1188, 30], [1136, 53], [817, 13], [35, 79], [831, 32], [1701, 137], [945, 296], [226, 162], [1614, 264], [967, 56], [289, 151], [588, 147], [1720, 17], [1830, 46], [729, 175], [1090, 188], [852, 231], [1006, 10], [1032, 49], [289, 149], [319, 123], [1001, 138], [1977, 177], [418, 102], [202, 30], [1614, 291], [1830, 51], [699, 218], [475, 237], [1768, 158], [1544, 90], [1128, 122], [1219, 135], [27, 214], [1328, 43], [54, 44], [35, 36], [1564, 71], [1243, 160], [859, 80], [1411, 170], [1198, 147], [289, 286], [294, 275], [590, 240], [826, 242], [1888, 284], [1038, 226], [1095, 279], [871, 75], [1201, 28], [149, 102], [1313, 228], [1782, 116], [1069, 125], [1383, 210], [1074, 151], [1219, 220], [945, 281], [1383, 209], [1128, 212], [1243, 105], [1069, 89]], "mean": 0.005126953125}