{"vals": [1.953125, 1.5625, 1.453125, 1.2734375, 1.2421875, 1.09375, 1.0859375, 1.015625, 0.98046875, 0.96875, 0.93359375, 0.93359375, 0.91015625, 0.88671875, 0.84765625, 0.83203125, 0.8203125, 0.796875, 0.7890625, 0.78125, 0.77734375, 0.75390625, 0.74609375, 0.73046875, 0.7265625, 0.7109375, 0.70703125, 0.69140625, 0.6875, 0.6796875, 0.66796875, 0.6640625, 0.66015625, 0.65234375, 0.6484375, 0.6484375, 0.6484375, 0.64453125, 0.640625, 0.63671875, 0.6328125, 0.62890625, 0.62109375, 0.61328125, 0.61328125, 0.61328125, 0.609375, 0.58984375, 0.58984375, 0.58203125, 0.578125, 0.5703125, 0.55859375, 0.546875, 0.546875, 0.54296875, 0.54296875, 0.54296875, 0.5390625, 0.5390625, 0.5390625, 0.53515625, 0.53515625, 0.53125, 0.53125, 0.52734375, 0.5234375, 0.5234375, 0.5234375, 0.5234375, 0.515625, 0.515625, 0.51171875, 0.50390625, 0.50390625, 0.50390625, 0.50390625, 0.5, 0.5, 0.5, 0.494140625, 0.4921875, 0.4921875, 0.4921875, 0.4921875, 0.490234375, 0.490234375, 0.48828125, 0.48828125, 0.486328125, 0.484375, 0.484375, 0.482421875, 0.474609375, 0.470703125, 0.470703125, 0.46875, 0.46875, 0.46875, 0.466796875], "inds": [[1843, 62], [1227, 51], [1725, 66], [725, 21], [455, 75], [374, 81], [590, 171], [277, 40], [1217, 25], [685, 114], [556, 66], [1326, 227], [385, 246], [455, 73], [491, 246], [1806, 293], [152, 104], [1524, 258], [1204, 105], [1057, 66], [149, 147], [470, 74], [821, 153], [1541, 216], [1111, 90], [650, 163], [406, 156], [1289, 32], [1532, 267], [685, 115], [1238, 288], [574, 25], [1092, 214], [1930, 142], [1212, 83], [138, 59], [622, 283], [1826, 105], [1173, 258], [454, 262], [57, 59], [1019, 164], [983, 122], [1748, 277], [1697, 94], [423, 42], [1313, 294], [350, 33], [99, 77], [1994, 85], [645, 297], [1531, 133], [1385, 11], [622, 273], [1255, 170], [48, 43], [1292, 105], [1392, 230], [871, 83], [968, 122], [315, 105], [1457, 80], [1032, 49], [500, 106], [1939, 269], [1969, 28], [150, 280], [258, 97], [891, 201], [1597, 43], [1265, 185], [271, 244], [1289, 29], [1227, 104], [645, 194], [1721, 89], [1393, 32], [700, 114], [1305, 57], [1473, 53], [1057, 67], [714, 237], [458, 67], [1607, 184], [1346, 150], [879, 195], [359, 45], [1614, 197], [753, 214], [137, 183], [68, 41], [1413, 92], [1459, 223], [699, 21], [358, 124], [1457, 109], [558, 288], [867, 260], [288, 77], [1106, 49]], "mean": 0.0145263671875}