{"vals": [3.65625, 3.046875, 1.7734375, 1.5, 1.359375, 1.1953125, 1.1875, 1.140625, 1.015625, 0.984375, 0.9375, 0.90625, 0.89453125, 0.87890625, 0.859375, 0.8359375, 0.7734375, 0.75, 0.73828125, 0.734375, 0.73046875, 0.7265625, 0.71875, 0.70703125, 0.6953125, 0.6875, 0.64453125, 0.6328125, 0.6015625, 0.5859375, 0.578125, 0.55078125, 0.54296875, 0.5234375, 0.51953125, 0.5078125, 0.50390625, 0.5, 0.49609375, 0.4921875, 0.486328125, 0.474609375, 0.46484375, 0.4609375, 0.458984375, 0.45703125, 0.455078125, 0.447265625, 0.435546875, 0.43359375, 0.419921875, 0.41796875, 0.4140625, 0.4140625, 0.408203125, 0.404296875, 0.400390625, 0.396484375, 0.39453125, 0.39453125, 0.390625, 0.388671875, 0.388671875, 0.384765625, 0.384765625, 0.3828125, 0.376953125, 0.376953125, 0.376953125, 0.373046875, 0.36328125, 0.36328125, 0.36328125, 0.353515625, 0.3515625, 0.3515625, 0.34765625, 0.3359375, 0.3359375, 0.330078125, 0.328125, 0.326171875, 0.326171875, 0.326171875, 0.326171875, 0.3203125, 0.318359375, 0.31640625, 0.314453125, 0.314453125, 0.314453125, 0.3125, 0.310546875, 0.30859375, 0.3046875, 0.302734375, 0.302734375, 0.302734375, 0.30078125, 0.30078125], "inds": [[167, 33], [1481, 46], [1204, 293], [212, 181], [1989, 99], [1415, 70], [185, 270], [167, 34], [211, 103], [1582, 32], [491, 196], [378, 100], [880, 142], [329, 225], [1038, 127], [814, 27], [650, 154], [1212, 20], [1048, 103], [1038, 151], [1038, 172], [231, 85], [289, 127], [664, 37], [1904, 154], [181, 110], [929, 37], [167, 32], [970, 41], [31, 35], [517, 116], [1415, 64], [1252, 133], [134, 35], [768, 76], [910, 250], [915, 27], [211, 87], [1035, 67], [1559, 63], [1215, 41], [1585, 14], [211, 59], [112, 77], [393, 103], [1836, 202], [1997, 145], [880, 159], [281, 266], [376, 230], [378, 101], [1849, 67], [231, 86], [903, 85], [15, 248], [1433, 32], [1202, 208], [1602, 25], [1188, 111], [650, 165], [900, 40], [1255, 107], [3, 95], [454, 23], [1238, 23], [1583, 185], [1018, 183], [1000, 83], [1310, 65], [1255, 28], [111, 168], [477, 31], [1414, 203], [1737, 160], [156, 202], [1186, 117], [1583, 116], [1954, 146], [1101, 164], [1139, 37], [849, 38], [1019, 27], [532, 124], [752, 37], [1582, 265], [1558, 154], [1456, 56], [1038, 128], [605, 21], [1828, 254], [1744, 34], [1760, 43], [729, 249], [854, 49], [179, 233], [854, 48], [943, 225], [1775, 45], [717, 199], [454, 67]], "mean": 0.0034637451171875}