{"vals": [4.96875, 4.6875, 3.8125, 3.703125, 3.5625, 3.390625, 3.078125, 3.0, 2.71875, 2.59375, 2.421875, 2.375, 2.3125, 2.28125, 2.15625, 2.125, 2.03125, 1.984375, 1.9765625, 1.9140625, 1.9140625, 1.90625, 1.8984375, 1.8046875, 1.6484375, 1.640625, 1.6328125, 1.609375, 1.59375, 1.5703125, 1.5234375, 1.515625, 1.4765625, 1.46875, 1.4609375, 1.4296875, 1.4296875, 1.4296875, 1.4140625, 1.3515625, 1.34375, 1.265625, 1.265625, 1.25, 1.25, 1.25, 1.2421875, 1.2421875, 1.2421875, 1.2265625, 1.21875, 1.21875, 1.203125, 1.1953125, 1.1953125, 1.15625, 1.15625, 1.140625, 1.1171875, 1.109375, 1.1015625, 1.0859375, 1.078125, 1.078125, 1.0703125, 1.0625, 1.0625, 1.0390625, 1.0390625, 1.0390625, 1.0390625, 1.0390625, 1.0234375, 1.0234375, 1.015625, 1.0078125, 1.0, 0.9921875, 0.96875, 0.9609375, 0.953125, 0.9375, 0.93359375, 0.9296875, 0.92578125, 0.92578125, 0.921875, 0.9140625, 0.9140625, 0.8984375, 0.87890625, 0.859375, 0.859375, 0.859375, 0.84375, 0.83984375, 0.8359375, 0.828125, 0.8203125, 0.8203125], "inds": [[699, 266], [455, 70], [3, 112], [23, 17], [1778, 8], [194, 6], [1664, 11], [1604, 71], [691, 244], [1475, 147], [1838, 33], [880, 9], [734, 7], [508, 129], [1437, 9], [1210, 66], [676, 22], [22, 18], [964, 28], [71, 11], [949, 7], [1475, 144], [924, 7], [50, 81], [199, 7], [410, 9], [834, 83], [231, 13], [359, 11], [1986, 71], [1886, 9], [196, 271], [1404, 28], [1305, 63], [1561, 48], [1707, 174], [191, 110], [1385, 201], [1160, 12], [533, 11], [1986, 112], [1581, 14], [107, 16], [1927, 140], [63, 8], [61, 8], [648, 273], [1726, 26], [196, 272], [280, 282], [1042, 34], [438, 6], [438, 9], [102, 8], [472, 178], [1825, 48], [1609, 59], [159, 10], [1590, 117], [1925, 45], [1799, 7], [1568, 84], [1928, 208], [1875, 211], [1611, 89], [1560, 42], [970, 8], [990, 33], [1404, 8], [1496, 136], [1246, 187], [1202, 42], [310, 11], [499, 134], [1032, 157], [35, 137], [969, 135], [856, 64], [1306, 116], [1986, 178], [1981, 229], [157, 7], [667, 31], [1113, 27], [1776, 116], [1909, 68], [799, 75], [667, 147], [1825, 41], [1510, 255], [1419, 45], [616, 172], [511, 160], [1377, 33], [46, 10], [1895, 7], [1202, 249], [37, 174], [216, 200], [1986, 110]], "mean": 0.0052490234375}