{"vals": [2.65625, 1.8515625, 1.328125, 0.78515625, 0.6953125, 0.671875, 0.66796875, 0.66015625, 0.65234375, 0.62890625, 0.61328125, 0.5625, 0.54296875, 0.51953125, 0.5078125, 0.494140625, 0.484375, 0.45703125, 0.455078125, 0.4453125, 0.431640625, 0.4296875, 0.42578125, 0.423828125, 0.41015625, 0.404296875, 0.388671875, 0.38671875, 0.38671875, 0.3828125, 0.3828125, 0.376953125, 0.376953125, 0.376953125, 0.369140625, 0.3671875, 0.365234375, 0.365234375, 0.36328125, 0.36328125, 0.361328125, 0.357421875, 0.35546875, 0.35546875, 0.34765625, 0.34375, 0.34375, 0.34375, 0.33984375, 0.3359375, 0.333984375, 0.326171875, 0.322265625, 0.322265625, 0.3203125, 0.3203125, 0.318359375, 0.318359375, 0.314453125, 0.3125, 0.3125, 0.3125, 0.3125, 0.310546875, 0.310546875, 0.30859375, 0.306640625, 0.306640625, 0.3046875, 0.3046875, 0.302734375, 0.302734375, 0.30078125, 0.298828125, 0.298828125, 0.296875, 0.294921875, 0.294921875, 0.291015625, 0.291015625, 0.291015625, 0.2890625, 0.287109375, 0.28515625, 0.28125, 0.28125, 0.279296875, 0.279296875, 0.27734375, 0.27734375, 0.271484375, 0.271484375, 0.26953125, 0.26953125, 0.267578125, 0.265625, 0.265625, 0.265625, 0.26171875, 0.26171875], "inds": [[1725, 66], [1429, 245], [1672, 186], [992, 79], [1429, 209], [1501, 147], [1429, 215], [54, 101], [587, 137], [874, 15], [1877, 139], [1657, 255], [594, 183], [1873, 228], [1841, 105], [1060, 274], [1095, 84], [272, 21], [1633, 18], [1259, 120], [731, 123], [496, 225], [585, 24], [1240, 42], [1845, 213], [831, 282], [470, 95], [699, 60], [1596, 229], [648, 84], [1240, 27], [1752, 39], [1840, 149], [115, 33], [1523, 171], [957, 95], [855, 263], [240, 97], [817, 68], [1838, 104], [1854, 240], [1259, 138], [182, 193], [1950, 183], [1615, 262], [1314, 182], [729, 20], [525, 27], [380, 171], [360, 131], [90, 36], [151, 200], [342, 102], [290, 161], [558, 104], [1774, 253], [2, 113], [778, 229], [1973, 121], [882, 263], [35, 79], [1585, 14], [1619, 29], [1758, 94], [417, 92], [511, 56], [538, 175], [1596, 81], [1377, 42], [816, 274], [1028, 63], [1348, 265], [1130, 119], [137, 204], [452, 34], [1821, 88], [1141, 97], [316, 171], [1010, 96], [1882, 108], [1330, 263], [648, 202], [1225, 76], [288, 23], [1596, 20], [106, 251], [1344, 11], [949, 254], [648, 157], [1838, 55], [1592, 74], [643, 107], [412, 16], [215, 74], [314, 100], [577, 154], [1461, 15], [452, 285], [1135, 148], [1666, 106]], "mean": 0.004119873046875}