{"vals": [3.859375, 3.125, 2.53125, 2.421875, 2.390625, 2.1875, 2.1875, 2.078125, 2.0625, 2.03125, 1.9609375, 1.921875, 1.8984375, 1.8671875, 1.8203125, 1.8125, 1.8125, 1.8046875, 1.75, 1.6953125, 1.640625, 1.640625, 1.5859375, 1.5859375, 1.5390625, 1.46875, 1.46875, 1.4609375, 1.453125, 1.4375, 1.421875, 1.4140625, 1.3984375, 1.390625, 1.390625, 1.3828125, 1.3671875, 1.3671875, 1.359375, 1.359375, 1.3359375, 1.3203125, 1.3125, 1.3046875, 1.2890625, 1.28125, 1.28125, 1.28125, 1.2734375, 1.265625, 1.2578125, 1.2578125, 1.25, 1.2421875, 1.234375, 1.234375, 1.2265625, 1.21875, 1.21875, 1.21875, 1.21875, 1.2109375, 1.2109375, 1.1875, 1.1875, 1.1875, 1.15625, 1.1484375, 1.109375, 1.109375, 1.1015625, 1.1015625, 1.1015625, 1.1015625, 1.1015625, 1.0859375, 1.0859375, 1.0859375, 1.078125, 1.078125, 1.0703125, 1.0703125, 1.0703125, 1.0625, 1.0546875, 1.0546875, 1.0546875, 1.0546875, 1.046875, 1.0390625, 1.03125, 1.03125, 1.0234375, 1.0234375, 1.0234375, 1.0234375, 1.015625, 1.015625, 1.0078125, 1.0], "inds": [[1994, 137], [851, 19], [748, 177], [1504, 291], [511, 88], [1252, 286], [718, 74], [1394, 246], [1426, 29], [1011, 108], [1530, 91], [1143, 76], [223, 42], [718, 78], [111, 59], [753, 18], [1214, 21], [847, 140], [718, 77], [1283, 203], [634, 78], [1677, 161], [1561, 48], [743, 13], [122, 15], [1500, 77], [753, 16], [1008, 186], [1064, 26], [111, 45], [748, 174], [472, 187], [1306, 254], [7, 193], [1282, 30], [1409, 11], [74, 41], [508, 36], [1162, 82], [717, 23], [712, 19], [1853, 201], [1579, 80], [42, 160], [1898, 20], [27, 152], [924, 28], [511, 29], [1915, 146], [1068, 91], [946, 32], [693, 260], [1214, 28], [195, 285], [1703, 72], [1008, 177], [74, 66], [1014, 101], [851, 23], [247, 188], [912, 75], [1504, 165], [859, 251], [497, 52], [194, 51], [1172, 229], [356, 24], [1548, 55], [949, 227], [1177, 132], [95, 251], [404, 247], [477, 29], [1068, 119], [733, 217], [1688, 28], [196, 115], [1214, 32], [1929, 164], [74, 29], [603, 24], [737, 55], [134, 262], [1011, 166], [181, 37], [502, 19], [952, 54], [1080, 195], [530, 202], [1725, 20], [1068, 77], [1274, 25], [392, 12], [1410, 108], [1410, 53], [851, 28], [82, 39], [765, 57], [1014, 107], [1014, 179]], "mean": 0.006805419921875}