{"vals": [7.46875, 6.625, 6.375, 5.5, 4.6875, 4.3125, 4.28125, 4.1875, 4.125, 4.125, 3.78125, 3.75, 3.75, 3.734375, 3.671875, 3.671875, 3.640625, 3.578125, 3.578125, 3.53125, 3.5, 3.390625, 3.375, 3.359375, 3.171875, 3.171875, 3.140625, 3.078125, 3.046875, 3.0, 2.984375, 2.90625, 2.8125, 2.75, 2.703125, 2.5625, 2.484375, 2.453125, 2.421875, 2.359375, 2.328125, 2.3125, 2.203125, 2.203125, 2.1875, 2.15625, 2.15625, 2.125, 2.125, 2.09375, 2.09375, 2.078125, 2.078125, 2.0625, 2.046875, 2.03125, 2.0, 1.984375, 1.96875, 1.96875, 1.96875, 1.9609375, 1.921875, 1.921875, 1.890625, 1.875, 1.8515625, 1.84375, 1.8359375, 1.8359375, 1.8203125, 1.796875, 1.7890625, 1.7734375, 1.765625, 1.7578125, 1.7578125, 1.75, 1.75, 1.7265625, 1.71875, 1.6953125, 1.6640625, 1.6484375, 1.6484375, 1.6484375, 1.625, 1.625, 1.609375, 1.609375, 1.5859375, 1.578125, 1.578125, 1.578125, 1.5703125, 1.5703125, 1.5625, 1.546875, 1.546875, 1.5390625], "inds": [[725, 19], [1972, 22], [725, 26], [669, 142], [725, 25], [1468, 233], [1194, 101], [1867, 116], [226, 15], [842, 116], [1478, 46], [152, 103], [1961, 103], [1468, 85], [567, 221], [1468, 184], [725, 21], [494, 213], [731, 123], [1631, 61], [1397, 20], [1814, 24], [822, 58], [1468, 84], [669, 11], [671, 11], [143, 162], [246, 14], [1631, 269], [1961, 161], [1338, 177], [1444, 140], [1614, 96], [450, 191], [846, 23], [1338, 197], [949, 242], [1728, 20], [1141, 124], [401, 12], [450, 192], [788, 80], [1961, 167], [152, 104], [1444, 132], [1586, 240], [448, 15], [1586, 163], [1220, 85], [1178, 211], [494, 139], [487, 6], [308, 34], [1961, 102], [1597, 25], [1564, 8], [292, 162], [1586, 212], [665, 61], [1527, 177], [400, 12], [715, 14], [1586, 264], [822, 59], [822, 64], [450, 188], [732, 127], [1444, 149], [1961, 64], [715, 243], [1174, 104], [416, 221], [1961, 74], [1849, 60], [822, 71], [1444, 199], [1662, 255], [1610, 234], [1716, 16], [1972, 47], [491, 15], [1867, 177], [450, 10], [1178, 269], [1538, 290], [1541, 151], [1664, 8], [1728, 251], [1076, 13], [1728, 64], [849, 41], [1838, 50], [1220, 215], [725, 126], [1178, 233], [416, 135], [816, 12], [1728, 135], [1779, 196], [1917, 17]], "mean": 0.00482177734375}