{"vals": [2.328125, 1.4140625, 1.2265625, 1.09375, 0.9375, 0.92578125, 0.9140625, 0.89453125, 0.8828125, 0.86328125, 0.85546875, 0.84375, 0.8203125, 0.7734375, 0.734375, 0.73046875, 0.73046875, 0.7265625, 0.6640625, 0.66015625, 0.66015625, 0.65625, 0.65625, 0.63671875, 0.6328125, 0.62890625, 0.62109375, 0.5859375, 0.58203125, 0.5703125, 0.5625, 0.54296875, 0.5390625, 0.53125, 0.5078125, 0.50390625, 0.50390625, 0.5, 0.5, 0.5, 0.498046875, 0.49609375, 0.490234375, 0.484375, 0.482421875, 0.48046875, 0.474609375, 0.46875, 0.45703125, 0.45703125, 0.44921875, 0.4453125, 0.443359375, 0.44140625, 0.439453125, 0.439453125, 0.427734375, 0.421875, 0.4140625, 0.4140625, 0.41015625, 0.41015625, 0.41015625, 0.41015625, 0.40625, 0.404296875, 0.400390625, 0.400390625, 0.3984375, 0.39453125, 0.392578125, 0.390625, 0.384765625, 0.384765625, 0.380859375, 0.380859375, 0.37890625, 0.375, 0.375, 0.373046875, 0.373046875, 0.373046875, 0.37109375, 0.369140625, 0.369140625, 0.3671875, 0.3671875, 0.365234375, 0.365234375, 0.365234375, 0.36328125, 0.359375, 0.353515625, 0.353515625, 0.353515625, 0.353515625, 0.3515625, 0.3515625, 0.349609375, 0.349609375], "inds": [[1980, 27], [1973, 209], [562, 264], [1980, 24], [1254, 11], [1441, 27], [1019, 241], [470, 40], [1188, 170], [363, 9], [1188, 238], [272, 21], [1585, 14], [1048, 71], [540, 24], [1232, 190], [1499, 150], [804, 137], [1573, 15], [1225, 129], [1048, 172], [910, 69], [1032, 49], [1523, 171], [496, 225], [731, 123], [1869, 81], [1076, 13], [1254, 25], [394, 221], [1709, 11], [1076, 176], [350, 35], [363, 198], [1869, 82], [1784, 219], [1981, 207], [516, 144], [1875, 84], [777, 11], [735, 140], [590, 89], [1225, 107], [1682, 87], [1651, 35], [975, 15], [1495, 97], [1977, 177], [412, 16], [240, 129], [726, 30], [1428, 153], [1876, 59], [1783, 30], [1815, 15], [1040, 50], [604, 224], [1173, 282], [10, 163], [469, 192], [1650, 11], [1267, 98], [1817, 284], [1888, 194], [326, 235], [814, 125], [56, 90], [1439, 56], [1732, 156], [315, 105], [1099, 40], [1461, 124], [1634, 81], [299, 297], [689, 28], [228, 79], [1276, 40], [491, 261], [22, 267], [298, 103], [1996, 58], [1429, 104], [1461, 9], [855, 46], [80, 241], [882, 27], [1225, 76], [1607, 31], [1515, 49], [49, 68], [788, 69], [1111, 250], [1506, 40], [1243, 156], [912, 284], [1473, 46], [543, 149], [617, 13], [1689, 94], [998, 227]], "mean": 0.00555419921875}