{"vals": [3.96875, 2.6875, 2.484375, 2.296875, 2.109375, 1.875, 1.8359375, 1.6953125, 1.6171875, 1.359375, 1.328125, 1.3125, 1.1640625, 1.1640625, 1.15625, 1.078125, 1.0703125, 1.0625, 1.0078125, 1.0078125, 0.984375, 0.984375, 0.984375, 0.9453125, 0.9375, 0.8828125, 0.85546875, 0.8515625, 0.83984375, 0.8359375, 0.828125, 0.7890625, 0.78515625, 0.76953125, 0.765625, 0.75390625, 0.74609375, 0.73828125, 0.73828125, 0.734375, 0.73046875, 0.72265625, 0.72265625, 0.703125, 0.69921875, 0.69921875, 0.6953125, 0.6953125, 0.6953125, 0.6796875, 0.671875, 0.671875, 0.66796875, 0.6640625, 0.66015625, 0.65234375, 0.63671875, 0.6328125, 0.6171875, 0.6171875, 0.61328125, 0.60546875, 0.60546875, 0.6015625, 0.6015625, 0.59765625, 0.59765625, 0.59765625, 0.59375, 0.578125, 0.578125, 0.578125, 0.57421875, 0.5703125, 0.5703125, 0.56640625, 0.56640625, 0.5625, 0.55078125, 0.55078125, 0.55078125, 0.546875, 0.53515625, 0.53515625, 0.53515625, 0.53515625, 0.52734375, 0.52734375, 0.5234375, 0.5234375, 0.5234375, 0.5234375, 0.5234375, 0.51953125, 0.51953125, 0.51953125, 0.51171875, 0.51171875, 0.51171875, 0.51171875], "inds": [[491, 15], [1874, 290], [553, 82], [1428, 153], [211, 103], [211, 142], [20, 205], [1257, 49], [1430, 32], [721, 237], [1457, 80], [1038, 85], [211, 209], [1965, 198], [20, 260], [211, 117], [873, 17], [234, 15], [419, 14], [1725, 66], [20, 184], [80, 243], [832, 249], [211, 233], [598, 234], [1532, 138], [453, 75], [905, 181], [679, 21], [20, 125], [20, 162], [1204, 222], [1650, 11], [1964, 253], [1902, 156], [815, 12], [1130, 16], [412, 95], [502, 44], [350, 75], [1448, 182], [211, 87], [1240, 108], [1311, 249], [1783, 10], [908, 43], [784, 257], [1528, 13], [1490, 63], [1381, 57], [222, 100], [470, 159], [1874, 145], [20, 80], [1880, 191], [20, 219], [831, 282], [1064, 90], [1361, 13], [516, 21], [1560, 19], [998, 48], [1572, 193], [1481, 163], [1102, 104], [971, 50], [412, 16], [1055, 111], [482, 35], [1055, 80], [689, 28], [1315, 28], [11, 25], [350, 134], [1272, 240], [1444, 200], [216, 8], [1010, 126], [330, 63], [1076, 13], [90, 36], [20, 287], [1530, 23], [1162, 34], [590, 171], [1622, 223], [3, 69], [773, 26], [1849, 11], [1012, 10], [1009, 10], [1999, 85], [1010, 10], [926, 201], [20, 232], [1381, 56], [372, 26], [1201, 71], [1738, 67], [945, 169]], "mean": 0.006134033203125}