{"vals": [12.8125, 9.6875, 9.5, 9.5, 8.8125, 8.5625, 8.4375, 8.3125, 8.0625, 7.8125, 7.09375, 7.0625, 6.875, 6.8125, 5.53125, 5.5, 5.40625, 5.0, 4.96875, 4.9375, 4.8125, 4.625, 4.53125, 4.53125, 4.5, 4.46875, 4.3125, 4.21875, 4.125, 3.859375, 3.75, 3.6875, 3.640625, 3.609375, 3.546875, 3.484375, 3.4375, 3.421875, 3.40625, 3.40625, 3.296875, 3.21875, 3.1875, 3.171875, 3.125, 3.0625, 3.0625, 3.015625, 2.96875, 2.921875, 2.90625, 2.890625, 2.859375, 2.859375, 2.859375, 2.84375, 2.796875, 2.78125, 2.703125, 2.6875, 2.671875, 2.671875, 2.671875, 2.640625, 2.625, 2.609375, 2.578125, 2.578125, 2.546875, 2.546875, 2.53125, 2.53125, 2.515625, 2.5, 2.453125, 2.453125, 2.4375, 2.40625, 2.375, 2.375, 2.359375, 2.34375, 2.328125, 2.3125, 2.3125, 2.296875, 2.28125, 2.265625, 2.234375, 2.234375, 2.21875, 2.21875, 2.1875, 2.1875, 2.171875, 2.125, 2.125, 2.09375, 2.09375, 2.09375], "inds": [[1038, 107], [1038, 225], [1038, 108], [1038, 172], [1038, 151], [1038, 127], [1038, 129], [1038, 152], [1038, 204], [1038, 128], [1287, 45], [653, 47], [1038, 226], [634, 49], [211, 60], [877, 202], [1926, 64], [1732, 141], [721, 117], [358, 89], [1926, 67], [80, 245], [1440, 138], [1188, 105], [634, 88], [15, 80], [1188, 262], [211, 90], [1602, 25], [242, 82], [391, 299], [1826, 64], [1433, 299], [1440, 139], [211, 119], [1702, 275], [1245, 96], [391, 47], [1600, 92], [1381, 60], [211, 106], [1626, 266], [1719, 61], [1038, 84], [211, 75], [1888, 69], [242, 60], [80, 248], [411, 30], [1600, 151], [532, 254], [391, 206], [391, 281], [1702, 242], [1479, 176], [577, 45], [1600, 131], [391, 298], [760, 150], [391, 115], [211, 117], [1868, 112], [1926, 290], [1433, 296], [391, 209], [17, 99], [1826, 44], [815, 210], [1538, 52], [1926, 200], [1538, 53], [15, 81], [1038, 85], [1926, 99], [343, 95], [1645, 142], [211, 87], [1669, 172], [721, 58], [1201, 69], [1620, 36], [760, 280], [520, 79], [1926, 296], [391, 211], [1, 144], [520, 289], [1188, 264], [790, 29], [1702, 203], [1, 122], [721, 71], [1287, 136], [877, 172], [1626, 35], [638, 24], [242, 106], [877, 113], [1433, 156], [1620, 29]], "mean": 0.004119873046875}