{"vals": [0.90625, 0.8984375, 0.828125, 0.8125, 0.78515625, 0.75, 0.64453125, 0.6171875, 0.53515625, 0.52734375, 0.52734375, 0.51171875, 0.498046875, 0.48046875, 0.47265625, 0.46484375, 0.4375, 0.43359375, 0.416015625, 0.412109375, 0.353515625, 0.345703125, 0.345703125, 0.33984375, 0.333984375, 0.33203125, 0.32421875, 0.32421875, 0.322265625, 0.322265625, 0.318359375, 0.318359375, 0.310546875, 0.310546875, 0.30859375, 0.30859375, 0.306640625, 0.306640625, 0.306640625, 0.294921875, 0.291015625, 0.2890625, 0.287109375, 0.287109375, 0.28515625, 0.283203125, 0.27734375, 0.275390625, 0.275390625, 0.267578125, 0.263671875, 0.26171875, 0.255859375, 0.25390625, 0.2490234375, 0.2431640625, 0.2431640625, 0.2421875, 0.236328125, 0.2353515625, 0.234375, 0.232421875, 0.232421875, 0.228515625, 0.2275390625, 0.2265625, 0.2265625, 0.2255859375, 0.2236328125, 0.2216796875, 0.2197265625, 0.21484375, 0.2138671875, 0.212890625, 0.212890625, 0.2119140625, 0.2099609375, 0.2080078125, 0.2060546875, 0.2060546875, 0.2041015625, 0.203125, 0.203125, 0.203125, 0.203125, 0.2021484375, 0.1982421875, 0.1962890625, 0.1943359375, 0.1943359375, 0.1943359375, 0.193359375, 0.1923828125, 0.1904296875, 0.1904296875, 0.189453125, 0.1875, 0.1865234375, 0.1865234375, 0.1865234375], "inds": [[1849, 61], [1045, 293], [1326, 141], [1321, 64], [1515, 49], [226, 185], [167, 33], [1833, 72], [1536, 28], [671, 14], [669, 14], [1539, 25], [1038, 85], [1849, 60], [1188, 170], [1272, 240], [1102, 104], [532, 123], [810, 60], [557, 199], [1102, 262], [146, 162], [1874, 216], [532, 99], [833, 265], [1048, 294], [1233, 61], [1048, 103], [852, 11], [1179, 54], [725, 21], [1914, 135], [1233, 158], [1125, 105], [1796, 38], [690, 141], [532, 261], [528, 173], [1048, 291], [1225, 250], [1048, 95], [1058, 182], [1048, 207], [167, 34], [532, 124], [11, 25], [1326, 178], [1539, 23], [1227, 150], [1019, 173], [1630, 57], [122, 173], [1228, 19], [1602, 25], [1045, 40], [97, 116], [78, 73], [1188, 178], [674, 52], [453, 81], [683, 26], [1943, 76], [1188, 298], [1942, 85], [1188, 261], [1048, 172], [1188, 273], [1188, 272], [1048, 77], [1180, 30], [868, 295], [1644, 24], [731, 123], [1188, 186], [1045, 97], [532, 264], [813, 293], [218, 249], [1697, 195], [39, 250], [243, 226], [697, 262], [1614, 284], [1227, 128], [1048, 78], [634, 115], [1731, 209], [1188, 227], [1977, 135], [151, 198], [815, 12], [1698, 172], [532, 293], [344, 139], [1227, 51], [433, 33], [867, 64], [1188, 238], [1905, 276], [1188, 111]], "mean": 0.000759124755859375}