{"vals": [3.59375, 3.25, 3.125, 2.34375, 2.3125, 2.25, 2.1875, 2.109375, 2.09375, 2.046875, 2.03125, 1.953125, 1.875, 1.8671875, 1.8125, 1.7734375, 1.7421875, 1.71875, 1.6796875, 1.609375, 1.515625, 1.4296875, 1.4296875, 1.3828125, 1.3828125, 1.375, 1.359375, 1.328125, 1.296875, 1.2734375, 1.2734375, 1.2578125, 1.234375, 1.21875, 1.203125, 1.1875, 1.1875, 1.1796875, 1.1796875, 1.171875, 1.15625, 1.1328125, 1.125, 1.1171875, 1.1171875, 1.1171875, 1.109375, 1.0703125, 1.0546875, 1.0390625, 1.03125, 1.0234375, 1.0, 1.0, 0.9921875, 0.984375, 0.9765625, 0.9765625, 0.96875, 0.94921875, 0.92578125, 0.92578125, 0.921875, 0.9140625, 0.9140625, 0.90234375, 0.8984375, 0.89453125, 0.89453125, 0.8828125, 0.8828125, 0.87890625, 0.87109375, 0.8671875, 0.8671875, 0.859375, 0.84375, 0.828125, 0.828125, 0.8125, 0.80859375, 0.8046875, 0.7890625, 0.7890625, 0.78515625, 0.76953125, 0.76953125, 0.76953125, 0.765625, 0.765625, 0.75390625, 0.75, 0.75, 0.75, 0.75, 0.74609375, 0.74609375, 0.7421875, 0.7421875, 0.7421875], "inds": [[1104, 279], [1504, 291], [455, 31], [1124, 42], [179, 142], [1677, 161], [394, 230], [1978, 175], [196, 144], [774, 179], [552, 89], [1335, 168], [1204, 165], [1414, 50], [1130, 119], [1582, 50], [634, 78], [1335, 120], [245, 47], [453, 174], [318, 233], [1887, 166], [251, 256], [1335, 69], [1841, 19], [1016, 178], [972, 61], [1011, 165], [1796, 241], [634, 67], [641, 75], [1634, 32], [1894, 19], [552, 87], [1579, 80], [624, 37], [196, 109], [1186, 24], [134, 45], [225, 90], [1678, 54], [775, 291], [1107, 70], [1874, 161], [1042, 253], [1089, 55], [1093, 149], [1526, 59], [134, 39], [1277, 129], [1342, 237], [634, 177], [358, 235], [918, 89], [693, 47], [1130, 118], [1500, 130], [1604, 133], [1599, 106], [705, 14], [553, 88], [536, 150], [171, 48], [316, 53], [1005, 27], [196, 271], [1209, 57], [680, 14], [813, 198], [429, 71], [1891, 125], [192, 184], [1335, 63], [748, 177], [1634, 29], [536, 171], [198, 72], [251, 257], [204, 70], [339, 126], [100, 241], [1319, 20], [1175, 72], [104, 244], [654, 156], [603, 179], [1681, 44], [477, 287], [596, 55], [1511, 205], [1746, 86], [1977, 49], [1677, 158], [780, 197], [1904, 142], [412, 13], [418, 62], [1373, 282], [1500, 157], [682, 22]], "mean": 0.0030975341796875}