{"vals": [1.1875, 1.140625, 1.0234375, 0.9375, 0.75390625, 0.73046875, 0.66796875, 0.60546875, 0.5859375, 0.51171875, 0.474609375, 0.431640625, 0.419921875, 0.4140625, 0.40625, 0.40234375, 0.39453125, 0.38671875, 0.37890625, 0.37890625, 0.373046875, 0.35546875, 0.3515625, 0.34765625, 0.34375, 0.333984375, 0.3125, 0.30859375, 0.28125, 0.271484375, 0.26953125, 0.26953125, 0.259765625, 0.2578125, 0.25390625, 0.25, 0.2421875, 0.2421875, 0.2421875, 0.2373046875, 0.236328125, 0.2353515625, 0.23046875, 0.228515625, 0.2275390625, 0.2236328125, 0.21875, 0.21875, 0.216796875, 0.2080078125, 0.205078125, 0.2021484375, 0.201171875, 0.19921875, 0.1982421875, 0.1982421875, 0.197265625, 0.197265625, 0.1943359375, 0.1923828125, 0.1875, 0.1875, 0.1875, 0.1865234375, 0.181640625, 0.181640625, 0.1806640625, 0.1806640625, 0.1796875, 0.177734375, 0.1767578125, 0.173828125, 0.173828125, 0.173828125, 0.1708984375, 0.169921875, 0.169921875, 0.1669921875, 0.166015625, 0.1640625, 0.162109375, 0.1611328125, 0.1591796875, 0.158203125, 0.15625, 0.1533203125, 0.1533203125, 0.15234375, 0.15234375, 0.15234375, 0.150390625, 0.1494140625, 0.1494140625, 0.1494140625, 0.1484375, 0.146484375, 0.146484375, 0.146484375, 0.1455078125, 0.1435546875], "inds": [[1938, 37], [1651, 94], [528, 241], [1043, 229], [455, 76], [71, 22], [599, 84], [1410, 80], [1287, 257], [49, 32], [528, 272], [1585, 62], [821, 30], [1585, 67], [847, 232], [1161, 222], [910, 60], [1319, 253], [1975, 66], [1821, 51], [392, 110], [1585, 56], [228, 78], [738, 159], [1364, 262], [3, 120], [1628, 17], [1422, 160], [1043, 239], [1227, 150], [392, 133], [312, 90], [918, 66], [949, 245], [1422, 223], [1287, 255], [1334, 38], [918, 75], [226, 162], [1512, 144], [474, 189], [617, 54], [327, 224], [1838, 53], [1400, 126], [1585, 65], [1590, 99], [1984, 288], [1043, 227], [910, 69], [981, 243], [1108, 262], [1292, 114], [1927, 31], [1500, 107], [1382, 210], [1042, 31], [940, 89], [515, 34], [1772, 18], [1173, 281], [417, 74], [1796, 28], [1355, 195], [1984, 239], [348, 144], [1806, 259], [170, 265], [392, 111], [610, 168], [1101, 149], [1018, 130], [1292, 121], [1273, 279], [146, 195], [124, 58], [876, 56], [918, 85], [1457, 56], [918, 64], [235, 254], [42, 132], [971, 96], [560, 270], [1481, 184], [10, 56], [1512, 186], [1545, 232], [44, 34], [851, 9], [1332, 199], [1581, 214], [469, 55], [1335, 156], [1581, 275], [1050, 63], [765, 82], [621, 143], [583, 148], [1547, 171]], "mean": 0.000705718994140625}