{"vals": [1.984375, 1.484375, 1.4765625, 1.421875, 1.34375, 1.3359375, 1.2109375, 1.078125, 1.0078125, 0.95703125, 0.88671875, 0.84765625, 0.69921875, 0.66796875, 0.6640625, 0.65234375, 0.6484375, 0.640625, 0.640625, 0.6171875, 0.61328125, 0.60546875, 0.57421875, 0.55859375, 0.55859375, 0.5546875, 0.546875, 0.52734375, 0.50390625, 0.50390625, 0.5, 0.4921875, 0.484375, 0.4765625, 0.466796875, 0.46484375, 0.455078125, 0.453125, 0.451171875, 0.44921875, 0.44921875, 0.44921875, 0.447265625, 0.44140625, 0.439453125, 0.4375, 0.435546875, 0.43359375, 0.43359375, 0.43359375, 0.4296875, 0.421875, 0.41015625, 0.41015625, 0.40625, 0.40234375, 0.400390625, 0.3984375, 0.3984375, 0.39453125, 0.392578125, 0.392578125, 0.390625, 0.388671875, 0.388671875, 0.3828125, 0.3828125, 0.3828125, 0.380859375, 0.37890625, 0.375, 0.37109375, 0.3671875, 0.365234375, 0.36328125, 0.36328125, 0.36328125, 0.359375, 0.357421875, 0.35546875, 0.34765625, 0.33984375, 0.337890625, 0.337890625, 0.3359375, 0.330078125, 0.328125, 0.326171875, 0.326171875, 0.326171875, 0.32421875, 0.3203125, 0.318359375, 0.318359375, 0.314453125, 0.3125, 0.30859375, 0.306640625, 0.294921875, 0.29296875], "inds": [[472, 166], [869, 162], [877, 99], [925, 70], [1457, 107], [556, 207], [1457, 109], [1542, 136], [1951, 203], [1951, 204], [1951, 202], [1428, 110], [258, 66], [1876, 135], [330, 219], [1272, 153], [770, 274], [1951, 205], [314, 113], [475, 109], [1252, 174], [579, 8], [404, 279], [469, 35], [1951, 206], [397, 81], [1618, 138], [799, 7], [1986, 92], [104, 218], [1463, 182], [910, 42], [1128, 17], [245, 185], [459, 94], [1643, 124], [475, 48], [589, 142], [126, 225], [515, 46], [469, 97], [410, 191], [1286, 297], [492, 112], [302, 95], [1428, 91], [1880, 213], [1788, 14], [1745, 108], [1055, 41], [877, 117], [1697, 71], [891, 201], [424, 268], [1428, 136], [1632, 168], [1697, 94], [1305, 57], [1908, 47], [1285, 149], [1429, 193], [1632, 167], [475, 106], [1951, 207], [7, 121], [533, 192], [1786, 65], [1896, 54], [533, 191], [1887, 166], [307, 169], [1985, 133], [582, 12], [1097, 136], [689, 261], [151, 207], [1632, 166], [1024, 253], [1734, 56], [1554, 43], [1212, 83], [1516, 231], [583, 57], [1186, 59], [1916, 119], [972, 111], [1703, 289], [1554, 44], [470, 72], [1604, 297], [1375, 42], [95, 56], [567, 123], [788, 139], [1824, 240], [1589, 50], [196, 197], [469, 94], [1968, 291], [1951, 201]], "mean": 0.0026397705078125}