{"vals": [1.9609375, 1.8828125, 1.15625, 1.0703125, 1.015625, 0.9765625, 0.95703125, 0.921875, 0.84375, 0.82421875, 0.78515625, 0.7734375, 0.7578125, 0.7578125, 0.734375, 0.72265625, 0.72265625, 0.71484375, 0.7109375, 0.69921875, 0.62890625, 0.62890625, 0.62109375, 0.62109375, 0.609375, 0.59765625, 0.59375, 0.59375, 0.5859375, 0.57421875, 0.56640625, 0.55078125, 0.51953125, 0.515625, 0.5078125, 0.49609375, 0.49609375, 0.478515625, 0.4765625, 0.47265625, 0.4609375, 0.45703125, 0.455078125, 0.455078125, 0.453125, 0.451171875, 0.451171875, 0.447265625, 0.447265625, 0.443359375, 0.435546875, 0.427734375, 0.42578125, 0.421875, 0.4140625, 0.408203125, 0.40625, 0.40625, 0.404296875, 0.404296875, 0.404296875, 0.40234375, 0.40234375, 0.400390625, 0.396484375, 0.396484375, 0.396484375, 0.39453125, 0.392578125, 0.390625, 0.388671875, 0.38671875, 0.384765625, 0.384765625, 0.384765625, 0.3828125, 0.380859375, 0.380859375, 0.37890625, 0.375, 0.375, 0.375, 0.373046875, 0.373046875, 0.37109375, 0.369140625, 0.369140625, 0.365234375, 0.365234375, 0.365234375, 0.365234375, 0.36328125, 0.361328125, 0.35546875, 0.35546875, 0.35546875, 0.353515625, 0.349609375, 0.34765625, 0.34765625], "inds": [[113, 129], [1457, 111], [986, 109], [558, 46], [714, 49], [868, 201], [1904, 13], [1753, 51], [1178, 200], [760, 131], [899, 73], [1320, 196], [551, 10], [548, 10], [1850, 24], [941, 35], [277, 40], [1141, 73], [54, 60], [630, 50], [1113, 294], [1859, 66], [392, 67], [310, 235], [1258, 91], [1128, 144], [1009, 59], [1084, 145], [691, 25], [548, 51], [1682, 73], [1902, 158], [632, 208], [793, 151], [332, 73], [1461, 29], [35, 94], [1303, 170], [1457, 109], [1916, 183], [617, 49], [551, 248], [1485, 147], [1930, 129], [151, 207], [965, 93], [1916, 181], [1260, 278], [494, 157], [28, 9], [1082, 47], [22, 250], [1930, 127], [1624, 161], [1944, 142], [75, 230], [398, 136], [1747, 52], [1521, 172], [1930, 128], [441, 140], [1005, 32], [22, 280], [1939, 267], [1629, 163], [749, 174], [1355, 106], [1553, 34], [1255, 263], [1239, 91], [413, 99], [575, 88], [857, 52], [1999, 202], [1739, 77], [86, 222], [1354, 92], [324, 61], [873, 251], [597, 180], [410, 297], [1479, 211], [1592, 190], [1241, 159], [1084, 219], [966, 84], [46, 243], [469, 122], [1558, 49], [1389, 40], [1951, 211], [1041, 241], [1102, 114], [1416, 119], [1818, 107], [1978, 243], [1363, 34], [887, 153], [788, 139], [672, 102]], "mean": 0.0040283203125}