{"vals": [3.890625, 2.6875, 2.515625, 2.15625, 1.9453125, 1.859375, 1.8125, 1.7578125, 1.5625, 1.53125, 1.46875, 1.4609375, 1.4453125, 1.4375, 1.3984375, 1.3515625, 1.34375, 1.3359375, 1.2890625, 1.28125, 1.2734375, 1.234375, 1.1953125, 1.1953125, 1.171875, 1.1640625, 1.1640625, 1.15625, 1.125, 1.1015625, 1.1015625, 1.1015625, 1.09375, 1.09375, 1.0859375, 1.0703125, 1.0625, 1.0546875, 1.015625, 1.0078125, 1.0, 1.0, 0.98828125, 0.984375, 0.98046875, 0.96875, 0.9609375, 0.95703125, 0.95703125, 0.953125, 0.94921875, 0.94140625, 0.9375, 0.9296875, 0.91796875, 0.90625, 0.90625, 0.90234375, 0.90234375, 0.90234375, 0.890625, 0.88671875, 0.8828125, 0.87890625, 0.87890625, 0.87890625, 0.875, 0.875, 0.87109375, 0.859375, 0.85546875, 0.84375, 0.8359375, 0.83203125, 0.83203125, 0.828125, 0.828125, 0.82421875, 0.8203125, 0.8125, 0.8125, 0.8046875, 0.8046875, 0.79296875, 0.7890625, 0.78515625, 0.77734375, 0.7734375, 0.7734375, 0.7734375, 0.7734375, 0.76953125, 0.765625, 0.765625, 0.765625, 0.76171875, 0.76171875, 0.76171875, 0.7578125, 0.7578125], "inds": [[1182, 210], [1406, 73], [865, 12], [945, 23], [1022, 32], [1428, 153], [1389, 95], [1209, 293], [763, 22], [790, 9], [404, 162], [1285, 27], [1585, 14], [1887, 195], [1346, 34], [1017, 19], [483, 152], [1621, 27], [974, 15], [1537, 276], [1527, 68], [365, 54], [1664, 8], [1972, 217], [1406, 67], [1838, 55], [1950, 23], [1343, 35], [1149, 90], [1419, 15], [1243, 21], [1177, 169], [760, 19], [1057, 16], [1518, 11], [1428, 10], [1056, 15], [646, 51], [310, 23], [1977, 24], [582, 93], [992, 76], [971, 50], [1149, 49], [824, 293], [455, 71], [1156, 127], [309, 95], [817, 68], [453, 26], [453, 75], [1950, 164], [1693, 10], [404, 165], [949, 252], [453, 133], [1602, 14], [406, 257], [120, 16], [504, 100], [1631, 61], [764, 60], [1149, 152], [404, 97], [176, 196], [1074, 275], [855, 263], [1582, 32], [74, 44], [18, 17], [1267, 156], [567, 136], [1329, 17], [758, 30], [1782, 74], [450, 10], [1149, 197], [1872, 78], [1149, 208], [1662, 80], [996, 43], [592, 21], [164, 17], [1440, 15], [1453, 59], [743, 16], [1568, 82], [1010, 10], [1673, 17], [1012, 10], [1009, 10], [1950, 80], [1566, 58], [1814, 18], [865, 254], [815, 37], [1950, 65], [1149, 125], [453, 38], [962, 18]], "mean": 0.01031494140625}