{"vals": [0.81640625, 0.625, 0.578125, 0.50390625, 0.46875, 0.453125, 0.447265625, 0.447265625, 0.439453125, 0.439453125, 0.419921875, 0.40625, 0.380859375, 0.37890625, 0.369140625, 0.337890625, 0.3203125, 0.302734375, 0.30078125, 0.298828125, 0.296875, 0.29296875, 0.2890625, 0.28125, 0.279296875, 0.26953125, 0.267578125, 0.263671875, 0.263671875, 0.2578125, 0.251953125, 0.251953125, 0.25, 0.2470703125, 0.2470703125, 0.24609375, 0.234375, 0.234375, 0.2294921875, 0.228515625, 0.2265625, 0.2255859375, 0.2255859375, 0.2216796875, 0.2216796875, 0.2216796875, 0.21875, 0.21875, 0.2158203125, 0.21484375, 0.2109375, 0.2099609375, 0.20703125, 0.205078125, 0.203125, 0.203125, 0.19921875, 0.1982421875, 0.1962890625, 0.1962890625, 0.1943359375, 0.1943359375, 0.193359375, 0.193359375, 0.1923828125, 0.1923828125, 0.19140625, 0.1904296875, 0.189453125, 0.1884765625, 0.1884765625, 0.1875, 0.1875, 0.1865234375, 0.185546875, 0.1845703125, 0.18359375, 0.181640625, 0.1806640625, 0.1787109375, 0.177734375, 0.177734375, 0.1767578125, 0.1767578125, 0.17578125, 0.17578125, 0.17578125, 0.1748046875, 0.1748046875, 0.173828125, 0.173828125, 0.1728515625, 0.171875, 0.169921875, 0.169921875, 0.1689453125, 0.1689453125, 0.1689453125, 0.1689453125, 0.16796875], "inds": [[817, 147], [1505, 60], [1045, 97], [714, 293], [1979, 289], [1045, 98], [1589, 149], [1369, 29], [1097, 95], [293, 45], [1996, 58], [1432, 168], [1687, 228], [869, 269], [1564, 83], [1273, 254], [1045, 188], [773, 124], [1127, 212], [1833, 72], [1297, 53], [1854, 68], [37, 173], [1687, 229], [528, 296], [1068, 238], [1131, 280], [963, 265], [963, 208], [528, 179], [1133, 52], [507, 119], [104, 43], [1211, 97], [1579, 151], [590, 253], [577, 68], [686, 50], [515, 261], [911, 42], [46, 26], [1230, 263], [106, 23], [356, 53], [963, 101], [1045, 186], [1148, 111], [1097, 274], [1969, 171], [667, 295], [729, 226], [1395, 126], [146, 270], [1135, 262], [1990, 64], [472, 102], [1293, 73], [1177, 252], [1705, 200], [294, 139], [1048, 95], [1369, 28], [388, 186], [1902, 156], [905, 216], [1706, 264], [298, 216], [1868, 158], [1535, 167], [86, 109], [1946, 61], [27, 253], [1492, 32], [1821, 103], [773, 118], [648, 157], [1489, 26], [1211, 126], [1990, 218], [1027, 289], [807, 10], [1253, 117], [370, 90], [1990, 47], [1055, 11], [714, 250], [1889, 31], [100, 287], [667, 270], [1322, 96], [773, 22], [590, 235], [1350, 207], [821, 279], [1701, 137], [1211, 261], [319, 67], [1627, 37], [1324, 171], [333, 86]], "mean": 0.0007476806640625}