{"vals": [19.75, 18.125, 13.0, 12.8125, 12.0625, 11.75, 11.6875, 11.375, 11.375, 11.3125, 11.25, 10.8125, 10.6875, 10.4375, 10.4375, 10.4375, 10.25, 10.25, 10.1875, 10.0625, 10.0, 9.9375, 9.9375, 9.875, 9.8125, 9.8125, 9.8125, 9.6875, 9.625, 9.625, 9.5625, 9.5625, 9.375, 9.3125, 9.25, 9.25, 9.25, 9.1875, 9.1875, 9.1875, 9.1875, 9.1875, 9.125, 9.125, 9.0625, 9.0625, 8.9375, 8.9375, 8.875, 8.875, 8.8125, 8.8125, 8.75, 8.6875, 8.6875, 8.625, 8.5625, 8.5625, 8.5, 8.5, 8.4375, 8.4375, 8.4375, 8.4375, 8.4375, 8.375, 8.375, 8.375, 8.3125, 8.3125, 8.3125, 8.25, 8.25, 8.25, 8.25, 8.1875, 8.1875, 8.1875, 8.1875, 8.1875, 8.1875, 8.125, 8.125, 8.125, 8.125, 8.0625, 8.0625, 8.0625, 8.0, 7.96875, 7.9375, 7.9375, 7.90625, 7.90625, 7.875, 7.8125, 7.8125, 7.8125, 7.78125, 7.75], "inds": [[1124, 139], [1019, 49], [12, 56], [453, 195], [1358, 131], [62, 231], [1508, 51], [1121, 193], [1019, 120], [532, 207], [1124, 156], [62, 275], [588, 58], [453, 160], [62, 90], [1016, 163], [453, 156], [1017, 237], [359, 154], [456, 290], [359, 80], [456, 140], [1126, 136], [456, 143], [1017, 136], [1129, 226], [456, 230], [359, 288], [1508, 45], [62, 110], [453, 251], [1016, 55], [456, 221], [453, 194], [1124, 191], [62, 113], [453, 123], [374, 141], [456, 150], [456, 200], [856, 243], [453, 264], [453, 164], [1508, 120], [1277, 69], [370, 65], [622, 213], [1129, 156], [1277, 145], [699, 244], [453, 130], [453, 145], [453, 158], [714, 281], [453, 121], [1010, 116], [1149, 59], [1246, 163], [1133, 142], [374, 158], [62, 117], [1527, 71], [453, 128], [1124, 78], [282, 89], [453, 146], [866, 126], [576, 225], [453, 137], [456, 223], [1269, 185], [359, 77], [1133, 105], [1978, 174], [456, 156], [1126, 147], [1124, 117], [456, 148], [1016, 263], [1124, 297], [456, 216], [1508, 139], [856, 132], [1126, 129], [1277, 179], [576, 150], [374, 194], [1508, 73], [1269, 104], [22, 238], [1017, 173], [1019, 193], [456, 284], [646, 29], [456, 238], [1126, 81], [456, 165], [456, 296], [1129, 67], [448, 222]], "mean": 0.06787109375}