{"vals": [5.65625, 4.8125, 3.453125, 3.390625, 3.109375, 3.015625, 3.015625, 2.921875, 2.890625, 2.84375, 2.6875, 2.6875, 2.640625, 2.46875, 2.4375, 2.15625, 1.9609375, 1.640625, 1.6328125, 1.5859375, 1.5625, 1.5234375, 1.421875, 1.3828125, 1.3828125, 1.375, 1.359375, 1.3515625, 1.3203125, 1.296875, 1.25, 1.25, 1.1875, 1.1875, 1.1796875, 1.1171875, 1.1171875, 1.1171875, 1.109375, 1.1015625, 1.0625, 1.0390625, 1.0390625, 1.0390625, 1.0, 0.953125, 0.92578125, 0.9140625, 0.89453125, 0.87890625, 0.86328125, 0.8359375, 0.81640625, 0.81640625, 0.80078125, 0.765625, 0.74609375, 0.74609375, 0.734375, 0.734375, 0.73046875, 0.72265625, 0.6953125, 0.6953125, 0.6953125, 0.69140625, 0.6796875, 0.6796875, 0.66796875, 0.65234375, 0.64453125, 0.64453125, 0.64453125, 0.640625, 0.63671875, 0.61328125, 0.61328125, 0.60546875, 0.59375, 0.58984375, 0.5859375, 0.578125, 0.578125, 0.57421875, 0.57421875, 0.56640625, 0.5625, 0.5625, 0.55859375, 0.55859375, 0.55859375, 0.55859375, 0.5546875, 0.55078125, 0.55078125, 0.546875, 0.54296875, 0.5390625, 0.5390625, 0.5234375], "inds": [[1320, 33], [1887, 271], [641, 53], [1149, 172], [1227, 5], [1669, 130], [43, 89], [1887, 264], [1149, 91], [255, 176], [1560, 208], [1887, 272], [1887, 166], [1527, 61], [1882, 94], [1887, 269], [1887, 235], [1849, 137], [842, 138], [1830, 58], [149, 40], [1188, 279], [900, 122], [1149, 177], [1830, 57], [1284, 116], [1887, 238], [835, 274], [609, 267], [374, 75], [1045, 229], [1243, 82], [1117, 235], [1149, 45], [1701, 142], [1887, 270], [149, 38], [1887, 212], [404, 164], [948, 121], [1887, 159], [1929, 16], [1149, 260], [1149, 153], [1701, 141], [1320, 39], [1887, 239], [1149, 70], [1917, 64], [1149, 90], [1887, 213], [1588, 128], [1141, 32], [532, 99], [1887, 210], [759, 10], [1149, 39], [842, 127], [222, 52], [714, 278], [1149, 96], [1972, 216], [1887, 193], [1149, 222], [1998, 234], [1887, 273], [1887, 279], [1155, 74], [800, 75], [246, 37], [1887, 268], [1887, 180], [1149, 69], [374, 76], [1382, 183], [968, 112], [146, 135], [174, 24], [1048, 210], [410, 98], [1188, 111], [1887, 161], [528, 6], [292, 247], [1399, 6], [608, 266], [1149, 87], [1149, 111], [1220, 236], [856, 5], [1399, 8], [1149, 92], [1887, 236], [1149, 93], [974, 264], [1508, 46], [1188, 112], [1887, 181], [1149, 109], [1887, 158]], "mean": 0.001556396484375}