{"vals": [5.84375, 5.46875, 5.15625, 4.53125, 3.875, 3.859375, 3.65625, 3.53125, 3.359375, 3.234375, 3.15625, 3.0625, 3.03125, 2.96875, 2.65625, 2.34375, 2.296875, 2.203125, 2.15625, 2.125, 2.125, 2.109375, 2.078125, 2.0625, 2.03125, 1.9609375, 1.84375, 1.8125, 1.8046875, 1.796875, 1.796875, 1.7734375, 1.765625, 1.7421875, 1.6953125, 1.625, 1.578125, 1.578125, 1.5625, 1.4765625, 1.4609375, 1.453125, 1.453125, 1.4296875, 1.421875, 1.3359375, 1.3359375, 1.3359375, 1.296875, 1.2890625, 1.2890625, 1.2890625, 1.2421875, 1.21875, 1.203125, 1.1953125, 1.1953125, 1.1796875, 1.1796875, 1.1796875, 1.1796875, 1.1796875, 1.1796875, 1.1640625, 1.15625, 1.1484375, 1.140625, 1.09375, 1.0859375, 1.078125, 1.0703125, 1.0546875, 1.0390625, 1.015625, 1.015625, 1.0, 0.99609375, 0.98828125, 0.98828125, 0.984375, 0.98046875, 0.96484375, 0.95703125, 0.94140625, 0.94140625, 0.9296875, 0.921875, 0.921875, 0.921875, 0.921875, 0.91796875, 0.91015625, 0.89453125, 0.8828125, 0.87109375, 0.86328125, 0.84375, 0.83984375, 0.83203125, 0.828125], "inds": [[645, 297], [447, 22], [1126, 30], [1585, 237], [540, 13], [1741, 188], [178, 75], [391, 70], [1741, 191], [1747, 33], [972, 106], [589, 64], [1320, 33], [561, 17], [1206, 12], [1126, 207], [1339, 54], [967, 59], [748, 80], [651, 19], [641, 53], [793, 258], [645, 194], [1001, 46], [280, 46], [1530, 23], [271, 124], [974, 250], [748, 250], [1303, 153], [644, 22], [1243, 193], [813, 277], [813, 106], [444, 12], [1143, 68], [974, 251], [905, 129], [22, 6], [617, 99], [813, 105], [1613, 30], [1432, 116], [1389, 11], [1303, 143], [845, 286], [562, 14], [216, 98], [134, 113], [1698, 13], [813, 242], [1363, 51], [589, 189], [69, 84], [246, 19], [1512, 18], [1019, 37], [581, 11], [677, 31], [471, 15], [216, 11], [191, 5], [1890, 187], [1948, 42], [852, 231], [813, 107], [1428, 149], [813, 119], [299, 191], [1914, 222], [1363, 34], [1352, 7], [748, 141], [717, 197], [813, 198], [556, 66], [1284, 171], [694, 132], [1001, 53], [813, 138], [319, 50], [1324, 32], [609, 267], [315, 17], [1160, 99], [788, 10], [1012, 16], [1009, 16], [1010, 16], [1698, 34], [460, 14], [857, 12], [813, 293], [1628, 21], [1080, 18], [1698, 32], [1836, 22], [1284, 116], [768, 32], [667, 148]], "mean": 0.00396728515625}