{"vals": [9.1875, 8.75, 7.03125, 6.53125, 6.5, 6.375, 6.1875, 5.40625, 5.375, 5.25, 4.9375, 4.875, 4.65625, 4.40625, 4.375, 4.0625, 3.90625, 3.75, 3.71875, 3.421875, 3.359375, 3.3125, 3.28125, 3.25, 3.21875, 3.171875, 3.15625, 3.125, 3.0625, 3.046875, 3.015625, 2.96875, 2.921875, 2.90625, 2.875, 2.875, 2.875, 2.859375, 2.796875, 2.75, 2.734375, 2.703125, 2.703125, 2.6875, 2.65625, 2.515625, 2.515625, 2.46875, 2.46875, 2.46875, 2.421875, 2.40625, 2.40625, 2.390625, 2.359375, 2.34375, 2.3125, 2.265625, 2.265625, 2.25, 2.203125, 2.1875, 2.1875, 2.171875, 2.171875, 2.125, 2.125, 2.03125, 2.03125, 2.0, 1.9765625, 1.96875, 1.9375, 1.9296875, 1.90625, 1.8515625, 1.84375, 1.8359375, 1.7734375, 1.7734375, 1.765625, 1.7109375, 1.703125, 1.703125, 1.6796875, 1.6796875, 1.671875, 1.671875, 1.65625, 1.6328125, 1.6328125, 1.625, 1.6171875, 1.609375, 1.609375, 1.609375, 1.5859375, 1.5625, 1.5546875, 1.546875], "inds": [[1639, 75], [950, 298], [1252, 108], [241, 50], [275, 192], [1595, 256], [716, 246], [472, 86], [1990, 129], [1354, 92], [631, 86], [1448, 123], [853, 236], [1448, 9], [299, 26], [1280, 21], [1299, 34], [577, 36], [1645, 7], [541, 8], [160, 28], [117, 252], [1629, 254], [1354, 253], [948, 121], [1624, 252], [206, 98], [1741, 77], [1001, 53], [206, 101], [1531, 133], [1072, 99], [1448, 40], [442, 10], [102, 7], [1182, 8], [564, 12], [472, 112], [1072, 15], [319, 50], [1747, 42], [43, 92], [1179, 54], [319, 175], [1791, 186], [271, 86], [299, 21], [160, 30], [967, 59], [631, 9], [27, 76], [512, 97], [556, 66], [1072, 93], [1476, 19], [1547, 18], [631, 18], [631, 83], [1427, 49], [1760, 277], [577, 89], [1443, 26], [1079, 88], [1476, 12], [206, 104], [1189, 190], [1004, 7], [1448, 120], [1075, 30], [723, 174], [387, 29], [1421, 167], [275, 190], [363, 187], [631, 89], [20, 34], [852, 8], [540, 13], [631, 102], [710, 16], [1772, 193], [1555, 33], [1752, 14], [1990, 147], [302, 160], [387, 50], [1011, 18], [1014, 18], [1123, 25], [399, 174], [544, 70], [631, 8], [1123, 23], [577, 90], [1339, 54], [1427, 109], [290, 202], [442, 11], [1959, 160], [1905, 275]], "mean": 0.004180908203125}