{"vals": [6.21875, 3.9375, 2.3125, 2.203125, 1.90625, 1.8515625, 1.65625, 1.6484375, 1.53125, 1.4609375, 1.421875, 1.4140625, 1.4140625, 1.3828125, 1.34375, 1.3046875, 1.28125, 1.2421875, 1.2421875, 1.1875, 1.125, 1.125, 1.0, 0.96875, 0.87890625, 0.87890625, 0.875, 0.84375, 0.8203125, 0.8125, 0.8125, 0.78515625, 0.76171875, 0.76171875, 0.75390625, 0.74609375, 0.7265625, 0.71875, 0.71875, 0.71484375, 0.7109375, 0.7109375, 0.69140625, 0.671875, 0.65625, 0.6484375, 0.64453125, 0.62890625, 0.62109375, 0.61328125, 0.61328125, 0.5859375, 0.58203125, 0.578125, 0.57421875, 0.57421875, 0.5703125, 0.56640625, 0.5625, 0.546875, 0.546875, 0.53125, 0.52734375, 0.51171875, 0.5078125, 0.5078125, 0.5, 0.49609375, 0.4921875, 0.490234375, 0.490234375, 0.482421875, 0.4765625, 0.474609375, 0.47265625, 0.46875, 0.466796875, 0.46484375, 0.46484375, 0.462890625, 0.45703125, 0.447265625, 0.4375, 0.435546875, 0.435546875, 0.43359375, 0.431640625, 0.431640625, 0.423828125, 0.423828125, 0.421875, 0.421875, 0.419921875, 0.416015625, 0.416015625, 0.416015625, 0.412109375, 0.41015625, 0.408203125, 0.408203125], "inds": [[720, 5], [1026, 21], [183, 222], [1288, 19], [1320, 33], [319, 50], [1149, 216], [853, 101], [20, 237], [765, 53], [106, 121], [1428, 66], [1428, 149], [149, 102], [1624, 252], [1611, 280], [460, 14], [853, 114], [1629, 254], [149, 240], [732, 8], [567, 9], [1253, 120], [853, 104], [55, 19], [1715, 19], [1264, 11], [567, 42], [1998, 211], [853, 110], [1383, 210], [1096, 72], [1231, 228], [1875, 177], [853, 112], [256, 35], [567, 43], [863, 22], [996, 42], [1998, 214], [20, 34], [1655, 88], [183, 220], [606, 40], [763, 202], [963, 124], [402, 164], [723, 55], [1614, 202], [1786, 8], [468, 11], [404, 161], [1223, 134], [1893, 97], [404, 160], [721, 15], [512, 109], [1683, 38], [435, 175], [439, 165], [1382, 183], [1096, 20], [1748, 239], [1011, 166], [670, 260], [204, 69], [853, 100], [853, 113], [359, 117], [1763, 33], [1805, 74], [462, 20], [188, 186], [1288, 58], [164, 13], [918, 92], [43, 65], [800, 75], [609, 267], [1197, 72], [676, 77], [1264, 9], [899, 238], [567, 8], [406, 96], [361, 95], [1818, 28], [1777, 51], [1476, 122], [681, 51], [271, 87], [402, 125], [753, 216], [1893, 171], [1847, 105], [164, 48], [722, 53], [625, 35], [160, 15], [55, 233]], "mean": 0.00176239013671875}