{"vals": [13.4375, 9.9375, 9.375, 8.375, 6.3125, 4.78125, 4.6875, 4.53125, 4.03125, 3.515625, 3.375, 3.125, 2.90625, 2.765625, 2.515625, 2.375, 2.296875, 2.171875, 2.109375, 2.09375, 1.96875, 1.9609375, 1.875, 1.765625, 1.6015625, 1.5859375, 1.53125, 1.3828125, 1.328125, 1.2734375, 1.2421875, 1.171875, 1.1640625, 1.1484375, 1.0625, 1.0390625, 1.03125, 1.0234375, 1.0234375, 1.0234375, 0.9453125, 0.92578125, 0.921875, 0.90234375, 0.8984375, 0.890625, 0.87890625, 0.87109375, 0.8671875, 0.8359375, 0.8359375, 0.81640625, 0.796875, 0.7890625, 0.7890625, 0.7734375, 0.76953125, 0.76171875, 0.75, 0.7265625, 0.7109375, 0.6953125, 0.6875, 0.6875, 0.6796875, 0.6796875, 0.67578125, 0.65234375, 0.63671875, 0.625, 0.6171875, 0.57421875, 0.5703125, 0.56640625, 0.55859375, 0.55859375, 0.54296875, 0.53515625, 0.52734375, 0.515625, 0.5078125, 0.5078125, 0.5078125, 0.49609375, 0.49609375, 0.494140625, 0.494140625, 0.48828125, 0.486328125, 0.4765625, 0.44921875, 0.44921875, 0.4453125, 0.443359375, 0.439453125, 0.439453125, 0.435546875, 0.4296875, 0.42578125, 0.41796875], "inds": [[645, 297], [846, 99], [716, 246], [645, 194], [1303, 153], [831, 151], [558, 294], [1001, 139], [645, 282], [106, 121], [609, 241], [544, 70], [544, 68], [1180, 162], [182, 183], [651, 268], [1253, 120], [850, 252], [1741, 191], [1897, 163], [1321, 238], [106, 117], [103, 252], [1732, 174], [43, 89], [645, 208], [1655, 133], [1303, 170], [27, 252], [20, 34], [1564, 191], [459, 279], [1180, 182], [846, 262], [103, 271], [590, 240], [1614, 172], [1322, 277], [1204, 92], [149, 140], [1180, 70], [1904, 79], [350, 36], [27, 257], [1210, 259], [748, 250], [149, 179], [149, 183], [106, 94], [1273, 42], [846, 81], [1962, 65], [634, 72], [1303, 171], [1296, 26], [1149, 21], [905, 129], [1564, 144], [1748, 250], [609, 267], [589, 125], [1056, 129], [43, 92], [406, 196], [27, 284], [1079, 24], [1722, 192], [1225, 130], [1897, 159], [589, 98], [293, 87], [1722, 71], [1887, 129], [1180, 241], [1969, 42], [933, 55], [1284, 208], [293, 49], [1614, 241], [1614, 197], [585, 24], [1748, 232], [818, 24], [513, 260], [1134, 58], [994, 185], [544, 69], [1466, 50], [1982, 18], [1068, 206], [1967, 57], [1748, 272], [645, 289], [1227, 51], [1466, 43], [512, 109], [651, 223], [1371, 78], [590, 86], [850, 253]], "mean": 0.00168609619140625}