{"vals": [8.625, 7.59375, 7.46875, 5.34375, 5.3125, 4.59375, 4.375, 4.03125, 3.90625, 3.84375, 3.765625, 3.6875, 3.65625, 3.578125, 3.578125, 3.5, 3.28125, 3.25, 3.203125, 3.15625, 3.125, 3.0625, 3.03125, 3.015625, 2.84375, 2.796875, 2.765625, 2.640625, 2.609375, 2.59375, 2.59375, 2.546875, 2.4375, 2.421875, 2.375, 2.375, 2.375, 2.34375, 2.296875, 2.265625, 2.21875, 2.203125, 2.15625, 2.140625, 2.109375, 2.09375, 2.09375, 2.046875, 1.9921875, 1.9765625, 1.9609375, 1.9453125, 1.8828125, 1.84375, 1.8359375, 1.828125, 1.8046875, 1.8046875, 1.796875, 1.7109375, 1.6875, 1.6640625, 1.640625, 1.6171875, 1.578125, 1.578125, 1.5625, 1.5625, 1.53125, 1.53125, 1.53125, 1.484375, 1.453125, 1.4375, 1.4375, 1.421875, 1.4140625, 1.3984375, 1.3828125, 1.359375, 1.3203125, 1.3125, 1.296875, 1.28125, 1.28125, 1.28125, 1.2734375, 1.2734375, 1.2421875, 1.234375, 1.2265625, 1.2265625, 1.21875, 1.2109375, 1.203125, 1.203125, 1.203125, 1.203125, 1.1953125, 1.1875], "inds": [[1585, 92], [164, 13], [850, 8], [460, 14], [164, 10], [146, 120], [1164, 26], [1657, 153], [715, 154], [725, 19], [788, 219], [1964, 107], [404, 63], [1164, 27], [1545, 13], [1891, 191], [1827, 181], [1164, 24], [15, 80], [1164, 54], [305, 233], [1725, 66], [1629, 71], [972, 106], [1465, 24], [404, 59], [974, 236], [1164, 45], [1624, 69], [1890, 187], [1352, 43], [690, 96], [1133, 53], [674, 11], [1643, 264], [1695, 34], [1164, 29], [1868, 13], [1164, 32], [1164, 23], [714, 278], [1034, 92], [971, 17], [859, 261], [861, 14], [1849, 60], [309, 50], [1227, 90], [167, 18], [1816, 72], [1170, 73], [1016, 51], [451, 23], [1334, 10], [996, 42], [1170, 74], [359, 117], [1164, 67], [404, 65], [1284, 116], [1695, 35], [716, 246], [858, 19], [1465, 203], [748, 41], [856, 244], [818, 221], [1164, 28], [839, 14], [1904, 59], [1630, 219], [609, 267], [651, 86], [98, 15], [1741, 210], [260, 12], [810, 9], [1492, 101], [1105, 155], [1339, 44], [456, 5], [640, 8], [425, 10], [1827, 189], [1334, 8], [1398, 299], [996, 43], [1998, 105], [1164, 186], [1164, 112], [1285, 218], [374, 143], [1522, 32], [1630, 218], [1144, 214], [1016, 50], [1946, 35], [348, 18], [305, 235], [420, 74]], "mean": 0.0048828125}