{"vals": [8.25, 7.25, 5.25, 4.53125, 3.96875, 3.953125, 3.734375, 3.609375, 3.390625, 3.28125, 3.25, 3.0625, 2.953125, 2.71875, 2.609375, 2.234375, 2.1875, 2.140625, 2.09375, 2.03125, 2.0, 1.9453125, 1.9453125, 1.8984375, 1.890625, 1.8671875, 1.84375, 1.8203125, 1.8046875, 1.8046875, 1.8046875, 1.796875, 1.765625, 1.734375, 1.703125, 1.640625, 1.6015625, 1.5859375, 1.5859375, 1.5859375, 1.5703125, 1.5546875, 1.5390625, 1.53125, 1.46875, 1.453125, 1.4453125, 1.4375, 1.4296875, 1.421875, 1.421875, 1.40625, 1.40625, 1.3984375, 1.390625, 1.390625, 1.3359375, 1.3359375, 1.3359375, 1.296875, 1.2578125, 1.25, 1.2421875, 1.2421875, 1.2421875, 1.234375, 1.203125, 1.1953125, 1.1875, 1.1796875, 1.171875, 1.15625, 1.15625, 1.15625, 1.1484375, 1.140625, 1.140625, 1.1328125, 1.125, 1.109375, 1.109375, 1.1015625, 1.09375, 1.09375, 1.0859375, 1.0625, 1.0625, 1.0625, 1.0546875, 1.0546875, 1.046875, 1.0390625, 1.0390625, 1.0390625, 1.03125, 1.015625, 1.015625, 1.0, 1.0, 0.99609375], "inds": [[1821, 144], [1032, 149], [462, 125], [50, 90], [228, 291], [1579, 6], [972, 106], [447, 12], [748, 250], [694, 132], [172, 170], [726, 154], [1924, 280], [111, 45], [748, 80], [1790, 135], [1303, 111], [1821, 99], [1056, 77], [50, 88], [857, 9], [1303, 287], [1560, 208], [1186, 47], [870, 165], [1206, 26], [1032, 202], [1128, 92], [325, 259], [1239, 290], [135, 285], [1614, 209], [1078, 81], [780, 173], [851, 171], [1128, 40], [1706, 220], [407, 75], [1056, 45], [422, 76], [1451, 93], [1186, 59], [1011, 132], [1377, 38], [746, 17], [144, 205], [1303, 261], [971, 50], [257, 129], [228, 70], [780, 179], [80, 74], [1836, 22], [1419, 80], [1355, 199], [1430, 33], [1428, 49], [764, 127], [172, 15], [748, 141], [16, 183], [530, 143], [1057, 43], [764, 128], [1541, 10], [1092, 26], [1303, 170], [1706, 15], [1979, 145], [530, 68], [556, 66], [435, 175], [729, 91], [1302, 215], [1821, 145], [144, 203], [1276, 163], [1639, 21], [50, 91], [557, 13], [402, 110], [1239, 297], [968, 199], [1131, 290], [1303, 259], [1303, 64], [412, 10], [111, 39], [1460, 189], [1276, 165], [275, 4], [1303, 120], [1430, 39], [50, 14], [172, 272], [144, 202], [1585, 237], [103, 252], [1056, 116], [1081, 110]], "mean": 0.005035400390625}