{"vals": [10.9375, 6.9375, 6.53125, 6.5, 6.3125, 6.1875, 5.6875, 5.65625, 5.53125, 5.53125, 5.40625, 5.21875, 5.0, 4.96875, 4.46875, 4.4375, 4.28125, 4.21875, 4.21875, 4.125, 3.984375, 3.9375, 3.796875, 3.765625, 3.625, 3.3125, 3.21875, 3.1875, 3.171875, 3.15625, 3.140625, 3.09375, 3.03125, 3.03125, 2.984375, 2.890625, 2.875, 2.84375, 2.8125, 2.8125, 2.78125, 2.765625, 2.75, 2.703125, 2.640625, 2.609375, 2.609375, 2.609375, 2.59375, 2.578125, 2.546875, 2.515625, 2.5, 2.46875, 2.4375, 2.421875, 2.421875, 2.40625, 2.40625, 2.34375, 2.328125, 2.28125, 2.28125, 2.265625, 2.234375, 2.203125, 2.203125, 2.171875, 2.125, 2.125, 2.109375, 2.09375, 2.046875, 2.03125, 1.9765625, 1.9765625, 1.9765625, 1.9296875, 1.9296875, 1.9140625, 1.9140625, 1.8984375, 1.8984375, 1.890625, 1.8046875, 1.796875, 1.7890625, 1.7890625, 1.7734375, 1.75, 1.75, 1.75, 1.71875, 1.71875, 1.71875, 1.703125, 1.6875, 1.6875, 1.6875, 1.65625], "inds": [[1286, 28], [29, 21], [404, 164], [1038, 226], [819, 88], [1518, 11], [29, 20], [646, 5], [732, 8], [416, 284], [723, 55], [1231, 226], [374, 51], [374, 59], [1984, 257], [1096, 20], [822, 14], [822, 10], [891, 10], [646, 132], [891, 38], [1167, 31], [1301, 45], [1182, 161], [460, 10], [1167, 19], [1167, 25], [460, 14], [374, 58], [1629, 254], [1972, 206], [1624, 252], [891, 11], [37, 77], [29, 86], [1338, 226], [732, 268], [864, 282], [891, 14], [460, 21], [1167, 24], [1358, 250], [810, 47], [448, 15], [1984, 260], [763, 212], [1602, 11], [29, 98], [1639, 39], [763, 271], [1016, 109], [1220, 236], [558, 52], [374, 49], [789, 28], [1568, 50], [810, 37], [1624, 134], [1585, 14], [1629, 136], [260, 12], [241, 50], [1352, 269], [1358, 267], [577, 40], [460, 18], [790, 179], [487, 59], [406, 81], [646, 64], [891, 15], [22, 123], [20, 224], [374, 53], [453, 286], [763, 215], [646, 57], [1629, 267], [1200, 10], [1566, 288], [246, 14], [1568, 22], [37, 79], [1624, 265], [252, 96], [1537, 20], [1149, 177], [55, 126], [1985, 188], [1984, 259], [405, 126], [1010, 149], [1624, 6], [334, 108], [1629, 6], [577, 46], [29, 100], [453, 39], [646, 262], [29, 77]], "mean": 0.004608154296875}