{"vals": [2.0625, 1.9453125, 1.4921875, 1.3984375, 1.234375, 1.1875, 1.09375, 1.09375, 1.078125, 1.0703125, 1.0234375, 0.9765625, 0.94921875, 0.8828125, 0.85546875, 0.82421875, 0.8203125, 0.80859375, 0.80078125, 0.80078125, 0.78515625, 0.78125, 0.76953125, 0.75390625, 0.73828125, 0.71484375, 0.69921875, 0.68359375, 0.67578125, 0.6640625, 0.66015625, 0.65234375, 0.6484375, 0.64453125, 0.640625, 0.640625, 0.609375, 0.6015625, 0.6015625, 0.6015625, 0.58203125, 0.578125, 0.56640625, 0.56640625, 0.55859375, 0.546875, 0.54296875, 0.53125, 0.52734375, 0.5234375, 0.515625, 0.515625, 0.51171875, 0.5078125, 0.5078125, 0.5078125, 0.50390625, 0.50390625, 0.498046875, 0.49609375, 0.4921875, 0.4921875, 0.490234375, 0.48828125, 0.48828125, 0.4765625, 0.47265625, 0.47265625, 0.466796875, 0.466796875, 0.462890625, 0.455078125, 0.451171875, 0.451171875, 0.44921875, 0.447265625, 0.443359375, 0.44140625, 0.435546875, 0.435546875, 0.43359375, 0.4296875, 0.427734375, 0.421875, 0.421875, 0.416015625, 0.416015625, 0.4140625, 0.412109375, 0.40625, 0.40234375, 0.3984375, 0.39453125, 0.390625, 0.390625, 0.388671875, 0.388671875, 0.38671875, 0.38671875, 0.384765625], "inds": [[1600, 193], [520, 79], [4, 197], [447, 97], [355, 215], [421, 82], [59, 88], [1532, 247], [255, 148], [211, 76], [1611, 51], [242, 250], [255, 64], [1038, 86], [1287, 77], [815, 142], [151, 200], [1891, 47], [391, 69], [255, 187], [242, 274], [815, 90], [255, 215], [533, 197], [447, 227], [410, 191], [355, 130], [1168, 266], [397, 80], [1826, 120], [374, 162], [1426, 39], [1803, 28], [994, 17], [788, 75], [1955, 166], [1565, 37], [97, 278], [391, 212], [40, 101], [1038, 153], [119, 189], [532, 33], [840, 94], [378, 32], [72, 193], [1038, 174], [887, 239], [1286, 93], [1188, 279], [0, 76], [59, 118], [1017, 40], [1712, 43], [1097, 136], [1826, 215], [1112, 59], [1396, 168], [211, 62], [1524, 255], [1188, 209], [483, 84], [255, 242], [1939, 269], [212, 185], [1715, 240], [689, 261], [350, 68], [1038, 131], [715, 68], [1049, 38], [748, 292], [1081, 178], [1719, 96], [259, 264], [1618, 226], [410, 103], [480, 113], [598, 165], [711, 77], [1787, 43], [1765, 35], [61, 141], [1687, 158], [1514, 124], [1188, 211], [1586, 50], [1431, 90], [1720, 136], [1440, 91], [72, 230], [797, 98], [854, 163], [1826, 259], [1714, 268], [718, 32], [1616, 62], [1188, 280], [0, 61], [466, 179]], "mean": 0.00567626953125}