{"vals": [7.96875, 6.71875, 3.34375, 3.140625, 2.890625, 2.875, 2.84375, 2.46875, 2.359375, 2.328125, 2.3125, 2.3125, 2.28125, 2.265625, 2.15625, 2.109375, 2.03125, 1.8984375, 1.8984375, 1.828125, 1.796875, 1.796875, 1.7421875, 1.71875, 1.71875, 1.7109375, 1.703125, 1.671875, 1.625, 1.5859375, 1.5546875, 1.53125, 1.4921875, 1.4765625, 1.46875, 1.4453125, 1.4296875, 1.390625, 1.390625, 1.375, 1.3671875, 1.359375, 1.3515625, 1.3046875, 1.296875, 1.28125, 1.265625, 1.265625, 1.265625, 1.265625, 1.265625, 1.25, 1.234375, 1.2265625, 1.21875, 1.203125, 1.1953125, 1.1875, 1.1796875, 1.1796875, 1.1640625, 1.1640625, 1.15625, 1.1484375, 1.1484375, 1.1484375, 1.1328125, 1.1171875, 1.109375, 1.109375, 1.1015625, 1.0859375, 1.0859375, 1.0859375, 1.078125, 1.078125, 1.0703125, 1.0546875, 1.0546875, 1.0546875, 1.0546875, 1.0546875, 1.0546875, 1.046875, 1.0390625, 1.0390625, 1.0390625, 1.03125, 1.03125, 1.03125, 1.03125, 1.0234375, 1.0234375, 1.0234375, 1.0234375, 1.0234375, 1.015625, 1.015625, 1.015625, 1.0078125], "inds": [[1485, 77], [651, 259], [1748, 219], [416, 135], [1620, 282], [7, 118], [1620, 54], [416, 291], [281, 266], [1027, 208], [175, 24], [1000, 71], [1558, 154], [1268, 111], [1268, 112], [788, 84], [583, 191], [1260, 198], [991, 133], [294, 39], [583, 194], [149, 140], [3, 120], [1973, 233], [1000, 78], [248, 53], [431, 135], [1244, 36], [1574, 188], [1454, 224], [1490, 30], [1574, 189], [1801, 138], [254, 164], [56, 204], [1457, 104], [1180, 45], [934, 181], [1053, 46], [1363, 180], [1027, 206], [923, 162], [1662, 254], [288, 89], [113, 108], [1988, 259], [416, 222], [1909, 86], [1968, 119], [1053, 54], [717, 275], [293, 237], [489, 54], [28, 104], [1650, 22], [532, 91], [845, 110], [271, 290], [1375, 253], [586, 109], [1000, 75], [199, 93], [1414, 203], [281, 264], [1000, 83], [1723, 11], [1620, 56], [1497, 155], [421, 87], [1134, 161], [1000, 63], [1316, 245], [465, 192], [890, 68], [687, 93], [101, 264], [1259, 54], [1259, 225], [935, 140], [1180, 42], [387, 35], [1137, 64], [1817, 142], [124, 155], [1030, 140], [124, 120], [496, 82], [770, 92], [803, 171], [416, 104], [965, 67], [722, 224], [1765, 74], [134, 204], [1968, 116], [1662, 80], [1662, 101], [1491, 38], [1030, 40], [1723, 161]], "mean": 0.00860595703125}