{"vals": [3.1875, 3.0, 2.75, 2.640625, 2.625, 2.328125, 2.15625, 2.09375, 2.015625, 1.9140625, 1.9140625, 1.875, 1.8515625, 1.8125, 1.796875, 1.7890625, 1.6640625, 1.65625, 1.640625, 1.6328125, 1.609375, 1.59375, 1.59375, 1.5859375, 1.578125, 1.5703125, 1.5546875, 1.515625, 1.515625, 1.515625, 1.5078125, 1.4921875, 1.4921875, 1.46875, 1.4609375, 1.453125, 1.4453125, 1.421875, 1.4140625, 1.3984375, 1.3984375, 1.3984375, 1.3828125, 1.375, 1.3671875, 1.359375, 1.3515625, 1.34375, 1.34375, 1.34375, 1.3359375, 1.3359375, 1.3359375, 1.3203125, 1.3203125, 1.3203125, 1.3203125, 1.3125, 1.3125, 1.28125, 1.2734375, 1.2734375, 1.265625, 1.2578125, 1.2421875, 1.234375, 1.234375, 1.2265625, 1.2265625, 1.21875, 1.2109375, 1.203125, 1.1953125, 1.1875, 1.1875, 1.1796875, 1.1796875, 1.1796875, 1.171875, 1.1640625, 1.1640625, 1.15625, 1.15625, 1.15625, 1.15625, 1.1484375, 1.140625, 1.1328125, 1.125, 1.125, 1.1171875, 1.1171875, 1.1171875, 1.109375, 1.109375, 1.1015625, 1.1015625, 1.0859375, 1.0859375, 1.0859375], "inds": [[916, 152], [1643, 240], [1126, 67], [1189, 275], [466, 295], [529, 187], [916, 227], [238, 276], [600, 40], [1643, 242], [1849, 67], [784, 262], [1820, 140], [1682, 273], [1367, 259], [1367, 247], [466, 274], [167, 33], [73, 259], [1332, 98], [837, 24], [657, 85], [921, 13], [1233, 61], [297, 249], [325, 29], [1866, 100], [968, 276], [1896, 184], [246, 14], [1614, 129], [790, 105], [1656, 297], [621, 32], [1993, 178], [529, 212], [1250, 13], [1082, 163], [1791, 249], [945, 169], [1575, 160], [240, 129], [1367, 169], [621, 297], [664, 132], [73, 253], [336, 107], [482, 156], [1436, 83], [1575, 205], [1676, 146], [118, 109], [1090, 18], [1237, 293], [1791, 254], [73, 258], [1282, 101], [529, 196], [1757, 260], [388, 114], [357, 81], [209, 75], [429, 182], [1059, 170], [1389, 238], [1449, 113], [157, 151], [1190, 66], [529, 231], [395, 161], [361, 54], [421, 208], [679, 261], [1262, 10], [73, 140], [529, 173], [1282, 105], [1248, 17], [1725, 66], [1040, 255], [1009, 102], [295, 129], [359, 154], [259, 74], [1881, 292], [1628, 239], [1762, 205], [59, 257], [1891, 120], [586, 245], [1000, 287], [1736, 143], [944, 196], [627, 203], [1237, 9], [1031, 104], [1766, 234], [1122, 185], [1900, 258], [1627, 223]], "mean": 0.01190185546875}