{"vals": [2.796875, 1.3828125, 1.3828125, 1.234375, 1.078125, 1.0625, 1.0390625, 1.0078125, 1.0078125, 0.97265625, 0.96484375, 0.9375, 0.9296875, 0.87109375, 0.859375, 0.828125, 0.8203125, 0.8125, 0.796875, 0.77734375, 0.7734375, 0.7578125, 0.734375, 0.703125, 0.6953125, 0.671875, 0.66796875, 0.65234375, 0.64453125, 0.61328125, 0.60546875, 0.59765625, 0.59765625, 0.57421875, 0.57421875, 0.5625, 0.55859375, 0.5546875, 0.55078125, 0.546875, 0.546875, 0.54296875, 0.53515625, 0.53515625, 0.5, 0.494140625, 0.490234375, 0.462890625, 0.4609375, 0.44921875, 0.4453125, 0.427734375, 0.416015625, 0.412109375, 0.404296875, 0.396484375, 0.396484375, 0.388671875, 0.37890625, 0.373046875, 0.373046875, 0.369140625, 0.36328125, 0.36328125, 0.361328125, 0.361328125, 0.359375, 0.359375, 0.353515625, 0.345703125, 0.33984375, 0.3359375, 0.33203125, 0.328125, 0.328125, 0.3203125, 0.3203125, 0.318359375, 0.318359375, 0.31640625, 0.314453125, 0.314453125, 0.3125, 0.3125, 0.30859375, 0.30859375, 0.306640625, 0.3046875, 0.3046875, 0.3046875, 0.302734375, 0.298828125, 0.294921875, 0.294921875, 0.291015625, 0.2890625, 0.2890625, 0.287109375, 0.28515625, 0.283203125], "inds": [[496, 213], [127, 246], [329, 261], [732, 135], [151, 188], [1080, 201], [536, 87], [5, 86], [151, 221], [1942, 260], [1415, 88], [905, 97], [732, 230], [1784, 128], [187, 239], [1074, 136], [746, 163], [605, 149], [1618, 195], [466, 270], [632, 68], [1784, 127], [1342, 256], [1524, 258], [918, 58], [788, 107], [329, 278], [867, 106], [1460, 277], [1253, 298], [968, 244], [113, 247], [191, 255], [1938, 271], [1688, 87], [1899, 239], [1145, 244], [1774, 263], [878, 87], [1774, 227], [1515, 295], [1714, 268], [191, 212], [1463, 281], [1253, 227], [127, 253], [589, 50], [486, 138], [1194, 202], [1058, 188], [1463, 233], [1128, 133], [486, 295], [1545, 55], [1596, 237], [746, 187], [1743, 204], [925, 189], [1253, 169], [864, 221], [48, 244], [925, 221], [151, 253], [557, 200], [1252, 80], [1182, 69], [861, 126], [1784, 225], [1355, 199], [1861, 55], [918, 32], [925, 119], [1774, 255], [329, 246], [1253, 228], [869, 200], [952, 277], [589, 147], [447, 227], [789, 101], [108, 258], [820, 281], [1790, 113], [918, 75], [1619, 173], [932, 151], [1741, 47], [406, 190], [496, 241], [127, 198], [1522, 211], [243, 89], [1719, 236], [1743, 157], [974, 241], [991, 105], [1248, 205], [113, 246], [1805, 97], [1215, 178]], "mean": 0.0012969970703125}