{"vals": [1.15625, 0.98828125, 0.78125, 0.7421875, 0.703125, 0.6484375, 0.64453125, 0.61328125, 0.4921875, 0.466796875, 0.462890625, 0.4609375, 0.451171875, 0.439453125, 0.419921875, 0.419921875, 0.400390625, 0.3984375, 0.3828125, 0.375, 0.37109375, 0.369140625, 0.357421875, 0.3515625, 0.349609375, 0.349609375, 0.345703125, 0.34375, 0.341796875, 0.337890625, 0.337890625, 0.333984375, 0.33203125, 0.33203125, 0.33203125, 0.328125, 0.326171875, 0.32421875, 0.322265625, 0.3203125, 0.3203125, 0.30078125, 0.296875, 0.28515625, 0.279296875, 0.271484375, 0.267578125, 0.265625, 0.265625, 0.265625, 0.265625, 0.263671875, 0.26171875, 0.26171875, 0.26171875, 0.259765625, 0.2578125, 0.2578125, 0.25390625, 0.251953125, 0.2490234375, 0.248046875, 0.2470703125, 0.24609375, 0.2451171875, 0.244140625, 0.2431640625, 0.2431640625, 0.2431640625, 0.2421875, 0.2392578125, 0.23828125, 0.2373046875, 0.2373046875, 0.2353515625, 0.234375, 0.234375, 0.2333984375, 0.232421875, 0.232421875, 0.2314453125, 0.2314453125, 0.2314453125, 0.2294921875, 0.228515625, 0.2265625, 0.224609375, 0.224609375, 0.2236328125, 0.22265625, 0.2216796875, 0.2216796875, 0.2197265625, 0.21875, 0.2177734375, 0.216796875, 0.2158203125, 0.2158203125, 0.2158203125, 0.2138671875], "inds": [[54, 44], [1742, 87], [667, 186], [1564, 55], [1500, 155], [1373, 31], [1140, 191], [464, 232], [1408, 31], [1937, 29], [528, 278], [1210, 281], [1996, 58], [1204, 224], [998, 24], [969, 252], [315, 45], [1607, 236], [1103, 246], [979, 32], [1448, 266], [1572, 206], [926, 282], [1196, 33], [100, 94], [292, 17], [1414, 203], [1208, 249], [1572, 210], [280, 102], [1234, 193], [818, 186], [465, 111], [1996, 220], [724, 169], [464, 294], [319, 136], [479, 118], [691, 25], [730, 275], [528, 173], [1232, 103], [1554, 90], [1474, 125], [1474, 243], [330, 184], [148, 76], [670, 101], [1234, 195], [330, 142], [1227, 51], [410, 21], [416, 104], [1134, 161], [1076, 71], [882, 209], [1696, 14], [1564, 154], [471, 80], [918, 85], [262, 54], [100, 67], [1047, 115], [1632, 17], [1474, 32], [1533, 62], [1313, 294], [1973, 51], [1500, 82], [1567, 15], [966, 38], [1448, 66], [1238, 24], [454, 24], [17, 98], [353, 57], [1657, 233], [1097, 63], [1228, 144], [341, 145], [1888, 284], [92, 242], [1243, 105], [1832, 47], [1702, 283], [226, 162], [948, 255], [9, 281], [547, 155], [1856, 191], [1312, 260], [292, 46], [457, 76], [1708, 207], [1759, 246], [915, 173], [100, 65], [27, 176], [1232, 104], [1048, 103]], "mean": 0.0012664794921875}