{"vals": [3.84375, 3.6875, 3.0, 2.921875, 2.53125, 2.09375, 1.9296875, 1.7265625, 1.5546875, 1.4375, 1.3515625, 1.1875, 1.1328125, 1.109375, 1.0390625, 0.99609375, 0.9921875, 0.92578125, 0.91015625, 0.90625, 0.90234375, 0.890625, 0.859375, 0.79296875, 0.79296875, 0.7890625, 0.765625, 0.765625, 0.75390625, 0.75, 0.7421875, 0.73828125, 0.73046875, 0.73046875, 0.7265625, 0.72265625, 0.70703125, 0.6796875, 0.67578125, 0.66796875, 0.65625, 0.640625, 0.6328125, 0.6015625, 0.58203125, 0.57421875, 0.56640625, 0.56640625, 0.5625, 0.5546875, 0.52734375, 0.52734375, 0.5234375, 0.5234375, 0.51953125, 0.515625, 0.51171875, 0.5078125, 0.5078125, 0.5078125, 0.50390625, 0.50390625, 0.5, 0.494140625, 0.4921875, 0.486328125, 0.482421875, 0.482421875, 0.48046875, 0.4765625, 0.474609375, 0.474609375, 0.47265625, 0.470703125, 0.46484375, 0.455078125, 0.451171875, 0.447265625, 0.4453125, 0.443359375, 0.44140625, 0.4375, 0.435546875, 0.435546875, 0.435546875, 0.435546875, 0.435546875, 0.43359375, 0.431640625, 0.431640625, 0.42578125, 0.42578125, 0.421875, 0.419921875, 0.419921875, 0.419921875, 0.416015625, 0.4140625, 0.412109375, 0.40625], "inds": [[1575, 85], [897, 199], [1215, 115], [916, 32], [897, 133], [310, 210], [718, 78], [310, 62], [1215, 150], [528, 220], [999, 12], [402, 87], [771, 50], [1916, 285], [1346, 71], [343, 110], [1346, 62], [1269, 292], [274, 206], [310, 101], [1823, 124], [410, 237], [310, 102], [1916, 238], [588, 120], [1108, 143], [285, 23], [1817, 235], [1352, 202], [1376, 50], [1290, 158], [800, 34], [1215, 201], [1215, 262], [1467, 293], [1034, 48], [310, 271], [195, 46], [95, 160], [695, 37], [1978, 144], [1687, 26], [1716, 81], [1275, 201], [1346, 298], [252, 55], [318, 194], [1215, 126], [166, 29], [943, 291], [1215, 189], [95, 127], [925, 64], [1231, 154], [945, 215], [1215, 155], [410, 265], [959, 89], [1286, 146], [95, 141], [1343, 100], [252, 81], [1215, 119], [59, 187], [1546, 29], [1683, 207], [1431, 232], [1215, 176], [761, 121], [297, 12], [252, 87], [1985, 46], [699, 171], [763, 291], [536, 193], [582, 290], [857, 191], [435, 235], [484, 27], [1222, 130], [1957, 172], [566, 12], [771, 20], [1335, 159], [186, 112], [902, 114], [317, 123], [610, 229], [1215, 151], [553, 145], [1757, 203], [159, 199], [200, 166], [1957, 77], [1957, 50], [1157, 34], [761, 195], [194, 259], [57, 246], [435, 181]], "mean": 0.0021820068359375}