{"vals": [2.59375, 2.078125, 2.03125, 1.796875, 1.7578125, 1.6328125, 1.546875, 1.5078125, 1.46875, 1.453125, 1.1328125, 1.1171875, 1.109375, 1.109375, 1.1015625, 1.078125, 1.0234375, 1.0234375, 1.015625, 1.0, 0.984375, 0.984375, 0.97265625, 0.97265625, 0.95703125, 0.9453125, 0.9453125, 0.9453125, 0.8984375, 0.890625, 0.875, 0.86328125, 0.84375, 0.84375, 0.84375, 0.84375, 0.84375, 0.83984375, 0.83203125, 0.81640625, 0.80859375, 0.8046875, 0.8046875, 0.79296875, 0.7890625, 0.78125, 0.76171875, 0.7421875, 0.7421875, 0.7421875, 0.73828125, 0.734375, 0.734375, 0.73046875, 0.7265625, 0.7265625, 0.72265625, 0.71875, 0.71484375, 0.70703125, 0.703125, 0.6953125, 0.6953125, 0.69140625, 0.69140625, 0.68359375, 0.68359375, 0.6796875, 0.6796875, 0.6796875, 0.67578125, 0.66015625, 0.66015625, 0.65625, 0.640625, 0.6328125, 0.6328125, 0.62890625, 0.62890625, 0.625, 0.609375, 0.60546875, 0.6015625, 0.58984375, 0.58203125, 0.578125, 0.578125, 0.57421875, 0.57421875, 0.56640625, 0.56640625, 0.5625, 0.5625, 0.5625, 0.5625, 0.5546875, 0.5546875, 0.5546875, 0.55078125, 0.546875], "inds": [[40, 86], [488, 82], [1985, 86], [148, 245], [1666, 49], [59, 88], [1057, 271], [1877, 91], [856, 69], [113, 84], [1314, 41], [1219, 36], [1152, 179], [1624, 221], [1629, 223], [1696, 244], [1349, 86], [1631, 227], [687, 14], [646, 35], [763, 64], [761, 197], [1358, 80], [404, 165], [832, 100], [1346, 13], [843, 55], [586, 126], [1099, 40], [1756, 93], [1016, 46], [1545, 73], [586, 108], [825, 168], [19, 257], [1224, 78], [1333, 52], [1246, 211], [359, 117], [1391, 202], [469, 71], [1568, 167], [1358, 188], [720, 151], [1560, 142], [1635, 94], [1765, 35], [1604, 100], [1574, 103], [1986, 92], [856, 206], [1065, 154], [797, 75], [187, 69], [1867, 135], [882, 12], [1666, 99], [574, 135], [322, 209], [1149, 177], [1330, 60], [1149, 54], [774, 41], [1428, 10], [532, 299], [1040, 64], [114, 260], [849, 40], [421, 82], [1026, 98], [1285, 89], [1331, 85], [1049, 22], [763, 9], [1248, 58], [1219, 230], [597, 92], [646, 130], [79, 7], [1805, 71], [1476, 185], [1211, 48], [1149, 153], [1967, 104], [751, 83], [1601, 143], [763, 160], [1984, 10], [980, 50], [1041, 86], [1029, 118], [1367, 150], [310, 235], [1149, 27], [1716, 57], [1889, 68], [763, 120], [1246, 289], [711, 175], [1349, 192]], "mean": 0.0038604736328125}