{"vals": [4.5, 3.03125, 2.90625, 2.640625, 2.640625, 2.390625, 2.375, 2.296875, 2.296875, 2.203125, 2.1875, 2.125, 1.8828125, 1.84375, 1.765625, 1.7578125, 1.734375, 1.734375, 1.6640625, 1.65625, 1.6484375, 1.640625, 1.6328125, 1.578125, 1.5390625, 1.53125, 1.5234375, 1.515625, 1.515625, 1.515625, 1.4765625, 1.46875, 1.453125, 1.4453125, 1.4453125, 1.4296875, 1.4140625, 1.390625, 1.390625, 1.390625, 1.3828125, 1.375, 1.3515625, 1.34375, 1.3359375, 1.3359375, 1.3046875, 1.3046875, 1.296875, 1.296875, 1.296875, 1.28125, 1.28125, 1.2734375, 1.2734375, 1.265625, 1.265625, 1.2578125, 1.2578125, 1.25, 1.234375, 1.2265625, 1.21875, 1.21875, 1.21875, 1.2109375, 1.203125, 1.1953125, 1.1875, 1.1875, 1.1875, 1.171875, 1.171875, 1.1484375, 1.140625, 1.140625, 1.140625, 1.1328125, 1.1328125, 1.125, 1.109375, 1.109375, 1.109375, 1.1015625, 1.1015625, 1.0859375, 1.078125, 1.0703125, 1.0625, 1.0625, 1.0546875, 1.0546875, 1.0546875, 1.0546875, 1.046875, 1.046875, 1.03125, 1.03125, 1.0234375, 1.0234375], "inds": [[448, 15], [716, 249], [725, 21], [954, 220], [1338, 177], [760, 19], [1674, 29], [368, 75], [855, 263], [1814, 24], [1125, 184], [731, 123], [1597, 20], [1546, 118], [1413, 248], [707, 129], [368, 78], [816, 12], [1010, 36], [1174, 163], [1731, 75], [716, 225], [257, 23], [967, 297], [1546, 289], [1301, 45], [1433, 292], [1316, 182], [1413, 55], [1178, 152], [1086, 197], [1867, 169], [1452, 17], [1054, 34], [1546, 46], [1620, 238], [416, 135], [903, 85], [704, 12], [1413, 215], [83, 258], [1518, 11], [895, 164], [1444, 132], [1301, 46], [1556, 94], [1461, 61], [1413, 277], [1433, 100], [324, 136], [292, 166], [1631, 61], [919, 108], [1507, 130], [1646, 134], [1516, 254], [1096, 238], [288, 242], [967, 241], [1883, 27], [1452, 11], [1760, 199], [1452, 197], [152, 103], [600, 39], [158, 232], [1009, 120], [404, 63], [1543, 122], [292, 161], [313, 72], [346, 18], [903, 84], [1405, 264], [1600, 20], [818, 23], [582, 51], [584, 74], [1978, 42], [587, 171], [900, 82], [553, 82], [967, 71], [1338, 197], [1406, 81], [1412, 109], [1174, 178], [661, 210], [520, 92], [1009, 43], [771, 51], [840, 181], [1010, 222], [1009, 146], [1760, 145], [246, 14], [856, 67], [868, 255], [288, 23], [1436, 53]], "mean": 0.01312255859375}