{"vals": [1.4140625, 0.74609375, 0.65625, 0.46484375, 0.4296875, 0.42578125, 0.37890625, 0.34375, 0.3203125, 0.298828125, 0.283203125, 0.275390625, 0.2470703125, 0.2236328125, 0.212890625, 0.203125, 0.1884765625, 0.1787109375, 0.173828125, 0.1728515625, 0.1708984375, 0.169921875, 0.16796875, 0.1669921875, 0.166015625, 0.1640625, 0.1611328125, 0.1591796875, 0.158203125, 0.158203125, 0.15625, 0.154296875, 0.1533203125, 0.1533203125, 0.150390625, 0.1484375, 0.1484375, 0.146484375, 0.1455078125, 0.142578125, 0.1416015625, 0.1396484375, 0.1396484375, 0.138671875, 0.1357421875, 0.134765625, 0.1337890625, 0.1337890625, 0.130859375, 0.130859375, 0.130859375, 0.1298828125, 0.12890625, 0.1279296875, 0.1279296875, 0.126953125, 0.125, 0.125, 0.12451171875, 0.12255859375, 0.12158203125, 0.12109375, 0.119140625, 0.11865234375, 0.11865234375, 0.1171875, 0.1171875, 0.11572265625, 0.11572265625, 0.115234375, 0.11474609375, 0.1142578125, 0.1142578125, 0.1142578125, 0.11376953125, 0.11376953125, 0.11376953125, 0.11279296875, 0.11279296875, 0.1123046875, 0.11181640625, 0.11181640625, 0.111328125, 0.111328125, 0.11083984375, 0.10986328125, 0.109375, 0.109375, 0.10888671875, 0.1083984375, 0.1083984375, 0.107421875, 0.107421875, 0.10693359375, 0.10546875, 0.10546875, 0.10498046875, 0.1044921875, 0.1044921875, 0.10400390625], "inds": [[788, 84], [406, 98], [1177, 162], [1386, 249], [1286, 204], [1177, 208], [790, 180], [1969, 63], [1607, 259], [220, 23], [645, 97], [1417, 197], [1620, 36], [1296, 299], [1479, 176], [995, 103], [1859, 101], [104, 175], [1512, 147], [628, 213], [445, 86], [760, 129], [793, 153], [445, 159], [1303, 157], [111, 167], [1379, 266], [1135, 295], [229, 194], [921, 16], [1620, 28], [868, 201], [1269, 234], [1565, 117], [854, 50], [972, 284], [576, 65], [406, 275], [1500, 107], [1963, 55], [1289, 16], [1303, 171], [136, 92], [1511, 299], [1794, 89], [293, 276], [283, 235], [1607, 236], [1398, 132], [1346, 257], [1238, 168], [475, 290], [1620, 34], [1620, 31], [17, 105], [1722, 83], [372, 38], [1032, 213], [795, 82], [891, 38], [1564, 144], [1405, 42], [662, 104], [1225, 278], [1002, 283], [1946, 35], [1081, 110], [1188, 246], [1484, 271], [407, 61], [1779, 80], [530, 145], [1578, 238], [1657, 233], [1669, 236], [229, 18], [1945, 50], [220, 18], [1620, 29], [1500, 122], [1669, 130], [217, 19], [1381, 57], [866, 119], [222, 168], [1899, 32], [1105, 84], [971, 57], [817, 64], [1677, 240], [683, 104], [1545, 177], [406, 192], [1188, 178], [1595, 75], [339, 89], [817, 43], [1620, 30], [1179, 14], [1528, 196]], "mean": 0.0015411376953125}