{"vals": [7.5625, 2.171875, 1.265625, 1.2109375, 1.1328125, 1.0859375, 0.9375, 0.91796875, 0.90625, 0.88671875, 0.78125, 0.78125, 0.77734375, 0.7421875, 0.71875, 0.6875, 0.6171875, 0.578125, 0.56640625, 0.498046875, 0.498046875, 0.49609375, 0.494140625, 0.482421875, 0.478515625, 0.478515625, 0.4765625, 0.47265625, 0.466796875, 0.462890625, 0.4453125, 0.443359375, 0.435546875, 0.419921875, 0.416015625, 0.4140625, 0.412109375, 0.412109375, 0.408203125, 0.408203125, 0.408203125, 0.40625, 0.3984375, 0.3984375, 0.3984375, 0.390625, 0.388671875, 0.37890625, 0.376953125, 0.376953125, 0.376953125, 0.375, 0.375, 0.373046875, 0.369140625, 0.3671875, 0.3671875, 0.365234375, 0.36328125, 0.359375, 0.357421875, 0.353515625, 0.3515625, 0.34765625, 0.345703125, 0.341796875, 0.333984375, 0.33203125, 0.328125, 0.328125, 0.322265625, 0.322265625, 0.322265625, 0.3203125, 0.318359375, 0.31640625, 0.31640625, 0.31640625, 0.314453125, 0.3125, 0.3125, 0.30859375, 0.30859375, 0.3046875, 0.3046875, 0.298828125, 0.298828125, 0.294921875, 0.29296875, 0.29296875, 0.291015625, 0.291015625, 0.2890625, 0.2890625, 0.2890625, 0.28515625, 0.28515625, 0.283203125, 0.283203125, 0.283203125], "inds": [[1875, 23], [271, 36], [1876, 161], [1406, 111], [1346, 13], [1732, 164], [1391, 224], [1346, 247], [1847, 87], [802, 261], [1239, 91], [1069, 32], [1821, 133], [324, 61], [547, 172], [346, 22], [933, 55], [1243, 153], [375, 114], [1109, 33], [1289, 299], [1966, 23], [1484, 14], [1381, 154], [372, 216], [374, 162], [670, 117], [1453, 129], [636, 208], [189, 200], [1457, 109], [159, 19], [995, 232], [248, 25], [1235, 126], [1481, 164], [1969, 59], [212, 184], [1872, 92], [984, 179], [1571, 48], [1382, 143], [1555, 36], [1253, 120], [1843, 48], [1532, 86], [833, 47], [27, 76], [1129, 27], [1101, 31], [1882, 166], [271, 66], [1090, 36], [1910, 35], [232, 122], [595, 190], [1100, 29], [1381, 155], [127, 64], [242, 81], [1457, 107], [110, 115], [235, 27], [1649, 142], [1617, 110], [1845, 201], [1214, 31], [1013, 117], [60, 92], [701, 100], [1663, 29], [1365, 258], [474, 30], [851, 213], [260, 110], [406, 160], [1753, 117], [1947, 19], [819, 226], [1827, 109], [435, 91], [1133, 11], [1706, 286], [826, 59], [30, 250], [406, 265], [1649, 281], [531, 13], [1919, 271], [106, 200], [829, 98], [432, 19], [1745, 85], [1290, 123], [810, 50], [412, 96], [1271, 195], [823, 121], [106, 42], [986, 31]], "mean": 0.0040283203125}