{"vals": [4.5625, 3.265625, 2.3125, 2.296875, 2.046875, 1.921875, 1.859375, 1.84375, 1.7578125, 1.6640625, 1.6640625, 1.6484375, 1.5625, 1.5625, 1.515625, 1.484375, 1.46875, 1.4375, 1.421875, 1.390625, 1.3828125, 1.375, 1.3671875, 1.359375, 1.359375, 1.296875, 1.265625, 1.234375, 1.2265625, 1.2265625, 1.2109375, 1.203125, 1.1796875, 1.1796875, 1.1796875, 1.171875, 1.15625, 1.15625, 1.1484375, 1.1484375, 1.1484375, 1.125, 1.1171875, 1.109375, 1.09375, 1.09375, 1.09375, 1.09375, 1.0859375, 1.0703125, 1.0625, 1.046875, 1.0234375, 1.0234375, 1.015625, 1.015625, 1.0, 0.99609375, 0.9921875, 0.9921875, 0.98828125, 0.98828125, 0.98828125, 0.98046875, 0.96484375, 0.95703125, 0.9453125, 0.94140625, 0.93359375, 0.9296875, 0.92578125, 0.921875, 0.91796875, 0.91796875, 0.91015625, 0.8984375, 0.89453125, 0.88671875, 0.8828125, 0.87890625, 0.87890625, 0.875, 0.87109375, 0.8515625, 0.84765625, 0.84375, 0.83984375, 0.8359375, 0.828125, 0.82421875, 0.82421875, 0.82421875, 0.8203125, 0.81640625, 0.8125, 0.80859375, 0.80078125, 0.78515625, 0.78125, 0.77734375], "inds": [[1457, 81], [27, 111], [1246, 165], [1032, 198], [1504, 291], [861, 29], [351, 240], [859, 297], [588, 94], [492, 43], [451, 117], [351, 94], [12, 185], [632, 116], [1068, 91], [1074, 141], [1011, 108], [1650, 24], [1246, 74], [1133, 53], [1068, 77], [1476, 130], [1327, 192], [1211, 142], [1935, 69], [634, 78], [1306, 30], [27, 102], [523, 229], [1286, 274], [1014, 101], [1500, 77], [459, 15], [992, 110], [861, 74], [1210, 69], [341, 109], [979, 299], [813, 120], [1246, 77], [1662, 130], [665, 141], [1014, 179], [1376, 50], [588, 164], [530, 152], [783, 294], [748, 177], [1258, 267], [1942, 87], [449, 241], [856, 42], [1008, 186], [912, 94], [1471, 126], [945, 187], [918, 69], [1224, 175], [1211, 118], [1394, 246], [398, 202], [1008, 177], [1650, 127], [1583, 54], [821, 153], [1204, 27], [1170, 97], [558, 247], [1994, 246], [48, 64], [1916, 50], [892, 228], [104, 123], [1202, 148], [136, 138], [1475, 74], [229, 281], [11, 130], [1144, 18], [62, 28], [1923, 195], [413, 109], [1702, 75], [1011, 92], [1068, 99], [1014, 107], [817, 260], [1122, 252], [576, 105], [821, 42], [609, 119], [1034, 57], [96, 263], [1666, 27], [1667, 294], [1631, 254], [1034, 143], [1034, 270], [1689, 146], [54, 200]], "mean": 0.003387451171875}