{"vals": [1.140625, 1.1328125, 0.71875, 0.71484375, 0.625, 0.5, 0.4921875, 0.484375, 0.458984375, 0.4296875, 0.421875, 0.404296875, 0.3984375, 0.39453125, 0.390625, 0.384765625, 0.3828125, 0.37109375, 0.3671875, 0.365234375, 0.361328125, 0.357421875, 0.357421875, 0.35546875, 0.353515625, 0.353515625, 0.3515625, 0.3515625, 0.3515625, 0.34375, 0.341796875, 0.33984375, 0.33984375, 0.337890625, 0.333984375, 0.33203125, 0.33203125, 0.330078125, 0.330078125, 0.3203125, 0.3203125, 0.31640625, 0.31640625, 0.31640625, 0.31640625, 0.31640625, 0.31640625, 0.314453125, 0.3125, 0.30859375, 0.306640625, 0.306640625, 0.306640625, 0.306640625, 0.3046875, 0.296875, 0.296875, 0.294921875, 0.294921875, 0.29296875, 0.29296875, 0.291015625, 0.291015625, 0.2890625, 0.2890625, 0.2890625, 0.287109375, 0.28515625, 0.28515625, 0.283203125, 0.28125, 0.28125, 0.28125, 0.279296875, 0.27734375, 0.275390625, 0.2734375, 0.2734375, 0.2734375, 0.26953125, 0.26953125, 0.267578125, 0.263671875, 0.263671875, 0.26171875, 0.259765625, 0.259765625, 0.259765625, 0.2578125, 0.255859375, 0.255859375, 0.25390625, 0.251953125, 0.251953125, 0.251953125, 0.251953125, 0.251953125, 0.251953125, 0.25, 0.25], "inds": [[159, 8], [1428, 110], [159, 10], [398, 85], [1369, 31], [397, 126], [1667, 145], [528, 173], [551, 268], [588, 259], [591, 120], [1841, 119], [1841, 75], [576, 226], [588, 120], [1893, 292], [1903, 24], [769, 46], [1285, 217], [1266, 100], [1841, 106], [1159, 35], [469, 62], [445, 285], [193, 31], [1968, 161], [1650, 188], [1358, 30], [1407, 41], [1903, 26], [475, 75], [1277, 81], [551, 272], [1358, 31], [558, 104], [1489, 259], [588, 250], [1312, 216], [472, 128], [889, 25], [1327, 257], [1276, 156], [1105, 38], [445, 223], [1659, 84], [957, 73], [11, 133], [262, 91], [413, 190], [1505, 21], [1968, 158], [1009, 30], [1009, 108], [1111, 218], [1007, 192], [1776, 86], [1045, 98], [392, 50], [1789, 117], [1964, 203], [582, 12], [1327, 194], [81, 274], [144, 228], [588, 179], [1215, 251], [711, 146], [434, 56], [391, 195], [1348, 265], [1809, 109], [3, 100], [1349, 167], [1615, 123], [945, 267], [56, 38], [1839, 174], [1009, 29], [413, 96], [576, 122], [822, 36], [517, 227], [654, 293], [1439, 211], [1312, 244], [413, 102], [823, 176], [456, 180], [1463, 242], [588, 174], [551, 160], [551, 133], [1179, 28], [1996, 273], [1920, 132], [1929, 178], [648, 79], [1508, 17], [1016, 179], [622, 199]], "mean": 0.005096435546875}