{"vals": [4.03125, 1.8359375, 1.6875, 1.640625, 1.3125, 1.1171875, 1.0859375, 1.0859375, 0.97265625, 0.90234375, 0.83203125, 0.7734375, 0.62890625, 0.625, 0.60546875, 0.58984375, 0.58984375, 0.58203125, 0.58203125, 0.5703125, 0.5703125, 0.54296875, 0.51953125, 0.51953125, 0.515625, 0.5078125, 0.5, 0.498046875, 0.490234375, 0.490234375, 0.48828125, 0.484375, 0.470703125, 0.46875, 0.46875, 0.466796875, 0.462890625, 0.451171875, 0.4453125, 0.443359375, 0.44140625, 0.4375, 0.43359375, 0.421875, 0.421875, 0.4140625, 0.4140625, 0.40625, 0.3984375, 0.392578125, 0.390625, 0.390625, 0.388671875, 0.384765625, 0.380859375, 0.37890625, 0.376953125, 0.376953125, 0.375, 0.375, 0.37109375, 0.37109375, 0.369140625, 0.3671875, 0.365234375, 0.361328125, 0.357421875, 0.357421875, 0.3515625, 0.349609375, 0.349609375, 0.34765625, 0.345703125, 0.34375, 0.33984375, 0.3359375, 0.3359375, 0.3359375, 0.333984375, 0.333984375, 0.333984375, 0.330078125, 0.328125, 0.328125, 0.328125, 0.328125, 0.326171875, 0.326171875, 0.326171875, 0.32421875, 0.3203125, 0.318359375, 0.31640625, 0.31640625, 0.31640625, 0.31640625, 0.314453125, 0.3125, 0.30859375, 0.30859375], "inds": [[1867, 49], [430, 136], [1428, 136], [149, 218], [1721, 57], [718, 160], [1876, 248], [149, 207], [492, 163], [377, 39], [852, 145], [1252, 133], [1143, 134], [1473, 168], [1897, 82], [322, 198], [125, 53], [1939, 269], [995, 226], [1469, 188], [455, 270], [1994, 264], [1246, 290], [30, 250], [149, 270], [1148, 70], [1031, 80], [824, 138], [329, 225], [180, 260], [1447, 92], [359, 132], [400, 124], [1121, 114], [492, 83], [27, 119], [1022, 108], [298, 78], [793, 198], [640, 98], [724, 94], [1578, 176], [1690, 203], [1213, 69], [511, 148], [322, 276], [793, 57], [111, 167], [156, 236], [651, 73], [191, 178], [1842, 48], [1558, 83], [1159, 243], [102, 99], [1378, 46], [1212, 73], [1099, 296], [1590, 161], [434, 15], [746, 63], [123, 287], [689, 261], [1080, 273], [149, 159], [1055, 116], [149, 48], [416, 45], [1811, 299], [1457, 104], [1284, 273], [272, 155], [53, 290], [1741, 122], [862, 94], [27, 106], [431, 256], [149, 171], [590, 137], [1954, 200], [1923, 87], [358, 254], [1101, 286], [569, 245], [149, 131], [507, 116], [995, 234], [730, 111], [1901, 180], [1096, 48], [1460, 242], [1304, 245], [121, 62], [1425, 112], [1211, 65], [1158, 73], [1385, 52], [1531, 77], [1041, 78], [1569, 208]], "mean": 0.003173828125}