{"vals": [0.93359375, 0.8125, 0.75390625, 0.75, 0.734375, 0.65625, 0.63671875, 0.6328125, 0.56640625, 0.53515625, 0.515625, 0.5, 0.498046875, 0.48828125, 0.486328125, 0.484375, 0.482421875, 0.482421875, 0.48046875, 0.474609375, 0.470703125, 0.46484375, 0.46484375, 0.44140625, 0.439453125, 0.439453125, 0.439453125, 0.427734375, 0.427734375, 0.423828125, 0.416015625, 0.416015625, 0.4140625, 0.41015625, 0.408203125, 0.40625, 0.3984375, 0.3984375, 0.39453125, 0.39453125, 0.390625, 0.390625, 0.3828125, 0.380859375, 0.37890625, 0.375, 0.375, 0.375, 0.37109375, 0.369140625, 0.369140625, 0.365234375, 0.36328125, 0.35546875, 0.353515625, 0.3515625, 0.3515625, 0.34765625, 0.34765625, 0.34375, 0.34375, 0.33984375, 0.33984375, 0.33984375, 0.33984375, 0.337890625, 0.337890625, 0.337890625, 0.337890625, 0.337890625, 0.3359375, 0.333984375, 0.33203125, 0.330078125, 0.330078125, 0.330078125, 0.330078125, 0.328125, 0.326171875, 0.32421875, 0.322265625, 0.3203125, 0.3203125, 0.318359375, 0.318359375, 0.31640625, 0.31640625, 0.31640625, 0.314453125, 0.3125, 0.3125, 0.3125, 0.310546875, 0.306640625, 0.306640625, 0.3046875, 0.302734375, 0.302734375, 0.30078125, 0.30078125], "inds": [[553, 143], [846, 81], [1173, 258], [533, 236], [856, 249], [1523, 39], [971, 191], [1620, 30], [971, 159], [1173, 290], [233, 86], [1170, 288], [1914, 298], [196, 99], [1531, 24], [1221, 261], [1246, 181], [1575, 268], [1768, 199], [856, 248], [383, 253], [136, 270], [1897, 83], [1102, 185], [1614, 291], [1663, 148], [828, 299], [1107, 53], [1614, 264], [1568, 282], [600, 165], [1614, 222], [106, 112], [971, 292], [284, 217], [967, 96], [686, 295], [113, 191], [686, 179], [413, 294], [1512, 30], [398, 237], [8, 109], [1145, 258], [1773, 161], [1273, 294], [729, 207], [1059, 236], [1590, 32], [855, 275], [1774, 149], [1275, 146], [329, 225], [924, 92], [1053, 290], [445, 211], [600, 195], [1903, 26], [1627, 239], [112, 260], [1614, 181], [1674, 79], [1350, 241], [1473, 260], [268, 115], [721, 229], [832, 165], [646, 159], [1418, 188], [648, 157], [110, 158], [1409, 120], [1277, 213], [341, 299], [515, 46], [478, 170], [1857, 132], [888, 240], [1116, 184], [1145, 166], [1384, 295], [1748, 277], [1006, 90], [319, 30], [1768, 159], [900, 230], [1953, 241], [1321, 192], [238, 131], [274, 297], [1210, 238], [1056, 213], [680, 208], [1830, 111], [365, 144], [699, 43], [1512, 107], [238, 247], [1722, 197], [406, 41]], "mean": 0.0037078857421875}