{"vals": [0.875, 0.6796875, 0.60546875, 0.53125, 0.49609375, 0.478515625, 0.4765625, 0.447265625, 0.44140625, 0.423828125, 0.4140625, 0.3984375, 0.392578125, 0.392578125, 0.390625, 0.390625, 0.3828125, 0.380859375, 0.380859375, 0.373046875, 0.3671875, 0.357421875, 0.349609375, 0.34765625, 0.345703125, 0.333984375, 0.333984375, 0.33203125, 0.330078125, 0.322265625, 0.318359375, 0.31640625, 0.314453125, 0.314453125, 0.3125, 0.3125, 0.310546875, 0.310546875, 0.30859375, 0.30859375, 0.30859375, 0.306640625, 0.306640625, 0.3046875, 0.302734375, 0.30078125, 0.298828125, 0.296875, 0.29296875, 0.287109375, 0.283203125, 0.28125, 0.279296875, 0.279296875, 0.279296875, 0.279296875, 0.279296875, 0.271484375, 0.26953125, 0.265625, 0.265625, 0.263671875, 0.263671875, 0.26171875, 0.26171875, 0.255859375, 0.25390625, 0.25390625, 0.25390625, 0.25, 0.2490234375, 0.2490234375, 0.2490234375, 0.244140625, 0.2412109375, 0.240234375, 0.240234375, 0.2392578125, 0.2373046875, 0.2373046875, 0.232421875, 0.2314453125, 0.23046875, 0.2294921875, 0.2294921875, 0.2294921875, 0.228515625, 0.228515625, 0.2275390625, 0.2275390625, 0.224609375, 0.22265625, 0.22265625, 0.2177734375, 0.2158203125, 0.2158203125, 0.2158203125, 0.21484375, 0.21484375, 0.212890625], "inds": [[1117, 16], [723, 55], [1867, 49], [409, 49], [1662, 140], [1382, 143], [927, 153], [136, 118], [374, 75], [1392, 208], [1611, 72], [573, 61], [1019, 27], [431, 256], [1718, 20], [12, 57], [909, 85], [1149, 18], [1389, 94], [152, 98], [1819, 45], [1049, 23], [1933, 20], [1701, 244], [1752, 39], [1939, 269], [1537, 79], [1457, 104], [1676, 54], [1486, 71], [303, 12], [547, 172], [138, 200], [1186, 117], [282, 16], [1792, 163], [1718, 17], [43, 165], [427, 41], [1326, 142], [1246, 290], [1376, 55], [979, 166], [259, 264], [1650, 53], [1757, 22], [1471, 13], [651, 65], [1460, 241], [1045, 30], [85, 203], [175, 242], [1420, 91], [1425, 73], [874, 15], [1546, 46], [1523, 39], [1880, 23], [1425, 72], [110, 221], [350, 36], [1989, 34], [784, 75], [1877, 139], [1017, 40], [1500, 265], [505, 213], [1312, 260], [1841, 253], [1455, 268], [19, 10], [1276, 40], [1428, 153], [1854, 13], [1188, 154], [1802, 77], [74, 98], [152, 142], [377, 39], [296, 77], [1422, 26], [1662, 80], [865, 12], [1547, 14], [822, 61], [1088, 15], [1273, 294], [651, 169], [1199, 264], [646, 57], [1056, 127], [178, 216], [105, 43], [1159, 243], [674, 182], [723, 120], [1040, 54], [1859, 66], [802, 260], [47, 26]], "mean": 0.00311279296875}