{"vals": [3.609375, 2.5625, 2.328125, 2.09375, 1.953125, 1.921875, 1.8046875, 1.796875, 1.7890625, 1.7421875, 1.7421875, 1.65625, 1.5859375, 1.5859375, 1.546875, 1.515625, 1.4375, 1.421875, 1.40625, 1.2734375, 1.21875, 1.140625, 1.125, 1.1015625, 1.09375, 1.078125, 1.078125, 1.078125, 1.0703125, 1.0390625, 1.0390625, 1.015625, 1.015625, 1.0078125, 1.0, 0.9921875, 0.9765625, 0.96484375, 0.9609375, 0.94921875, 0.9375, 0.93359375, 0.93359375, 0.92578125, 0.92578125, 0.91796875, 0.9140625, 0.90234375, 0.89453125, 0.89453125, 0.86328125, 0.8359375, 0.828125, 0.8203125, 0.8203125, 0.80078125, 0.78515625, 0.78125, 0.7734375, 0.7578125, 0.75390625, 0.75390625, 0.75, 0.75, 0.74609375, 0.734375, 0.7265625, 0.7265625, 0.7109375, 0.703125, 0.69921875, 0.6953125, 0.68359375, 0.68359375, 0.6796875, 0.67578125, 0.671875, 0.671875, 0.66015625, 0.65625, 0.65625, 0.6484375, 0.64453125, 0.640625, 0.640625, 0.640625, 0.63671875, 0.6328125, 0.6328125, 0.62890625, 0.62890625, 0.62109375, 0.6171875, 0.6171875, 0.6171875, 0.61328125, 0.609375, 0.60546875, 0.60546875, 0.60546875], "inds": [[882, 151], [903, 42], [954, 52], [907, 180], [1272, 14], [1380, 109], [1177, 87], [160, 14], [711, 122], [979, 256], [1124, 12], [1277, 283], [351, 254], [360, 119], [62, 227], [1272, 15], [576, 217], [196, 263], [852, 172], [1825, 237], [933, 52], [1670, 198], [1133, 40], [773, 13], [353, 52], [1893, 52], [164, 296], [817, 76], [307, 32], [424, 100], [189, 124], [106, 39], [1277, 147], [1108, 126], [1850, 187], [1384, 258], [214, 229], [6, 217], [1401, 11], [247, 159], [1210, 71], [1857, 131], [1649, 196], [1706, 32], [456, 223], [12, 203], [351, 241], [57, 45], [724, 124], [615, 37], [443, 182], [1812, 91], [196, 75], [62, 230], [359, 43], [160, 16], [891, 46], [856, 150], [38, 147], [1358, 33], [1200, 157], [447, 8], [310, 104], [871, 39], [418, 10], [1428, 145], [531, 146], [1127, 100], [1944, 48], [1125, 85], [1977, 112], [1282, 293], [517, 119], [131, 38], [646, 91], [450, 138], [1830, 199], [1129, 170], [98, 133], [1181, 126], [1826, 108], [254, 102], [603, 250], [671, 229], [1841, 154], [943, 296], [96, 222], [405, 8], [1503, 109], [974, 264], [391, 34], [1227, 122], [1893, 296], [497, 297], [852, 171], [511, 255], [235, 54], [1887, 131], [1246, 234], [1945, 235]], "mean": 0.0031280517578125}