{"vals": [3.5625, 3.4375, 3.328125, 2.78125, 2.703125, 2.546875, 2.453125, 2.453125, 2.296875, 2.28125, 2.265625, 2.234375, 2.125, 2.078125, 2.0625, 2.046875, 2.03125, 1.96875, 1.953125, 1.9453125, 1.9140625, 1.875, 1.859375, 1.8359375, 1.8359375, 1.828125, 1.8046875, 1.796875, 1.734375, 1.65625, 1.6171875, 1.59375, 1.5703125, 1.5625, 1.546875, 1.53125, 1.515625, 1.4765625, 1.4765625, 1.46875, 1.4609375, 1.4609375, 1.4609375, 1.4296875, 1.40625, 1.3671875, 1.359375, 1.359375, 1.3515625, 1.34375, 1.328125, 1.328125, 1.3203125, 1.2734375, 1.2578125, 1.234375, 1.21875, 1.203125, 1.1796875, 1.171875, 1.171875, 1.1640625, 1.15625, 1.1484375, 1.140625, 1.140625, 1.125, 1.1171875, 1.1015625, 1.1015625, 1.0859375, 1.0859375, 1.0703125, 1.0625, 1.0546875, 1.046875, 1.046875, 1.0390625, 1.0390625, 1.0390625, 1.03125, 1.0078125, 1.0078125, 1.0078125, 0.9921875, 0.984375, 0.9765625, 0.96875, 0.96484375, 0.95703125, 0.953125, 0.94921875, 0.9453125, 0.9453125, 0.94140625, 0.9375, 0.93359375, 0.92578125, 0.9140625, 0.9140625], "inds": [[1148, 70], [996, 256], [831, 151], [111, 91], [1582, 167], [435, 249], [1792, 245], [1402, 102], [1947, 249], [1512, 63], [291, 123], [78, 177], [919, 252], [1512, 47], [308, 35], [974, 98], [655, 199], [111, 167], [1430, 191], [355, 137], [680, 78], [1512, 168], [748, 222], [972, 259], [149, 205], [78, 63], [996, 245], [1742, 87], [149, 138], [407, 61], [815, 298], [655, 81], [748, 100], [1542, 71], [1512, 59], [831, 81], [346, 125], [540, 57], [556, 227], [1975, 83], [1421, 62], [746, 210], [1665, 17], [1405, 292], [45, 23], [907, 137], [748, 235], [111, 74], [1246, 91], [111, 151], [882, 147], [1443, 265], [1582, 269], [407, 75], [301, 156], [158, 110], [919, 251], [1512, 147], [1512, 111], [308, 34], [1468, 167], [1160, 71], [831, 67], [1947, 245], [1512, 146], [149, 216], [1512, 187], [590, 179], [882, 138], [1443, 245], [1391, 224], [471, 93], [301, 243], [655, 134], [1618, 282], [543, 278], [27, 180], [1975, 39], [1402, 176], [350, 212], [1588, 27], [1890, 196], [1421, 55], [831, 143], [301, 79], [309, 53], [84, 89], [1512, 95], [994, 267], [221, 198], [1044, 189], [1984, 227], [111, 284], [1345, 29], [994, 53], [1833, 254], [1106, 93], [291, 205], [1282, 279], [1566, 19]], "mean": 0.0021209716796875}