{"vals": [2.78125, 1.46875, 1.3203125, 1.2578125, 1.140625, 1.09375, 1.09375, 1.0546875, 0.984375, 0.98046875, 0.98046875, 0.953125, 0.8828125, 0.8828125, 0.8359375, 0.8203125, 0.80859375, 0.7890625, 0.75, 0.7265625, 0.7265625, 0.71875, 0.71875, 0.71484375, 0.70703125, 0.6875, 0.68359375, 0.671875, 0.66796875, 0.6484375, 0.640625, 0.640625, 0.62890625, 0.60546875, 0.6015625, 0.59375, 0.59375, 0.5859375, 0.578125, 0.578125, 0.5703125, 0.5703125, 0.56640625, 0.55859375, 0.5546875, 0.55078125, 0.55078125, 0.546875, 0.546875, 0.5390625, 0.5390625, 0.5390625, 0.53515625, 0.53515625, 0.53125, 0.52734375, 0.5234375, 0.5234375, 0.5234375, 0.515625, 0.51171875, 0.5078125, 0.50390625, 0.50390625, 0.5, 0.48828125, 0.48828125, 0.486328125, 0.48046875, 0.4765625, 0.46875, 0.46484375, 0.45703125, 0.455078125, 0.453125, 0.453125, 0.453125, 0.451171875, 0.44921875, 0.439453125, 0.435546875, 0.431640625, 0.431640625, 0.4296875, 0.427734375, 0.42578125, 0.421875, 0.419921875, 0.419921875, 0.41015625, 0.41015625, 0.404296875, 0.404296875, 0.40234375, 0.40234375, 0.400390625, 0.400390625, 0.39453125, 0.39453125, 0.39453125], "inds": [[1880, 23], [1007, 43], [770, 252], [659, 182], [1007, 44], [1113, 200], [501, 43], [23, 230], [678, 248], [762, 275], [232, 111], [670, 29], [664, 255], [1518, 82], [1182, 167], [646, 12], [552, 110], [1122, 9], [232, 251], [495, 143], [552, 56], [482, 35], [238, 167], [1843, 9], [232, 130], [842, 50], [1920, 5], [846, 23], [324, 143], [1843, 138], [659, 186], [292, 107], [325, 102], [1322, 172], [964, 31], [450, 48], [351, 117], [1888, 61], [495, 150], [1924, 160], [146, 71], [1043, 65], [785, 147], [324, 142], [819, 103], [868, 76], [1311, 237], [934, 72], [926, 247], [232, 108], [519, 116], [1645, 227], [124, 75], [1701, 283], [1274, 268], [868, 70], [1858, 77], [232, 132], [980, 287], [1568, 31], [229, 127], [1560, 19], [925, 150], [117, 201], [715, 227], [926, 245], [1453, 51], [483, 171], [1854, 137], [394, 131], [916, 217], [868, 72], [1833, 20], [1543, 270], [1527, 117], [1701, 265], [302, 213], [845, 253], [1007, 62], [164, 82], [1126, 32], [444, 54], [242, 30], [512, 103], [1830, 62], [1182, 202], [552, 77], [835, 113], [1182, 143], [1319, 41], [770, 251], [1204, 119], [92, 190], [467, 150], [512, 288], [1282, 29], [269, 143], [1128, 65], [124, 76], [1701, 297]], "mean": 0.001617431640625}