{"vals": [0.7421875, 0.640625, 0.6328125, 0.62890625, 0.58984375, 0.58203125, 0.5546875, 0.55078125, 0.53125, 0.52734375, 0.5234375, 0.50390625, 0.5, 0.5, 0.498046875, 0.4765625, 0.46484375, 0.4609375, 0.44921875, 0.44140625, 0.435546875, 0.43359375, 0.423828125, 0.423828125, 0.419921875, 0.41015625, 0.408203125, 0.392578125, 0.390625, 0.3828125, 0.380859375, 0.37890625, 0.376953125, 0.376953125, 0.375, 0.357421875, 0.35546875, 0.35546875, 0.353515625, 0.349609375, 0.34765625, 0.34765625, 0.341796875, 0.337890625, 0.3359375, 0.330078125, 0.328125, 0.326171875, 0.32421875, 0.322265625, 0.322265625, 0.3203125, 0.318359375, 0.31640625, 0.314453125, 0.3125, 0.310546875, 0.30859375, 0.30859375, 0.306640625, 0.3046875, 0.30078125, 0.298828125, 0.298828125, 0.294921875, 0.294921875, 0.291015625, 0.291015625, 0.291015625, 0.291015625, 0.291015625, 0.2890625, 0.2890625, 0.2890625, 0.2890625, 0.287109375, 0.287109375, 0.287109375, 0.287109375, 0.28515625, 0.28515625, 0.283203125, 0.279296875, 0.279296875, 0.27734375, 0.27734375, 0.275390625, 0.275390625, 0.275390625, 0.275390625, 0.2734375, 0.26953125, 0.26953125, 0.26953125, 0.26953125, 0.267578125, 0.265625, 0.265625, 0.26171875, 0.26171875], "inds": [[329, 60], [331, 123], [1076, 201], [780, 190], [1811, 258], [1571, 48], [1684, 131], [1298, 226], [439, 154], [493, 100], [397, 148], [863, 128], [87, 147], [315, 281], [818, 129], [1831, 27], [417, 162], [465, 259], [911, 61], [1210, 294], [397, 150], [442, 147], [1811, 56], [1210, 274], [948, 230], [965, 148], [1684, 90], [831, 204], [1120, 82], [1632, 167], [1235, 126], [1938, 30], [1179, 140], [1839, 258], [442, 153], [277, 39], [1179, 14], [1197, 30], [302, 95], [1844, 55], [42, 98], [1827, 75], [1259, 165], [606, 154], [277, 40], [442, 40], [42, 143], [439, 186], [1322, 165], [831, 136], [1839, 294], [1242, 71], [522, 206], [1839, 277], [1243, 153], [1868, 89], [1905, 151], [443, 91], [948, 147], [271, 137], [1417, 264], [1265, 205], [1513, 33], [32, 42], [277, 125], [643, 270], [1877, 145], [659, 36], [1367, 169], [1839, 206], [1775, 86], [1523, 287], [316, 27], [1040, 282], [1541, 292], [189, 154], [1839, 267], [664, 116], [465, 111], [42, 132], [1203, 230], [760, 155], [618, 110], [37, 299], [81, 149], [1513, 216], [1546, 299], [1635, 266], [42, 120], [1541, 291], [1097, 27], [465, 76], [450, 16], [42, 121], [1767, 271], [1184, 50], [437, 80], [113, 216], [1928, 232], [1086, 42]], "mean": 0.004638671875}