{"vals": [2.625, 1.9140625, 1.515625, 1.328125, 1.296875, 1.265625, 1.21875, 1.1640625, 1.1171875, 1.09375, 1.0625, 1.0546875, 1.0546875, 1.0234375, 1.0078125, 1.0, 0.98828125, 0.96484375, 0.953125, 0.94921875, 0.9296875, 0.9296875, 0.890625, 0.8828125, 0.87890625, 0.87109375, 0.859375, 0.8515625, 0.8203125, 0.81640625, 0.8125, 0.8125, 0.80859375, 0.765625, 0.74609375, 0.734375, 0.73046875, 0.71875, 0.71875, 0.71484375, 0.71484375, 0.7109375, 0.70703125, 0.6953125, 0.69140625, 0.68359375, 0.68359375, 0.67578125, 0.671875, 0.671875, 0.6640625, 0.66015625, 0.66015625, 0.6328125, 0.625, 0.625, 0.62109375, 0.62109375, 0.6171875, 0.61328125, 0.61328125, 0.609375, 0.609375, 0.59765625, 0.59375, 0.58984375, 0.5859375, 0.58203125, 0.578125, 0.57421875, 0.5703125, 0.5703125, 0.56640625, 0.56640625, 0.55859375, 0.55859375, 0.5546875, 0.5546875, 0.5546875, 0.55078125, 0.55078125, 0.546875, 0.546875, 0.5390625, 0.5390625, 0.53515625, 0.53515625, 0.53125, 0.51953125, 0.515625, 0.515625, 0.51171875, 0.51171875, 0.51171875, 0.51171875, 0.5078125, 0.5078125, 0.50390625, 0.50390625, 0.5], "inds": [[257, 103], [257, 112], [424, 74], [255, 126], [1000, 83], [97, 281], [1481, 46], [105, 88], [1803, 245], [1000, 71], [1624, 261], [401, 21], [1926, 214], [1629, 263], [523, 54], [1685, 149], [110, 28], [156, 63], [1300, 128], [1769, 177], [801, 164], [443, 31], [331, 61], [1678, 162], [1124, 132], [1557, 109], [419, 282], [488, 289], [128, 299], [1069, 32], [1082, 72], [929, 37], [592, 36], [1405, 271], [523, 155], [477, 31], [762, 299], [419, 131], [623, 116], [1907, 145], [708, 111], [424, 80], [1406, 71], [1316, 182], [1218, 217], [680, 64], [1869, 97], [113, 133], [915, 27], [282, 65], [809, 121], [623, 97], [1093, 107], [552, 113], [1732, 150], [1267, 184], [1785, 157], [1177, 68], [688, 38], [985, 42], [194, 273], [1494, 80], [523, 133], [985, 37], [1983, 216], [664, 116], [1198, 158], [454, 106], [592, 61], [84, 252], [752, 37], [1406, 83], [1823, 161], [812, 164], [379, 198], [809, 129], [146, 292], [1181, 85], [1863, 54], [1823, 135], [222, 56], [744, 151], [198, 93], [826, 296], [329, 162], [1970, 49], [719, 45], [1286, 61], [980, 209], [183, 295], [1862, 128], [711, 143], [1913, 246], [34, 102], [194, 270], [728, 189], [598, 126], [1043, 47], [343, 168], [940, 83]], "mean": 0.004241943359375}