{"vals": [4.15625, 4.0, 2.859375, 2.78125, 2.734375, 2.359375, 2.265625, 2.265625, 2.140625, 2.140625, 2.09375, 2.078125, 2.046875, 2.03125, 1.921875, 1.9140625, 1.890625, 1.8828125, 1.8828125, 1.875, 1.8671875, 1.828125, 1.78125, 1.7578125, 1.71875, 1.6875, 1.6640625, 1.6171875, 1.59375, 1.5703125, 1.5390625, 1.5234375, 1.46875, 1.4609375, 1.4453125, 1.4375, 1.4375, 1.3984375, 1.390625, 1.390625, 1.34375, 1.34375, 1.328125, 1.296875, 1.296875, 1.2734375, 1.2734375, 1.265625, 1.265625, 1.2578125, 1.25, 1.2421875, 1.2265625, 1.21875, 1.2109375, 1.203125, 1.1953125, 1.1953125, 1.1953125, 1.1953125, 1.1875, 1.1875, 1.1875, 1.15625, 1.15625, 1.15625, 1.1484375, 1.140625, 1.125, 1.125, 1.0859375, 1.078125, 1.078125, 1.078125, 1.0390625, 1.0390625, 1.0234375, 1.015625, 1.0078125, 1.0, 0.9921875, 0.97265625, 0.96484375, 0.953125, 0.9453125, 0.9375, 0.921875, 0.90625, 0.8984375, 0.8984375, 0.89453125, 0.89453125, 0.89453125, 0.890625, 0.890625, 0.87890625, 0.8671875, 0.86328125, 0.86328125, 0.86328125], "inds": [[1142, 136], [1142, 145], [888, 159], [1142, 33], [1142, 99], [793, 211], [1142, 144], [153, 174], [111, 162], [1142, 91], [1142, 183], [1324, 192], [793, 273], [111, 147], [1092, 86], [111, 177], [1556, 279], [1142, 12], [153, 163], [1142, 219], [71, 22], [111, 218], [1312, 298], [498, 274], [1142, 232], [48, 191], [793, 187], [1556, 176], [1556, 63], [88, 158], [888, 41], [138, 30], [1047, 65], [111, 185], [153, 160], [793, 150], [1022, 44], [824, 99], [195, 202], [888, 128], [111, 204], [71, 179], [606, 136], [88, 210], [3, 102], [1142, 253], [535, 151], [149, 186], [793, 288], [1319, 228], [645, 175], [793, 224], [1384, 111], [1693, 283], [540, 249], [1195, 141], [1512, 147], [3, 101], [1467, 104], [28, 22], [149, 122], [1487, 142], [254, 58], [830, 221], [1312, 104], [1556, 73], [1693, 260], [1556, 144], [1390, 111], [1142, 162], [39, 100], [1381, 254], [1699, 118], [1313, 108], [366, 112], [319, 67], [1142, 182], [1323, 183], [1286, 30], [793, 151], [1556, 142], [740, 121], [71, 101], [71, 146], [414, 232], [1556, 130], [266, 27], [963, 126], [540, 75], [830, 70], [153, 34], [149, 210], [535, 193], [830, 169], [215, 229], [1105, 161], [830, 131], [544, 242], [517, 262], [1594, 292]], "mean": 0.00171661376953125}