{"vals": [4.96875, 4.625, 4.4375, 3.828125, 3.1875, 3.09375, 2.859375, 2.84375, 2.625, 2.40625, 2.21875, 1.84375, 1.78125, 1.765625, 1.7265625, 1.5859375, 1.578125, 1.546875, 1.515625, 1.515625, 1.4375, 1.40625, 1.34375, 1.2890625, 1.2109375, 1.1328125, 1.1328125, 1.0859375, 1.046875, 1.046875, 1.0, 0.9921875, 0.9765625, 0.97265625, 0.94921875, 0.93359375, 0.87890625, 0.875, 0.83203125, 0.8125, 0.8125, 0.80078125, 0.796875, 0.76953125, 0.7265625, 0.7265625, 0.71875, 0.71875, 0.703125, 0.69921875, 0.69921875, 0.69140625, 0.67578125, 0.6640625, 0.6484375, 0.62890625, 0.625, 0.60546875, 0.6015625, 0.59375, 0.59375, 0.58984375, 0.58984375, 0.57421875, 0.57421875, 0.57421875, 0.5703125, 0.56640625, 0.56640625, 0.56640625, 0.55859375, 0.55859375, 0.55859375, 0.5546875, 0.5234375, 0.51953125, 0.5078125, 0.50390625, 0.50390625, 0.49609375, 0.490234375, 0.484375, 0.482421875, 0.48046875, 0.478515625, 0.474609375, 0.47265625, 0.46875, 0.46484375, 0.45703125, 0.453125, 0.451171875, 0.451171875, 0.44921875, 0.443359375, 0.44140625, 0.44140625, 0.427734375, 0.42578125, 0.423828125], "inds": [[149, 159], [149, 218], [149, 207], [149, 270], [1180, 30], [149, 171], [773, 89], [963, 101], [1180, 170], [149, 102], [855, 70], [1614, 218], [1614, 222], [329, 244], [1748, 74], [149, 240], [329, 225], [716, 87], [1748, 90], [1564, 83], [1748, 111], [293, 24], [1257, 30], [27, 284], [716, 52], [149, 228], [149, 131], [855, 141], [1748, 167], [1201, 29], [1748, 55], [716, 108], [285, 186], [855, 119], [27, 119], [632, 68], [1500, 75], [1614, 144], [1410, 48], [690, 178], [329, 174], [1614, 153], [498, 136], [716, 71], [589, 248], [1823, 41], [1303, 153], [1748, 182], [1741, 208], [1614, 197], [1748, 139], [716, 179], [903, 199], [1564, 154], [1527, 223], [995, 102], [423, 197], [515, 96], [898, 227], [1990, 131], [926, 286], [589, 152], [27, 292], [589, 77], [1607, 215], [1607, 31], [1983, 214], [1614, 211], [773, 102], [149, 183], [716, 136], [952, 200], [716, 72], [926, 221], [926, 158], [952, 251], [1792, 105], [221, 155], [1983, 250], [926, 199], [307, 37], [716, 178], [1180, 93], [972, 197], [238, 139], [1983, 299], [1941, 127], [926, 174], [1336, 31], [1500, 107], [1983, 232], [469, 165], [963, 124], [1180, 127], [216, 98], [1587, 212], [1930, 289], [952, 151], [1654, 182], [1647, 203]], "mean": 0.0013885498046875}