{"vals": [4.09375, 2.953125, 2.625, 2.546875, 2.40625, 2.1875, 2.125, 2.03125, 2.03125, 1.953125, 1.9296875, 1.84375, 1.828125, 1.8203125, 1.796875, 1.7890625, 1.78125, 1.75, 1.7421875, 1.71875, 1.65625, 1.6484375, 1.640625, 1.625, 1.59375, 1.546875, 1.5390625, 1.53125, 1.5078125, 1.5, 1.484375, 1.453125, 1.4453125, 1.4140625, 1.4140625, 1.40625, 1.40625, 1.40625, 1.390625, 1.390625, 1.375, 1.359375, 1.3515625, 1.3359375, 1.328125, 1.3203125, 1.3125, 1.2890625, 1.2890625, 1.2890625, 1.28125, 1.28125, 1.2734375, 1.2578125, 1.2578125, 1.25, 1.25, 1.234375, 1.234375, 1.234375, 1.2265625, 1.2265625, 1.21875, 1.21875, 1.21875, 1.2109375, 1.2109375, 1.203125, 1.203125, 1.203125, 1.1875, 1.171875, 1.1640625, 1.1640625, 1.15625, 1.15625, 1.15625, 1.15625, 1.15625, 1.15625, 1.15625, 1.1484375, 1.125, 1.109375, 1.109375, 1.1015625, 1.1015625, 1.1015625, 1.09375, 1.09375, 1.0859375, 1.078125, 1.0703125, 1.0703125, 1.0625, 1.0625, 1.0625, 1.0546875, 1.046875, 1.046875], "inds": [[1382, 146], [1697, 195], [258, 289], [27, 154], [696, 34], [1632, 219], [690, 146], [1508, 232], [839, 163], [839, 80], [1829, 34], [950, 293], [227, 214], [5, 248], [839, 167], [1204, 195], [691, 118], [227, 102], [1204, 104], [796, 13], [1061, 17], [839, 87], [839, 188], [178, 38], [799, 27], [1382, 228], [386, 179], [829, 31], [1508, 250], [1829, 40], [5, 209], [290, 116], [1794, 206], [1379, 201], [227, 224], [1265, 158], [533, 35], [330, 235], [1983, 243], [1523, 31], [1763, 29], [611, 108], [258, 260], [518, 292], [832, 202], [1463, 229], [691, 270], [1786, 15], [829, 30], [1204, 67], [369, 158], [839, 86], [1983, 277], [1692, 217], [551, 83], [1569, 280], [829, 90], [369, 54], [518, 74], [1930, 238], [599, 225], [1298, 298], [666, 85], [633, 115], [696, 80], [1265, 90], [1298, 109], [1204, 92], [1721, 137], [609, 293], [919, 171], [290, 123], [1041, 28], [469, 201], [832, 134], [1712, 281], [753, 292], [1794, 88], [1786, 210], [1211, 77], [258, 240], [1829, 238], [108, 150], [1298, 114], [518, 48], [1794, 240], [1615, 276], [290, 127], [1564, 104], [398, 285], [1211, 60], [81, 162], [919, 235], [1032, 241], [119, 30], [611, 60], [1692, 169], [485, 198], [27, 230], [1029, 25]], "mean": 0.006317138671875}