{"vals": [4.03125, 3.5, 3.296875, 3.234375, 3.234375, 3.078125, 2.9375, 2.9375, 2.921875, 2.875, 2.828125, 2.75, 2.6875, 2.578125, 2.515625, 2.46875, 2.40625, 2.390625, 2.359375, 2.34375, 2.28125, 2.28125, 2.265625, 2.234375, 2.203125, 2.203125, 2.203125, 2.1875, 2.171875, 2.15625, 2.15625, 2.15625, 2.109375, 2.09375, 2.09375, 2.09375, 2.078125, 2.078125, 2.0625, 2.0625, 2.046875, 2.046875, 2.046875, 2.03125, 2.03125, 2.015625, 2.0, 1.9921875, 1.9921875, 1.9921875, 1.9765625, 1.96875, 1.9453125, 1.9296875, 1.9140625, 1.8984375, 1.8984375, 1.8828125, 1.8828125, 1.875, 1.8671875, 1.859375, 1.859375, 1.859375, 1.8515625, 1.8359375, 1.828125, 1.8203125, 1.8046875, 1.796875, 1.78125, 1.7734375, 1.765625, 1.765625, 1.7578125, 1.7421875, 1.7421875, 1.7421875, 1.734375, 1.734375, 1.734375, 1.7265625, 1.71875, 1.71875, 1.7109375, 1.6953125, 1.6953125, 1.6953125, 1.6875, 1.6796875, 1.671875, 1.671875, 1.6640625, 1.65625, 1.640625, 1.640625, 1.6328125, 1.6328125, 1.6328125, 1.625], "inds": [[164, 138], [322, 141], [646, 240], [850, 150], [897, 243], [897, 293], [127, 30], [127, 29], [2, 79], [186, 230], [897, 180], [967, 91], [850, 57], [1079, 274], [402, 150], [551, 289], [406, 216], [1079, 284], [616, 239], [850, 194], [794, 265], [1430, 106], [305, 27], [651, 175], [897, 85], [548, 60], [794, 182], [348, 92], [1006, 200], [1079, 139], [1096, 110], [406, 98], [794, 92], [97, 133], [406, 266], [174, 47], [1647, 157], [1157, 95], [967, 202], [576, 273], [897, 66], [227, 81], [15, 263], [824, 99], [1299, 298], [897, 37], [406, 193], [1670, 27], [645, 218], [794, 153], [1157, 168], [1430, 44], [299, 260], [576, 193], [897, 65], [1990, 131], [214, 174], [1157, 243], [967, 170], [1341, 159], [897, 231], [967, 172], [1708, 239], [227, 207], [463, 99], [952, 129], [794, 224], [971, 296], [620, 232], [360, 269], [548, 88], [1985, 230], [240, 209], [1525, 258], [897, 103], [1486, 171], [645, 149], [1453, 97], [1006, 91], [645, 154], [139, 174], [227, 146], [1046, 293], [1016, 285], [645, 155], [897, 193], [1341, 205], [1566, 270], [967, 83], [1806, 233], [850, 253], [227, 250], [1127, 297], [325, 218], [305, 144], [1205, 269], [305, 172], [611, 30], [406, 248], [551, 135]], "mean": 0.00714111328125}