{"vals": [8.0625, 7.15625, 6.15625, 6.125, 5.3125, 5.25, 5.0, 4.625, 3.90625, 3.453125, 3.375, 3.109375, 2.90625, 2.6875, 2.5625, 2.328125, 2.328125, 2.234375, 2.171875, 1.9375, 1.8359375, 1.7890625, 1.765625, 1.75, 1.703125, 1.6484375, 1.6171875, 1.453125, 1.3828125, 1.3828125, 1.359375, 1.34375, 1.3359375, 1.3203125, 1.2890625, 1.25, 1.1796875, 1.1796875, 1.171875, 1.15625, 1.1171875, 1.109375, 1.0859375, 1.0859375, 1.078125, 1.0703125, 1.0625, 1.0625, 1.0546875, 1.0390625, 1.0078125, 0.98828125, 0.984375, 0.96875, 0.9609375, 0.93359375, 0.93359375, 0.90234375, 0.8984375, 0.8828125, 0.87890625, 0.859375, 0.85546875, 0.84765625, 0.82421875, 0.8125, 0.8125, 0.7734375, 0.76953125, 0.765625, 0.76171875, 0.75, 0.75, 0.74609375, 0.73046875, 0.7265625, 0.7265625, 0.71875, 0.70703125, 0.703125, 0.69921875, 0.69140625, 0.6875, 0.6875, 0.68359375, 0.6796875, 0.6796875, 0.66796875, 0.6640625, 0.66015625, 0.65625, 0.6484375, 0.640625, 0.63671875, 0.6328125, 0.62890625, 0.625, 0.625, 0.6171875, 0.61328125], "inds": [[1103, 66], [397, 165], [716, 87], [1748, 90], [1564, 83], [1587, 256], [1748, 74], [1564, 111], [1748, 167], [716, 71], [1617, 31], [1587, 152], [1983, 214], [1564, 188], [1103, 118], [1983, 194], [1991, 62], [613, 210], [1748, 111], [1660, 183], [1660, 185], [1748, 166], [1748, 256], [1748, 276], [831, 200], [1448, 17], [1587, 107], [1097, 36], [1748, 284], [1781, 72], [1660, 134], [846, 280], [1825, 25], [152, 103], [110, 20], [716, 231], [716, 108], [984, 74], [1011, 99], [1617, 288], [43, 121], [1448, 24], [422, 61], [826, 213], [1538, 293], [1069, 132], [831, 38], [218, 24], [1261, 121], [1825, 17], [920, 92], [1894, 42], [1006, 16], [237, 104], [1102, 92], [1075, 117], [526, 41], [1660, 16], [78, 73], [110, 14], [1069, 228], [426, 73], [1706, 51], [422, 60], [1014, 235], [831, 108], [846, 269], [194, 53], [748, 261], [716, 163], [194, 240], [1500, 261], [1097, 275], [845, 114], [1974, 90], [1011, 92], [323, 174], [938, 24], [1660, 108], [1313, 280], [184, 54], [1617, 17], [685, 203], [149, 179], [1097, 210], [47, 172], [1106, 49], [1818, 67], [541, 48], [207, 35], [1011, 62], [1163, 167], [716, 107], [1920, 182], [831, 81], [1128, 197], [540, 225], [1682, 28], [1943, 215], [415, 74]], "mean": 0.00182342529296875}