{"vals": [5.3125, 2.078125, 1.5625, 1.4140625, 1.3203125, 1.2421875, 1.09375, 1.09375, 1.015625, 0.9296875, 0.86328125, 0.79296875, 0.7734375, 0.7265625, 0.72265625, 0.67578125, 0.6640625, 0.65625, 0.63671875, 0.62109375, 0.6171875, 0.60546875, 0.5859375, 0.578125, 0.57421875, 0.5625, 0.5625, 0.55078125, 0.5390625, 0.5390625, 0.50390625, 0.50390625, 0.5, 0.4921875, 0.48828125, 0.48828125, 0.4765625, 0.46875, 0.46484375, 0.455078125, 0.447265625, 0.447265625, 0.431640625, 0.427734375, 0.419921875, 0.416015625, 0.412109375, 0.41015625, 0.41015625, 0.40234375, 0.390625, 0.390625, 0.38671875, 0.3828125, 0.380859375, 0.37890625, 0.373046875, 0.365234375, 0.365234375, 0.36328125, 0.36328125, 0.36328125, 0.359375, 0.35546875, 0.349609375, 0.345703125, 0.341796875, 0.341796875, 0.33984375, 0.337890625, 0.33203125, 0.330078125, 0.328125, 0.326171875, 0.32421875, 0.32421875, 0.318359375, 0.31640625, 0.31640625, 0.3125, 0.310546875, 0.30859375, 0.306640625, 0.306640625, 0.3046875, 0.302734375, 0.30078125, 0.298828125, 0.296875, 0.296875, 0.291015625, 0.2890625, 0.2890625, 0.2890625, 0.287109375, 0.28515625, 0.28125, 0.28125, 0.27734375, 0.275390625], "inds": [[271, 36], [1931, 120], [973, 235], [1534, 93], [47, 280], [1308, 96], [1545, 12], [391, 253], [323, 69], [831, 123], [346, 183], [1588, 63], [570, 176], [1930, 30], [1798, 181], [1389, 164], [1432, 60], [1626, 26], [1443, 99], [202, 228], [1529, 233], [471, 259], [1883, 210], [896, 232], [1428, 189], [254, 10], [466, 180], [1033, 172], [1630, 209], [1081, 86], [1074, 275], [1568, 158], [269, 143], [1330, 186], [470, 249], [1736, 28], [1403, 122], [155, 15], [133, 208], [57, 182], [1759, 124], [1889, 239], [533, 261], [1820, 165], [553, 82], [1552, 137], [29, 239], [1108, 9], [1728, 98], [1005, 95], [1254, 176], [365, 293], [1227, 128], [1588, 243], [109, 70], [16, 7], [1650, 172], [887, 235], [150, 165], [1499, 263], [1521, 67], [1747, 185], [1729, 171], [1381, 246], [1948, 184], [1824, 293], [61, 149], [45, 296], [760, 237], [825, 269], [1281, 126], [23, 202], [803, 172], [1461, 93], [997, 251], [1139, 171], [1914, 58], [397, 105], [1193, 135], [675, 114], [837, 24], [903, 48], [122, 156], [944, 150], [1728, 77], [968, 276], [60, 53], [1602, 199], [566, 258], [1108, 149], [107, 28], [1851, 26], [1769, 120], [1346, 13], [259, 206], [839, 299], [645, 133], [320, 200], [892, 62], [1381, 177]], "mean": 0.00171661376953125}