{"vals": [4.09375, 2.640625, 2.265625, 2.109375, 1.8515625, 1.6875, 1.65625, 1.6015625, 1.5625, 1.4453125, 1.3828125, 1.3359375, 1.3046875, 1.2421875, 1.2265625, 1.1875, 1.1875, 1.1640625, 1.1640625, 1.15625, 1.1171875, 1.1171875, 1.09375, 1.078125, 1.078125, 1.078125, 1.0625, 1.046875, 1.046875, 1.0390625, 1.0390625, 1.0234375, 1.0234375, 1.0078125, 0.9765625, 0.96875, 0.94140625, 0.93359375, 0.9296875, 0.9296875, 0.921875, 0.921875, 0.921875, 0.9140625, 0.91015625, 0.91015625, 0.91015625, 0.91015625, 0.890625, 0.875, 0.875, 0.87109375, 0.8515625, 0.84375, 0.83203125, 0.81640625, 0.8125, 0.8046875, 0.796875, 0.79296875, 0.7890625, 0.78515625, 0.78515625, 0.77734375, 0.76953125, 0.76953125, 0.76171875, 0.7578125, 0.7578125, 0.74609375, 0.7421875, 0.73828125, 0.73828125, 0.734375, 0.73046875, 0.72265625, 0.72265625, 0.72265625, 0.71875, 0.71484375, 0.7109375, 0.70703125, 0.69921875, 0.6953125, 0.69140625, 0.69140625, 0.6875, 0.6796875, 0.6796875, 0.67578125, 0.671875, 0.66796875, 0.6640625, 0.66015625, 0.66015625, 0.66015625, 0.66015625, 0.65625, 0.65234375, 0.6484375], "inds": [[1954, 71], [1523, 171], [646, 17], [1301, 45], [1233, 61], [516, 21], [419, 14], [1212, 20], [1416, 25], [1408, 24], [1457, 27], [1074, 275], [807, 10], [1148, 56], [401, 12], [1317, 113], [1752, 39], [875, 31], [868, 118], [874, 15], [1048, 233], [400, 12], [841, 30], [458, 16], [449, 16], [445, 16], [731, 123], [7, 116], [1851, 26], [659, 26], [416, 135], [18, 17], [1543, 21], [914, 23], [1219, 52], [1679, 60], [665, 16], [647, 17], [12, 16], [1585, 14], [1887, 136], [1646, 17], [189, 26], [1251, 26], [1701, 45], [1628, 41], [545, 10], [1854, 13], [1541, 14], [984, 138], [1443, 44], [1019, 27], [1607, 31], [237, 17], [1611, 72], [963, 101], [1991, 62], [592, 21], [891, 38], [282, 16], [1043, 17], [53, 38], [766, 94], [826, 224], [1814, 24], [1017, 19], [1301, 14], [575, 21], [451, 38], [835, 75], [329, 191], [912, 17], [705, 17], [463, 126], [967, 17], [230, 17], [1222, 19], [677, 31], [963, 124], [1323, 26], [1452, 12], [949, 241], [1406, 123], [319, 207], [950, 36], [556, 66], [352, 20], [329, 259], [971, 24], [1317, 103], [1597, 25], [1834, 10], [88, 10], [1027, 15], [1653, 15], [1969, 28], [995, 232], [60, 47], [1162, 28], [910, 23]], "mean": 0.007537841796875}