{"vals": [1.0703125, 1.015625, 0.9453125, 0.90234375, 0.90234375, 0.7578125, 0.73828125, 0.69921875, 0.6875, 0.67578125, 0.66796875, 0.65625, 0.62109375, 0.62109375, 0.6015625, 0.6015625, 0.59375, 0.58984375, 0.58203125, 0.55859375, 0.546875, 0.546875, 0.5390625, 0.5390625, 0.53125, 0.53125, 0.53125, 0.52734375, 0.515625, 0.51171875, 0.498046875, 0.49609375, 0.4921875, 0.474609375, 0.47265625, 0.470703125, 0.46875, 0.462890625, 0.4609375, 0.4609375, 0.4453125, 0.443359375, 0.44140625, 0.4296875, 0.4296875, 0.42578125, 0.421875, 0.419921875, 0.419921875, 0.4140625, 0.41015625, 0.404296875, 0.40234375, 0.40234375, 0.40234375, 0.400390625, 0.3984375, 0.396484375, 0.39453125, 0.390625, 0.384765625, 0.3828125, 0.376953125, 0.365234375, 0.365234375, 0.361328125, 0.361328125, 0.359375, 0.353515625, 0.353515625, 0.353515625, 0.3515625, 0.3515625, 0.349609375, 0.34765625, 0.33984375, 0.337890625, 0.337890625, 0.328125, 0.326171875, 0.326171875, 0.32421875, 0.32421875, 0.322265625, 0.3203125, 0.318359375, 0.31640625, 0.31640625, 0.3125, 0.3125, 0.3125, 0.3125, 0.30859375, 0.30859375, 0.30859375, 0.30859375, 0.30859375, 0.306640625, 0.3046875, 0.3046875], "inds": [[1006, 223], [1744, 58], [5, 86], [1722, 83], [815, 32], [445, 193], [631, 37], [995, 102], [238, 131], [106, 131], [1169, 152], [348, 123], [1915, 174], [1210, 116], [1285, 23], [427, 45], [788, 186], [815, 31], [35, 79], [977, 238], [1635, 192], [855, 195], [1303, 78], [445, 126], [445, 156], [1921, 130], [427, 40], [449, 159], [1735, 226], [1624, 187], [445, 125], [1169, 223], [1629, 189], [1722, 294], [924, 290], [1711, 188], [445, 155], [1501, 199], [967, 69], [1614, 181], [445, 76], [1735, 255], [444, 228], [298, 73], [1614, 297], [898, 183], [1898, 144], [1645, 149], [624, 167], [449, 214], [54, 98], [1303, 66], [1413, 76], [806, 277], [134, 49], [992, 36], [1527, 232], [1921, 240], [645, 289], [423, 33], [311, 33], [423, 176], [845, 182], [237, 204], [444, 136], [404, 248], [1374, 36], [1915, 141], [1467, 216], [1515, 181], [449, 268], [1635, 177], [407, 161], [1741, 208], [631, 135], [1735, 222], [1629, 274], [1003, 208], [845, 210], [1792, 131], [423, 61], [788, 66], [445, 192], [237, 205], [1624, 272], [18, 231], [306, 129], [1209, 37], [1823, 9], [967, 132], [1744, 114], [1679, 268], [1994, 252], [1720, 193], [449, 199], [423, 74], [1735, 219], [272, 156], [845, 75], [1234, 69]], "mean": 0.00152587890625}