{"vals": [1.203125, 0.890625, 0.79296875, 0.78125, 0.6875, 0.65625, 0.609375, 0.578125, 0.57421875, 0.55859375, 0.4921875, 0.466796875, 0.447265625, 0.44140625, 0.435546875, 0.4296875, 0.423828125, 0.419921875, 0.400390625, 0.392578125, 0.388671875, 0.376953125, 0.373046875, 0.3671875, 0.359375, 0.3515625, 0.3515625, 0.349609375, 0.349609375, 0.34765625, 0.34375, 0.341796875, 0.341796875, 0.337890625, 0.3359375, 0.330078125, 0.328125, 0.31640625, 0.310546875, 0.310546875, 0.310546875, 0.306640625, 0.302734375, 0.296875, 0.296875, 0.294921875, 0.2890625, 0.287109375, 0.287109375, 0.28515625, 0.283203125, 0.28125, 0.28125, 0.28125, 0.27734375, 0.275390625, 0.275390625, 0.2734375, 0.271484375, 0.26953125, 0.267578125, 0.265625, 0.263671875, 0.26171875, 0.26171875, 0.2578125, 0.2578125, 0.2578125, 0.2578125, 0.255859375, 0.25390625, 0.25390625, 0.25390625, 0.251953125, 0.251953125, 0.251953125, 0.25, 0.2490234375, 0.248046875, 0.24609375, 0.24609375, 0.2451171875, 0.244140625, 0.2431640625, 0.2431640625, 0.2412109375, 0.240234375, 0.240234375, 0.23828125, 0.23828125, 0.23828125, 0.23828125, 0.2373046875, 0.236328125, 0.236328125, 0.236328125, 0.2353515625, 0.234375, 0.234375, 0.2333984375], "inds": [[512, 100], [446, 24], [1982, 10], [691, 25], [892, 45], [1157, 8], [1382, 143], [872, 11], [365, 15], [1600, 11], [1390, 201], [1747, 82], [435, 91], [651, 268], [1455, 39], [1764, 42], [757, 21], [1025, 37], [1253, 120], [696, 155], [122, 171], [85, 153], [1896, 141], [1753, 51], [1111, 90], [906, 52], [365, 16], [1776, 21], [415, 43], [1996, 153], [1175, 55], [383, 12], [355, 11], [421, 163], [192, 23], [191, 222], [915, 70], [1354, 92], [1868, 7], [1786, 90], [756, 61], [642, 120], [996, 10], [843, 128], [420, 47], [727, 63], [1208, 14], [1466, 73], [504, 166], [929, 38], [1484, 14], [1023, 37], [579, 157], [288, 202], [372, 12], [1944, 8], [1312, 209], [787, 28], [191, 45], [1366, 253], [820, 72], [435, 47], [1926, 12], [831, 194], [294, 94], [1636, 92], [684, 35], [1000, 125], [1796, 88], [1548, 29], [520, 11], [163, 33], [1245, 171], [1708, 75], [1011, 241], [796, 58], [831, 239], [871, 44], [1548, 28], [393, 212], [1051, 196], [288, 65], [293, 30], [253, 231], [1493, 205], [564, 225], [466, 218], [722, 102], [1975, 287], [868, 201], [193, 24], [1712, 163], [135, 42], [735, 278], [1620, 276], [1348, 44], [1335, 133], [1783, 39], [1232, 21], [260, 209]], "mean": 0.003936767578125}