{"vals": [5.0625, 3.8125, 3.78125, 3.75, 3.71875, 3.296875, 3.234375, 3.15625, 3.0625, 3.015625, 3.015625, 2.859375, 2.84375, 2.796875, 2.671875, 2.640625, 2.546875, 2.5, 2.375, 2.359375, 2.359375, 2.28125, 2.265625, 2.21875, 2.1875, 2.171875, 2.171875, 2.140625, 2.125, 2.125, 2.109375, 2.078125, 2.0625, 2.046875, 2.03125, 2.03125, 2.015625, 2.0, 2.0, 1.96875, 1.953125, 1.921875, 1.9140625, 1.90625, 1.890625, 1.8515625, 1.828125, 1.8203125, 1.8203125, 1.7890625, 1.765625, 1.75, 1.75, 1.7109375, 1.703125, 1.671875, 1.6640625, 1.6640625, 1.6640625, 1.65625, 1.65625, 1.640625, 1.640625, 1.6328125, 1.6171875, 1.609375, 1.5859375, 1.578125, 1.5703125, 1.5625, 1.5625, 1.5625, 1.5546875, 1.5546875, 1.5234375, 1.5234375, 1.515625, 1.5078125, 1.4921875, 1.4921875, 1.4921875, 1.46875, 1.4609375, 1.4609375, 1.4453125, 1.4453125, 1.4296875, 1.4296875, 1.421875, 1.421875, 1.4140625, 1.4140625, 1.40625, 1.40625, 1.3828125, 1.3828125, 1.3671875, 1.3671875, 1.3671875, 1.3671875], "inds": [[1290, 14], [1432, 172], [180, 297], [1744, 114], [988, 125], [320, 11], [1610, 58], [180, 296], [1232, 58], [1820, 111], [215, 51], [492, 30], [1444, 18], [1160, 87], [988, 167], [982, 41], [906, 35], [1940, 32], [180, 298], [330, 186], [231, 280], [131, 58], [929, 77], [1538, 49], [117, 34], [1992, 179], [872, 116], [1316, 96], [1223, 105], [1940, 15], [846, 80], [1186, 165], [715, 38], [461, 76], [1160, 64], [320, 128], [233, 50], [137, 250], [1160, 97], [1856, 131], [982, 40], [872, 87], [863, 25], [1290, 59], [1597, 168], [615, 113], [1601, 275], [1538, 257], [633, 254], [1130, 22], [715, 135], [1820, 179], [1198, 132], [1940, 80], [766, 274], [766, 23], [162, 85], [168, 62], [303, 190], [1539, 106], [693, 58], [1601, 22], [982, 160], [461, 122], [1817, 175], [1614, 170], [1062, 72], [1186, 186], [1389, 26], [872, 156], [1825, 289], [1900, 250], [1198, 263], [435, 274], [862, 206], [836, 209], [305, 35], [982, 157], [288, 56], [929, 215], [998, 195], [892, 89], [1439, 14], [662, 101], [1439, 19], [440, 147], [1856, 156], [247, 84], [749, 76], [729, 225], [1388, 32], [681, 112], [553, 104], [1423, 171], [1953, 39], [1747, 234], [414, 48], [616, 92], [1444, 78], [791, 162]], "mean": 0.0030059814453125}