{"vals": [7.3125, 4.15625, 3.5, 2.921875, 2.859375, 2.390625, 2.234375, 2.015625, 1.8984375, 1.8359375, 1.796875, 1.6328125, 1.4921875, 1.4375, 1.421875, 1.3671875, 1.359375, 1.359375, 1.3515625, 1.3046875, 1.265625, 1.2421875, 1.2109375, 1.1796875, 1.1640625, 1.1484375, 1.1171875, 1.109375, 1.09375, 1.0859375, 1.078125, 1.0625, 1.0546875, 1.0546875, 1.0546875, 1.046875, 1.046875, 1.0390625, 1.0234375, 1.0078125, 1.0, 1.0, 0.9609375, 0.93359375, 0.921875, 0.921875, 0.91796875, 0.91796875, 0.9140625, 0.88671875, 0.87890625, 0.87109375, 0.8671875, 0.859375, 0.859375, 0.85546875, 0.828125, 0.828125, 0.82421875, 0.81640625, 0.80859375, 0.8046875, 0.8046875, 0.80078125, 0.76953125, 0.7578125, 0.75, 0.73828125, 0.734375, 0.7265625, 0.72265625, 0.7109375, 0.7109375, 0.70703125, 0.703125, 0.6953125, 0.69140625, 0.6875, 0.68359375, 0.6796875, 0.6796875, 0.6640625, 0.6640625, 0.66015625, 0.65625, 0.65234375, 0.64453125, 0.64453125, 0.64453125, 0.64453125, 0.64453125, 0.640625, 0.63671875, 0.625, 0.6171875, 0.609375, 0.6015625, 0.59765625, 0.59765625, 0.59375], "inds": [[329, 244], [329, 225], [149, 270], [644, 66], [159, 10], [855, 141], [1371, 84], [543, 51], [149, 218], [799, 75], [543, 52], [1955, 54], [330, 87], [330, 64], [1064, 26], [1635, 219], [1526, 18], [543, 71], [855, 119], [245, 185], [606, 63], [1618, 36], [1614, 153], [1319, 37], [151, 200], [1887, 127], [149, 102], [501, 44], [404, 189], [53, 18], [149, 207], [404, 156], [1331, 52], [1573, 16], [551, 272], [868, 34], [1064, 21], [785, 100], [1558, 93], [543, 163], [404, 172], [1876, 48], [137, 53], [868, 25], [329, 276], [1581, 16], [330, 63], [858, 19], [1170, 53], [799, 74], [1103, 246], [496, 158], [72, 124], [924, 28], [106, 137], [125, 23], [1343, 11], [768, 104], [216, 222], [496, 145], [868, 33], [543, 177], [1431, 69], [329, 174], [149, 131], [1270, 45], [504, 92], [1314, 54], [404, 180], [1776, 16], [1768, 64], [516, 129], [628, 45], [1064, 16], [501, 45], [1160, 18], [1566, 40], [241, 72], [950, 36], [1267, 156], [427, 182], [1096, 48], [1317, 49], [1071, 35], [866, 72], [149, 159], [722, 61], [841, 30], [103, 23], [1275, 114], [827, 33], [757, 262], [1094, 27], [1770, 64], [716, 53], [1926, 39], [404, 79], [1587, 152], [365, 26], [1614, 197]], "mean": 0.00604248046875}