{"vals": [3.0625, 2.828125, 2.484375, 2.4375, 1.6875, 1.578125, 1.515625, 1.4765625, 1.46875, 1.4453125, 1.4375, 1.421875, 1.4140625, 1.3984375, 1.390625, 1.3671875, 1.359375, 1.328125, 1.296875, 1.28125, 1.265625, 1.265625, 1.25, 1.234375, 1.21875, 1.21875, 1.1953125, 1.1953125, 1.1796875, 1.15625, 1.1484375, 1.140625, 1.1328125, 1.1328125, 1.125, 1.109375, 1.1015625, 1.1015625, 1.09375, 1.09375, 1.09375, 1.09375, 1.078125, 1.0703125, 1.0625, 1.0546875, 1.0546875, 1.046875, 1.046875, 1.046875, 1.046875, 1.046875, 1.0390625, 1.0390625, 1.0234375, 1.0234375, 1.0234375, 1.0234375, 1.015625, 1.0, 1.0, 1.0, 0.99609375, 0.9921875, 0.98046875, 0.98046875, 0.9765625, 0.97265625, 0.96875, 0.96875, 0.96484375, 0.9609375, 0.95703125, 0.953125, 0.953125, 0.9453125, 0.9453125, 0.9453125, 0.94140625, 0.94140625, 0.9375, 0.9375, 0.9375, 0.93359375, 0.93359375, 0.93359375, 0.93359375, 0.92578125, 0.921875, 0.921875, 0.9140625, 0.91015625, 0.90625, 0.90625, 0.90625, 0.8984375, 0.8984375, 0.89453125, 0.89453125, 0.890625], "inds": [[1747, 32], [838, 83], [1816, 212], [838, 82], [1587, 138], [1909, 86], [1019, 241], [1354, 87], [600, 84], [760, 299], [1153, 191], [1512, 30], [1840, 133], [600, 195], [1626, 104], [976, 99], [699, 41], [725, 96], [482, 83], [600, 102], [1145, 258], [387, 32], [428, 226], [1434, 241], [1636, 25], [1033, 88], [1545, 63], [496, 225], [146, 48], [1840, 131], [1514, 190], [1148, 111], [1965, 75], [645, 19], [276, 92], [784, 164], [1960, 237], [789, 45], [1119, 285], [291, 200], [600, 69], [600, 108], [1192, 102], [291, 201], [274, 194], [1207, 284], [1259, 113], [1807, 91], [705, 65], [338, 81], [705, 170], [1727, 43], [276, 90], [1996, 219], [1807, 149], [725, 101], [725, 104], [787, 120], [1152, 164], [705, 41], [244, 246], [666, 26], [1434, 50], [600, 272], [1636, 27], [1481, 261], [1807, 95], [1930, 30], [853, 37], [120, 205], [600, 153], [1413, 280], [1048, 233], [428, 270], [30, 204], [1731, 21], [1258, 48], [1316, 182], [600, 64], [600, 192], [52, 166], [1354, 191], [319, 30], [600, 193], [600, 165], [691, 25], [512, 111], [998, 220], [1505, 33], [67, 170], [1259, 110], [876, 15], [276, 91], [666, 240], [109, 186], [600, 83], [343, 132], [506, 204], [1433, 217], [377, 34]], "mean": 0.01043701171875}