{"vals": [1.3203125, 0.89453125, 0.828125, 0.81640625, 0.8125, 0.76171875, 0.71875, 0.6796875, 0.64453125, 0.6328125, 0.62890625, 0.62890625, 0.625, 0.6015625, 0.578125, 0.578125, 0.55859375, 0.5390625, 0.52734375, 0.52734375, 0.51953125, 0.50390625, 0.48828125, 0.478515625, 0.46484375, 0.45703125, 0.451171875, 0.427734375, 0.423828125, 0.404296875, 0.404296875, 0.40234375, 0.40234375, 0.392578125, 0.392578125, 0.3828125, 0.37890625, 0.373046875, 0.365234375, 0.36328125, 0.359375, 0.345703125, 0.34375, 0.34375, 0.337890625, 0.337890625, 0.337890625, 0.3359375, 0.333984375, 0.33203125, 0.330078125, 0.328125, 0.326171875, 0.326171875, 0.322265625, 0.318359375, 0.31640625, 0.314453125, 0.3125, 0.3125, 0.310546875, 0.30859375, 0.302734375, 0.302734375, 0.298828125, 0.296875, 0.296875, 0.296875, 0.294921875, 0.294921875, 0.291015625, 0.291015625, 0.2890625, 0.2890625, 0.287109375, 0.287109375, 0.283203125, 0.283203125, 0.283203125, 0.283203125, 0.279296875, 0.27734375, 0.27734375, 0.27734375, 0.27734375, 0.275390625, 0.275390625, 0.2734375, 0.271484375, 0.271484375, 0.26953125, 0.26953125, 0.265625, 0.263671875, 0.263671875, 0.26171875, 0.26171875, 0.259765625, 0.259765625, 0.259765625], "inds": [[379, 19], [1611, 23], [422, 100], [1776, 21], [507, 120], [1203, 155], [1179, 34], [814, 184], [859, 251], [474, 246], [821, 158], [430, 83], [212, 89], [304, 199], [1895, 76], [626, 50], [1704, 253], [858, 149], [661, 49], [1895, 252], [940, 27], [1322, 251], [1028, 90], [1842, 106], [1383, 28], [537, 168], [702, 36], [1830, 51], [583, 221], [1823, 136], [569, 266], [937, 220], [350, 30], [516, 229], [1800, 125], [1059, 94], [1734, 56], [1299, 34], [272, 73], [844, 55], [307, 171], [523, 32], [1326, 69], [606, 126], [1895, 77], [1724, 60], [1381, 198], [1212, 73], [820, 22], [365, 272], [1402, 37], [1216, 48], [279, 122], [1837, 243], [59, 201], [1157, 110], [252, 28], [661, 73], [1620, 289], [1231, 41], [256, 243], [586, 199], [291, 31], [108, 105], [1614, 61], [792, 26], [727, 39], [1766, 291], [310, 83], [1272, 58], [304, 66], [310, 11], [1954, 56], [483, 42], [523, 54], [1772, 53], [1558, 93], [302, 104], [1361, 25], [1627, 56], [264, 99], [1500, 265], [1575, 20], [42, 156], [899, 91], [783, 18], [494, 196], [670, 260], [1192, 117], [1704, 252], [1097, 64], [1191, 63], [503, 259], [1559, 58], [793, 182], [899, 128], [34, 31], [451, 80], [629, 64], [891, 228]], "mean": 0.00439453125}