{"vals": [2.65625, 2.65625, 2.265625, 1.5078125, 1.296875, 1.1953125, 1.125, 1.109375, 1.0703125, 1.046875, 0.953125, 0.91015625, 0.890625, 0.875, 0.828125, 0.796875, 0.703125, 0.67578125, 0.6640625, 0.62109375, 0.61328125, 0.609375, 0.6015625, 0.59765625, 0.58984375, 0.58203125, 0.5703125, 0.55859375, 0.5546875, 0.5546875, 0.55078125, 0.54296875, 0.54296875, 0.5390625, 0.5234375, 0.5234375, 0.51953125, 0.5078125, 0.50390625, 0.50390625, 0.50390625, 0.5, 0.498046875, 0.49609375, 0.490234375, 0.484375, 0.4765625, 0.46875, 0.466796875, 0.44921875, 0.4453125, 0.439453125, 0.4296875, 0.4296875, 0.41015625, 0.408203125, 0.404296875, 0.396484375, 0.390625, 0.388671875, 0.388671875, 0.388671875, 0.38671875, 0.384765625, 0.380859375, 0.37890625, 0.376953125, 0.375, 0.37109375, 0.3671875, 0.36328125, 0.36328125, 0.36328125, 0.361328125, 0.359375, 0.357421875, 0.357421875, 0.349609375, 0.349609375, 0.34765625, 0.34765625, 0.34765625, 0.34765625, 0.345703125, 0.345703125, 0.345703125, 0.341796875, 0.337890625, 0.333984375, 0.330078125, 0.326171875, 0.32421875, 0.32421875, 0.322265625, 0.322265625, 0.3203125, 0.318359375, 0.318359375, 0.31640625, 0.31640625], "inds": [[556, 16], [1990, 226], [250, 8], [651, 148], [595, 289], [743, 12], [1732, 164], [1946, 35], [1527, 68], [1366, 253], [1564, 144], [556, 11], [1785, 100], [1730, 15], [298, 279], [1641, 94], [1303, 168], [308, 107], [1946, 32], [1620, 28], [1664, 8], [1407, 9], [880, 220], [556, 21], [106, 117], [307, 23], [297, 31], [1285, 221], [489, 293], [1303, 209], [184, 194], [1620, 31], [1169, 63], [1684, 27], [1303, 229], [645, 297], [1950, 34], [1767, 15], [1588, 295], [371, 212], [1568, 179], [879, 95], [1899, 32], [1303, 153], [1169, 53], [1099, 195], [1356, 22], [233, 126], [845, 293], [985, 37], [491, 266], [273, 77], [6, 45], [845, 262], [764, 76], [723, 233], [815, 89], [1285, 171], [525, 121], [1169, 119], [1620, 35], [273, 73], [1983, 245], [723, 41], [1618, 36], [774, 47], [1887, 129], [1501, 19], [651, 268], [368, 255], [1746, 17], [659, 226], [1074, 131], [1922, 225], [316, 165], [879, 88], [1710, 215], [1950, 53], [880, 221], [172, 105], [1564, 172], [384, 141], [1824, 293], [1303, 248], [991, 195], [273, 76], [835, 168], [880, 214], [1627, 164], [106, 121], [612, 78], [1303, 250], [1872, 78], [1820, 293], [1177, 62], [703, 140], [1285, 274], [1319, 23], [645, 194], [790, 179]], "mean": 0.006134033203125}