{"vals": [1.109375, 1.109375, 0.91015625, 0.75, 0.74609375, 0.71484375, 0.69921875, 0.6875, 0.6640625, 0.6328125, 0.62109375, 0.61328125, 0.6015625, 0.5859375, 0.5703125, 0.546875, 0.54296875, 0.52734375, 0.5234375, 0.51953125, 0.51171875, 0.5078125, 0.5078125, 0.49609375, 0.490234375, 0.484375, 0.48046875, 0.4765625, 0.47265625, 0.47265625, 0.46875, 0.462890625, 0.4609375, 0.451171875, 0.44140625, 0.435546875, 0.43359375, 0.4296875, 0.427734375, 0.419921875, 0.41015625, 0.396484375, 0.392578125, 0.388671875, 0.38671875, 0.384765625, 0.3828125, 0.37890625, 0.37890625, 0.375, 0.375, 0.373046875, 0.373046875, 0.373046875, 0.37109375, 0.36328125, 0.3515625, 0.345703125, 0.34375, 0.34375, 0.341796875, 0.341796875, 0.3359375, 0.333984375, 0.33203125, 0.330078125, 0.326171875, 0.32421875, 0.322265625, 0.322265625, 0.3203125, 0.3203125, 0.318359375, 0.314453125, 0.314453125, 0.3125, 0.3125, 0.3125, 0.30859375, 0.30859375, 0.30859375, 0.306640625, 0.3046875, 0.3046875, 0.302734375, 0.30078125, 0.30078125, 0.298828125, 0.298828125, 0.298828125, 0.296875, 0.296875, 0.294921875, 0.294921875, 0.29296875, 0.2890625, 0.287109375, 0.287109375, 0.287109375, 0.28515625], "inds": [[329, 261], [268, 123], [651, 85], [1741, 251], [1739, 46], [329, 246], [329, 278], [230, 25], [1188, 263], [31, 201], [1499, 49], [1688, 87], [821, 97], [1252, 80], [1560, 65], [1670, 69], [948, 94], [349, 89], [527, 233], [492, 75], [578, 202], [1790, 113], [1267, 121], [1670, 73], [1267, 107], [1206, 56], [491, 9], [1170, 83], [1170, 60], [1525, 80], [1670, 100], [1769, 119], [1024, 233], [411, 27], [1984, 161], [1009, 37], [1696, 139], [268, 178], [512, 184], [354, 297], [329, 235], [1739, 45], [1893, 45], [1010, 30], [329, 211], [602, 123], [86, 102], [1125, 109], [1922, 23], [329, 212], [1677, 103], [813, 290], [1525, 220], [952, 151], [1304, 45], [512, 251], [1620, 27], [1670, 195], [968, 22], [527, 200], [1952, 72], [909, 147], [1499, 120], [167, 32], [1170, 153], [1618, 172], [1842, 293], [449, 54], [1844, 201], [1431, 175], [1264, 45], [329, 227], [180, 110], [167, 33], [268, 143], [522, 75], [1533, 251], [1228, 149], [922, 225], [1525, 193], [1613, 120], [605, 298], [1769, 208], [582, 61], [1921, 34], [1327, 158], [776, 92], [1499, 163], [1525, 96], [1823, 9], [1024, 223], [982, 181], [1009, 29], [19, 42], [956, 21], [243, 272], [215, 273], [1417, 215], [1721, 157], [1670, 144]], "mean": 0.0028228759765625}