{"vals": [3.515625, 2.453125, 2.375, 1.6640625, 1.2265625, 1.171875, 1.109375, 1.0859375, 1.015625, 0.8828125, 0.84765625, 0.796875, 0.78125, 0.72265625, 0.69140625, 0.66796875, 0.59375, 0.56640625, 0.546875, 0.546875, 0.54296875, 0.515625, 0.49609375, 0.494140625, 0.48828125, 0.48828125, 0.4765625, 0.474609375, 0.41015625, 0.408203125, 0.3984375, 0.388671875, 0.3828125, 0.3671875, 0.3671875, 0.3671875, 0.353515625, 0.349609375, 0.349609375, 0.34375, 0.341796875, 0.337890625, 0.337890625, 0.3359375, 0.33203125, 0.33203125, 0.328125, 0.326171875, 0.32421875, 0.3203125, 0.318359375, 0.3125, 0.30859375, 0.306640625, 0.3046875, 0.3046875, 0.302734375, 0.30078125, 0.296875, 0.294921875, 0.291015625, 0.291015625, 0.291015625, 0.291015625, 0.291015625, 0.283203125, 0.283203125, 0.28125, 0.28125, 0.279296875, 0.27734375, 0.27734375, 0.2734375, 0.271484375, 0.271484375, 0.26953125, 0.267578125, 0.265625, 0.263671875, 0.26171875, 0.26171875, 0.255859375, 0.255859375, 0.255859375, 0.25390625, 0.251953125, 0.251953125, 0.25, 0.25, 0.2490234375, 0.2470703125, 0.2470703125, 0.2451171875, 0.244140625, 0.2412109375, 0.240234375, 0.240234375, 0.2373046875, 0.2353515625, 0.2333984375], "inds": [[176, 196], [118, 271], [653, 234], [1406, 67], [1725, 66], [1208, 76], [1205, 118], [1854, 236], [1208, 74], [1993, 193], [1831, 266], [1205, 116], [1378, 13], [1406, 111], [995, 90], [670, 291], [1811, 64], [106, 200], [400, 267], [764, 60], [303, 41], [1872, 78], [404, 34], [567, 222], [831, 129], [290, 124], [344, 285], [1618, 39], [299, 35], [1753, 95], [1621, 15], [1831, 265], [1864, 221], [1897, 128], [1327, 220], [670, 289], [1564, 154], [704, 46], [1614, 107], [309, 30], [1916, 17], [788, 174], [903, 84], [112, 157], [673, 213], [1679, 45], [723, 211], [290, 172], [1523, 12], [1685, 243], [851, 213], [142, 34], [699, 81], [1699, 104], [677, 31], [353, 23], [1620, 28], [590, 138], [949, 211], [167, 32], [699, 69], [458, 14], [449, 14], [445, 14], [137, 106], [1862, 4], [1041, 20], [415, 283], [149, 47], [1527, 118], [20, 287], [919, 28], [1350, 198], [1048, 178], [160, 14], [972, 232], [543, 92], [1955, 92], [1902, 158], [589, 106], [211, 248], [803, 86], [1585, 14], [310, 107], [188, 57], [1286, 23], [1443, 44], [810, 164], [640, 223], [54, 44], [456, 75], [967, 102], [1108, 121], [1604, 294], [58, 19], [496, 172], [1614, 222], [699, 96], [240, 98], [1428, 179]], "mean": 0.006103515625}