{"vals": [5.78125, 3.6875, 3.171875, 3.015625, 2.734375, 1.984375, 1.8828125, 1.5234375, 1.4765625, 1.328125, 1.265625, 1.1953125, 1.109375, 1.0546875, 1.015625, 0.97265625, 0.96875, 0.9453125, 0.91796875, 0.90625, 0.90625, 0.90234375, 0.890625, 0.88671875, 0.86328125, 0.84375, 0.83984375, 0.82421875, 0.81640625, 0.80078125, 0.80078125, 0.80078125, 0.796875, 0.79296875, 0.79296875, 0.7890625, 0.78515625, 0.78125, 0.7734375, 0.765625, 0.7578125, 0.7578125, 0.75390625, 0.75390625, 0.74609375, 0.73046875, 0.7265625, 0.72265625, 0.71875, 0.71484375, 0.6875, 0.6875, 0.6875, 0.6875, 0.68359375, 0.6796875, 0.66796875, 0.65625, 0.65234375, 0.65234375, 0.64453125, 0.64453125, 0.640625, 0.640625, 0.63671875, 0.6328125, 0.6328125, 0.6328125, 0.62109375, 0.62109375, 0.6171875, 0.6171875, 0.6171875, 0.61328125, 0.609375, 0.60546875, 0.60546875, 0.6015625, 0.6015625, 0.59375, 0.57421875, 0.57421875, 0.57421875, 0.5703125, 0.56640625, 0.56640625, 0.5625, 0.5625, 0.546875, 0.546875, 0.54296875, 0.5390625, 0.5390625, 0.5390625, 0.5390625, 0.53515625, 0.53125, 0.53125, 0.53125, 0.52734375], "inds": [[818, 88], [949, 299], [972, 189], [1364, 239], [131, 169], [992, 55], [949, 295], [131, 167], [972, 187], [798, 288], [714, 73], [949, 142], [367, 23], [1371, 26], [949, 149], [926, 35], [882, 92], [27, 268], [1331, 175], [1366, 65], [402, 260], [949, 146], [1013, 117], [949, 148], [1515, 214], [1331, 186], [1966, 23], [1325, 82], [1843, 48], [278, 260], [319, 273], [1136, 58], [1743, 66], [971, 64], [27, 197], [1983, 98], [2, 32], [651, 290], [1597, 135], [818, 115], [2, 122], [971, 268], [424, 269], [1604, 71], [512, 233], [179, 112], [607, 14], [1914, 125], [778, 259], [536, 73], [1364, 228], [748, 191], [702, 17], [950, 63], [748, 251], [475, 221], [1431, 64], [2, 136], [1741, 160], [1303, 104], [1600, 199], [1649, 12], [27, 5], [781, 270], [556, 10], [511, 148], [1429, 167], [1302, 222], [131, 148], [179, 203], [677, 66], [27, 151], [1225, 44], [1921, 38], [179, 111], [496, 47], [1286, 29], [469, 221], [1458, 233], [757, 16], [1390, 147], [637, 273], [1429, 66], [1478, 181], [1718, 130], [935, 210], [1615, 44], [1774, 157], [528, 109], [710, 238], [1859, 23], [1429, 242], [1081, 43], [1008, 230], [512, 168], [933, 12], [1342, 273], [319, 291], [813, 35], [1021, 263]], "mean": 0.002716064453125}