{"vals": [2.109375, 1.6796875, 1.578125, 1.5078125, 1.4921875, 1.4765625, 1.4453125, 1.359375, 1.3203125, 1.3125, 1.3046875, 1.3046875, 1.21875, 1.203125, 1.203125, 1.203125, 1.1875, 1.171875, 1.15625, 1.1484375, 1.1484375, 1.140625, 1.140625, 1.125, 1.1015625, 1.0703125, 1.0625, 1.0390625, 1.0234375, 0.98828125, 0.984375, 0.94921875, 0.9296875, 0.9296875, 0.91015625, 0.90234375, 0.88671875, 0.87109375, 0.87109375, 0.8671875, 0.86328125, 0.85546875, 0.8515625, 0.83984375, 0.83984375, 0.83203125, 0.83203125, 0.80859375, 0.796875, 0.78515625, 0.78515625, 0.78125, 0.7734375, 0.7734375, 0.75390625, 0.74609375, 0.73046875, 0.7265625, 0.71875, 0.71484375, 0.7109375, 0.70703125, 0.703125, 0.69921875, 0.6953125, 0.671875, 0.671875, 0.6640625, 0.6484375, 0.64453125, 0.64453125, 0.63671875, 0.6328125, 0.6328125, 0.625, 0.6171875, 0.6171875, 0.609375, 0.609375, 0.60546875, 0.6015625, 0.6015625, 0.59765625, 0.59765625, 0.59375, 0.5859375, 0.58203125, 0.57421875, 0.5703125, 0.5703125, 0.56640625, 0.56640625, 0.5625, 0.55859375, 0.5546875, 0.55078125, 0.55078125, 0.546875, 0.546875, 0.54296875], "inds": [[530, 142], [926, 174], [1328, 249], [407, 90], [1376, 282], [775, 121], [418, 121], [926, 221], [1829, 126], [530, 144], [530, 140], [492, 17], [1596, 211], [1829, 141], [926, 292], [536, 279], [926, 177], [1975, 74], [427, 72], [1503, 109], [1258, 202], [540, 193], [530, 145], [926, 199], [427, 197], [926, 122], [1018, 130], [471, 177], [1376, 288], [492, 31], [926, 147], [926, 286], [428, 59], [926, 132], [1691, 154], [1303, 171], [1184, 23], [926, 158], [1832, 252], [1394, 205], [1087, 54], [1723, 75], [1832, 261], [601, 262], [77, 256], [1376, 112], [1519, 54], [1857, 266], [1851, 92], [788, 186], [1039, 125], [427, 215], [530, 175], [1039, 124], [77, 225], [630, 105], [704, 299], [810, 17], [157, 25], [407, 110], [802, 260], [599, 175], [1136, 199], [298, 27], [157, 44], [426, 140], [1832, 228], [1659, 162], [231, 22], [1796, 88], [1328, 212], [1195, 58], [1614, 291], [1691, 200], [1796, 92], [599, 196], [348, 123], [1366, 265], [540, 200], [1613, 33], [1743, 252], [1659, 254], [492, 100], [104, 218], [1994, 69], [414, 169], [293, 266], [77, 203], [410, 148], [427, 208], [1276, 69], [530, 151], [1691, 123], [599, 173], [360, 269], [501, 176], [1824, 169], [775, 26], [1074, 124], [1134, 121]], "mean": 0.001708984375}