{"vals": [2.75, 2.53125, 2.109375, 1.890625, 1.7265625, 1.609375, 1.5546875, 1.5, 1.4296875, 1.34375, 1.296875, 1.2890625, 1.2890625, 1.25, 1.234375, 1.2109375, 1.1953125, 1.1796875, 1.1171875, 1.0703125, 1.0703125, 1.0703125, 1.0546875, 1.0546875, 1.0546875, 1.046875, 1.046875, 1.046875, 1.03125, 1.03125, 1.03125, 1.0234375, 1.0234375, 1.0078125, 1.0, 0.99609375, 0.984375, 0.984375, 0.9765625, 0.94921875, 0.9375, 0.93359375, 0.92578125, 0.921875, 0.921875, 0.91796875, 0.875, 0.875, 0.8671875, 0.86328125, 0.859375, 0.85546875, 0.8515625, 0.8515625, 0.84765625, 0.8359375, 0.83203125, 0.82421875, 0.8046875, 0.80078125, 0.79296875, 0.78515625, 0.7578125, 0.75390625, 0.75, 0.74609375, 0.7421875, 0.7421875, 0.734375, 0.734375, 0.734375, 0.734375, 0.71875, 0.71484375, 0.7109375, 0.70703125, 0.703125, 0.6953125, 0.69140625, 0.69140625, 0.6875, 0.6796875, 0.66796875, 0.6640625, 0.65625, 0.65234375, 0.65234375, 0.65234375, 0.640625, 0.640625, 0.63671875, 0.6328125, 0.6328125, 0.62109375, 0.62109375, 0.6171875, 0.61328125, 0.60546875, 0.60546875, 0.6015625], "inds": [[511, 152], [71, 179], [655, 134], [1243, 249], [1597, 189], [227, 113], [71, 146], [153, 174], [1821, 101], [153, 163], [821, 201], [1243, 231], [1085, 126], [71, 276], [221, 198], [1296, 255], [1639, 148], [1424, 298], [1467, 216], [793, 273], [153, 79], [576, 241], [1597, 124], [1453, 160], [1886, 166], [1243, 271], [23, 31], [1402, 176], [153, 160], [1556, 137], [1074, 183], [1386, 51], [1092, 281], [793, 288], [793, 211], [1501, 39], [271, 282], [1597, 272], [806, 254], [1632, 291], [1556, 279], [793, 187], [1556, 144], [1735, 171], [1886, 127], [272, 156], [1794, 88], [1556, 171], [1556, 176], [851, 194], [839, 87], [1556, 142], [291, 123], [1478, 112], [1243, 240], [1774, 104], [1142, 253], [1594, 211], [1886, 258], [1287, 206], [221, 197], [1686, 216], [652, 256], [996, 245], [1985, 134], [1379, 165], [1886, 201], [215, 227], [1710, 123], [1058, 176], [314, 186], [985, 242], [1478, 171], [1692, 128], [934, 253], [221, 221], [1735, 197], [992, 162], [1556, 130], [994, 145], [1556, 219], [1710, 200], [1984, 267], [1069, 228], [1443, 265], [1467, 196], [1297, 58], [1597, 285], [1886, 103], [1638, 166], [1243, 286], [552, 250], [690, 245], [518, 191], [1521, 193], [768, 118], [1450, 134], [988, 233], [280, 214], [1151, 275]], "mean": 0.0016326904296875}