{"vals": [0.875, 0.8125, 0.76171875, 0.73828125, 0.71484375, 0.70703125, 0.69921875, 0.62890625, 0.61328125, 0.61328125, 0.61328125, 0.59765625, 0.5546875, 0.55078125, 0.54296875, 0.54296875, 0.53515625, 0.52734375, 0.5234375, 0.498046875, 0.498046875, 0.494140625, 0.490234375, 0.48828125, 0.4765625, 0.4765625, 0.451171875, 0.431640625, 0.4296875, 0.4296875, 0.427734375, 0.41796875, 0.416015625, 0.412109375, 0.412109375, 0.408203125, 0.404296875, 0.400390625, 0.400390625, 0.396484375, 0.390625, 0.380859375, 0.37109375, 0.37109375, 0.3671875, 0.365234375, 0.36328125, 0.36328125, 0.361328125, 0.3515625, 0.3515625, 0.349609375, 0.34765625, 0.345703125, 0.341796875, 0.3359375, 0.333984375, 0.330078125, 0.322265625, 0.322265625, 0.322265625, 0.322265625, 0.3203125, 0.318359375, 0.31640625, 0.3125, 0.3125, 0.306640625, 0.306640625, 0.3046875, 0.3046875, 0.30078125, 0.296875, 0.2890625, 0.2890625, 0.283203125, 0.27734375, 0.275390625, 0.271484375, 0.271484375, 0.271484375, 0.271484375, 0.26953125, 0.26953125, 0.26953125, 0.267578125, 0.265625, 0.263671875, 0.263671875, 0.263671875, 0.263671875, 0.2578125, 0.2578125, 0.2578125, 0.255859375, 0.251953125, 0.25, 0.25, 0.25, 0.25], "inds": [[1725, 66], [674, 52], [56, 17], [724, 22], [601, 10], [745, 17], [560, 21], [350, 30], [1089, 12], [424, 12], [1092, 33], [821, 22], [1538, 16], [1068, 40], [1105, 14], [484, 30], [531, 17], [1077, 18], [481, 18], [677, 31], [1130, 16], [852, 64], [218, 16], [1448, 13], [1528, 13], [134, 13], [1830, 46], [1331, 52], [416, 135], [1048, 179], [1523, 69], [1240, 46], [506, 14], [775, 31], [1653, 15], [775, 80], [910, 23], [1868, 60], [1014, 34], [464, 22], [674, 179], [1043, 17], [1008, 24], [1011, 25], [652, 15], [577, 156], [1899, 32], [816, 12], [1620, 28], [1585, 14], [1148, 111], [257, 23], [1303, 170], [775, 90], [335, 12], [1188, 112], [1048, 178], [907, 10], [1072, 22], [1651, 35], [1055, 11], [1079, 24], [106, 199], [1662, 140], [1156, 127], [1536, 28], [1722, 10], [311, 14], [1991, 62], [1366, 253], [1856, 16], [1223, 13], [1601, 19], [1048, 78], [207, 15], [1180, 70], [1389, 94], [1331, 121], [963, 155], [1531, 24], [1526, 18], [595, 26], [816, 141], [1564, 144], [271, 124], [1188, 198], [1417, 12], [1450, 15], [499, 25], [1285, 171], [599, 52], [1375, 12], [80, 245], [788, 84], [1137, 19], [238, 165], [1088, 15], [272, 21], [916, 267], [585, 24]], "mean": 0.0027923583984375}