{"vals": [5.28125, 1.21875, 1.109375, 1.046875, 0.94140625, 0.91796875, 0.875, 0.82421875, 0.640625, 0.57421875, 0.5546875, 0.54296875, 0.5078125, 0.453125, 0.451171875, 0.4375, 0.427734375, 0.412109375, 0.39453125, 0.390625, 0.384765625, 0.37890625, 0.376953125, 0.375, 0.369140625, 0.365234375, 0.365234375, 0.365234375, 0.365234375, 0.365234375, 0.36328125, 0.359375, 0.359375, 0.359375, 0.3515625, 0.34375, 0.341796875, 0.337890625, 0.33203125, 0.326171875, 0.322265625, 0.322265625, 0.318359375, 0.31640625, 0.310546875, 0.302734375, 0.296875, 0.296875, 0.291015625, 0.2890625, 0.2890625, 0.2890625, 0.287109375, 0.287109375, 0.28515625, 0.283203125, 0.28125, 0.28125, 0.28125, 0.279296875, 0.27734375, 0.2734375, 0.271484375, 0.26953125, 0.267578125, 0.26171875, 0.259765625, 0.259765625, 0.25390625, 0.25390625, 0.25390625, 0.25, 0.25, 0.25, 0.25, 0.244140625, 0.2431640625, 0.2431640625, 0.2421875, 0.2421875, 0.2412109375, 0.240234375, 0.23828125, 0.2373046875, 0.2353515625, 0.232421875, 0.232421875, 0.2275390625, 0.2275390625, 0.2275390625, 0.224609375, 0.224609375, 0.2236328125, 0.2236328125, 0.2236328125, 0.2216796875, 0.220703125, 0.21875, 0.216796875, 0.2158203125], "inds": [[134, 13], [1375, 12], [816, 12], [880, 13], [350, 36], [536, 161], [1170, 28], [1088, 15], [1697, 15], [1160, 26], [385, 12], [1957, 10], [401, 12], [548, 90], [400, 12], [351, 11], [1130, 177], [536, 193], [392, 141], [403, 10], [242, 13], [1326, 135], [536, 172], [102, 12], [536, 129], [402, 4], [1017, 4], [1034, 4], [1978, 4], [1016, 4], [160, 14], [517, 19], [1285, 27], [95, 224], [690, 17], [453, 75], [1326, 153], [134, 29], [905, 88], [20, 67], [1651, 35], [458, 57], [453, 294], [1120, 18], [1358, 37], [971, 133], [1528, 13], [1269, 18], [1830, 235], [445, 71], [533, 255], [98, 16], [1013, 14], [1243, 105], [1134, 161], [689, 28], [1614, 208], [1129, 241], [1985, 49], [412, 16], [1129, 113], [632, 37], [1876, 24], [1277, 93], [702, 23], [310, 14], [1622, 11], [196, 132], [52, 24], [1320, 83], [1285, 23], [1009, 10], [1830, 108], [1010, 10], [1012, 10], [971, 105], [413, 259], [455, 16], [42, 166], [1130, 180], [309, 100], [453, 263], [1631, 186], [1056, 15], [846, 23], [1568, 12], [392, 103], [1523, 12], [309, 95], [1428, 136], [410, 76], [646, 174], [1208, 119], [1984, 272], [1611, 72], [1243, 87], [453, 283], [599, 52], [1133, 96], [1174, 178]], "mean": 0.00130462646484375}