{"vals": [8.125, 7.40625, 7.28125, 6.9375, 6.78125, 6.71875, 6.625, 6.5, 5.1875, 4.875, 4.78125, 4.75, 4.65625, 4.65625, 4.625, 4.40625, 4.3125, 4.28125, 3.953125, 3.953125, 3.953125, 3.9375, 3.875, 3.71875, 3.625, 3.546875, 3.5, 3.484375, 3.453125, 3.421875, 3.375, 3.359375, 3.296875, 3.265625, 3.21875, 3.1875, 3.171875, 3.15625, 3.15625, 3.15625, 3.09375, 3.078125, 3.0625, 3.0625, 3.03125, 3.03125, 3.015625, 3.0, 3.0, 2.96875, 2.9375, 2.921875, 2.921875, 2.921875, 2.890625, 2.875, 2.828125, 2.828125, 2.8125, 2.8125, 2.8125, 2.796875, 2.78125, 2.78125, 2.71875, 2.71875, 2.65625, 2.640625, 2.609375, 2.59375, 2.59375, 2.5625, 2.46875, 2.46875, 2.453125, 2.4375, 2.4375, 2.421875, 2.421875, 2.390625, 2.375, 2.359375, 2.359375, 2.328125, 2.3125, 2.28125, 2.28125, 2.25, 2.234375, 2.234375, 2.21875, 2.203125, 2.203125, 2.203125, 2.1875, 2.171875, 2.171875, 2.15625, 2.140625, 2.140625], "inds": [[456, 71], [1151, 56], [350, 31], [1148, 287], [175, 49], [453, 61], [257, 16], [1220, 57], [307, 23], [1173, 165], [1440, 17], [456, 43], [149, 266], [216, 146], [715, 75], [1025, 104], [1663, 22], [926, 149], [1148, 251], [127, 78], [115, 20], [303, 198], [1591, 147], [453, 33], [791, 52], [216, 77], [1151, 22], [1210, 187], [257, 29], [98, 136], [793, 158], [1521, 17], [679, 21], [722, 42], [1227, 51], [1475, 68], [1227, 32], [530, 63], [1537, 37], [98, 82], [303, 85], [919, 28], [1684, 63], [402, 68], [1588, 292], [1522, 260], [1591, 125], [1394, 21], [1591, 299], [1347, 19], [149, 65], [1874, 55], [1591, 240], [831, 108], [788, 61], [1614, 148], [1350, 66], [1809, 115], [723, 195], [1274, 14], [1204, 142], [788, 125], [950, 36], [1032, 49], [1890, 187], [651, 253], [1705, 30], [1022, 143], [405, 13], [216, 34], [1147, 27], [103, 38], [458, 96], [1377, 57], [239, 21], [780, 68], [1151, 37], [896, 127], [1148, 67], [107, 65], [1210, 202], [1051, 10], [1591, 166], [1797, 15], [1784, 15], [149, 278], [1512, 16], [1146, 23], [1909, 299], [1031, 15], [1022, 75], [1636, 12], [1591, 56], [1173, 23], [2, 66], [1045, 9], [445, 128], [1148, 176], [1647, 260], [1259, 32]], "mean": 0.0078125}