{"vals": [3.96875, 2.71875, 2.484375, 2.140625, 2.125, 2.109375, 2.078125, 2.078125, 2.046875, 1.984375, 1.9609375, 1.9296875, 1.796875, 1.7578125, 1.734375, 1.4140625, 1.3984375, 1.390625, 1.359375, 1.359375, 1.359375, 1.359375, 1.3515625, 1.3515625, 1.3359375, 1.3046875, 1.2578125, 1.2421875, 1.2421875, 1.2421875, 1.203125, 1.203125, 1.1875, 1.1640625, 1.1171875, 1.09375, 1.0703125, 1.0546875, 1.046875, 0.984375, 0.96484375, 0.95703125, 0.953125, 0.953125, 0.94140625, 0.9296875, 0.92578125, 0.92578125, 0.92578125, 0.921875, 0.9140625, 0.9140625, 0.91015625, 0.90625, 0.90625, 0.88671875, 0.8671875, 0.86328125, 0.859375, 0.83984375, 0.83203125, 0.82421875, 0.8203125, 0.8203125, 0.8203125, 0.8125, 0.8125, 0.8046875, 0.80078125, 0.80078125, 0.79296875, 0.78515625, 0.77734375, 0.77734375, 0.76953125, 0.75390625, 0.75, 0.74609375, 0.73828125, 0.73046875, 0.71484375, 0.70703125, 0.69140625, 0.69140625, 0.6875, 0.68359375, 0.6796875, 0.67578125, 0.6640625, 0.66015625, 0.65625, 0.65234375, 0.6484375, 0.6484375, 0.64453125, 0.64453125, 0.640625, 0.63671875, 0.6328125, 0.6328125], "inds": [[406, 257], [835, 17], [1679, 60], [1079, 23], [450, 10], [903, 37], [1614, 284], [54, 30], [645, 19], [1210, 239], [482, 35], [242, 13], [891, 38], [1298, 165], [451, 37], [1680, 26], [1566, 36], [831, 81], [903, 35], [1726, 61], [1299, 30], [598, 234], [1864, 221], [897, 19], [729, 18], [1392, 23], [818, 113], [1904, 50], [236, 247], [1887, 27], [1639, 41], [151, 266], [630, 39], [1614, 52], [236, 179], [863, 22], [236, 97], [435, 35], [903, 85], [831, 44], [997, 11], [815, 12], [1038, 15], [236, 279], [1595, 15], [406, 78], [406, 87], [891, 21], [1298, 50], [1904, 79], [236, 248], [1223, 13], [1099, 184], [80, 16], [1631, 61], [572, 14], [1598, 21], [831, 67], [377, 34], [547, 15], [1389, 125], [1869, 82], [1169, 15], [903, 84], [609, 42], [885, 29], [1406, 119], [1444, 185], [1891, 15], [236, 258], [831, 97], [918, 14], [921, 11], [720, 35], [1116, 19], [170, 15], [1902, 76], [236, 195], [1766, 18], [435, 160], [1537, 20], [236, 280], [434, 151], [1048, 172], [1444, 188], [857, 61], [1639, 75], [831, 38], [543, 51], [857, 42], [1180, 148], [1871, 32], [1361, 13], [835, 77], [877, 40], [236, 281], [429, 13], [1797, 15], [98, 31], [1395, 16]], "mean": 0.00274658203125}