{"vals": [6.03125, 4.53125, 3.5, 3.171875, 2.953125, 2.546875, 2.40625, 1.609375, 1.59375, 1.390625, 1.2421875, 1.1875, 1.1796875, 1.140625, 1.125, 1.0546875, 1.03125, 1.015625, 1.0078125, 0.99609375, 0.9765625, 0.9765625, 0.9296875, 0.92578125, 0.91796875, 0.91015625, 0.8671875, 0.8671875, 0.83984375, 0.8125, 0.80859375, 0.80078125, 0.80078125, 0.73828125, 0.73828125, 0.72265625, 0.72265625, 0.69140625, 0.68359375, 0.67578125, 0.64453125, 0.640625, 0.62890625, 0.62109375, 0.6015625, 0.6015625, 0.5859375, 0.58203125, 0.57421875, 0.57421875, 0.5703125, 0.56640625, 0.55859375, 0.55859375, 0.5546875, 0.55078125, 0.55078125, 0.5390625, 0.53125, 0.51953125, 0.515625, 0.515625, 0.515625, 0.515625, 0.51171875, 0.5078125, 0.5078125, 0.4921875, 0.4921875, 0.48828125, 0.48828125, 0.478515625, 0.474609375, 0.47265625, 0.46484375, 0.46484375, 0.462890625, 0.462890625, 0.458984375, 0.45703125, 0.45703125, 0.453125, 0.44921875, 0.443359375, 0.443359375, 0.439453125, 0.439453125, 0.4375, 0.4375, 0.427734375, 0.42578125, 0.42578125, 0.4140625, 0.412109375, 0.408203125, 0.408203125, 0.40234375, 0.400390625, 0.396484375, 0.390625], "inds": [[1022, 32], [71, 135], [1962, 186], [1545, 20], [625, 32], [103, 23], [1452, 131], [682, 61], [1331, 68], [38, 19], [1694, 206], [363, 12], [408, 20], [1948, 43], [460, 14], [352, 137], [918, 69], [647, 17], [20, 28], [839, 18], [543, 147], [174, 122], [1786, 47], [880, 221], [880, 220], [1821, 138], [958, 121], [1648, 283], [1950, 15], [1913, 18], [346, 18], [176, 195], [600, 40], [1686, 12], [1600, 20], [912, 67], [721, 150], [1725, 66], [1746, 141], [1432, 37], [20, 52], [352, 115], [160, 14], [1579, 14], [1973, 238], [1678, 44], [743, 270], [299, 45], [1746, 137], [1925, 231], [369, 101], [176, 283], [918, 89], [1083, 293], [1959, 131], [1338, 246], [352, 93], [122, 18], [1601, 129], [543, 84], [1620, 75], [891, 50], [995, 218], [607, 66], [615, 17], [962, 14], [158, 94], [792, 98], [638, 14], [650, 53], [685, 217], [620, 278], [1406, 67], [1509, 202], [1367, 152], [1208, 76], [985, 28], [279, 207], [1766, 74], [1205, 118], [656, 171], [1198, 30], [1198, 127], [845, 70], [802, 110], [1988, 259], [1189, 188], [1474, 92], [995, 217], [1130, 16], [1262, 134], [1067, 19], [1746, 46], [530, 183], [1954, 255], [1844, 75], [1076, 13], [1239, 166], [808, 263], [798, 117]], "mean": 0.002349853515625}