{"vals": [6.375, 4.21875, 4.21875, 4.15625, 3.28125, 3.15625, 2.53125, 2.171875, 2.109375, 2.09375, 2.078125, 2.0, 1.984375, 1.8671875, 1.7265625, 1.6484375, 1.578125, 1.46875, 1.328125, 1.328125, 1.2890625, 1.2890625, 1.25, 1.2421875, 1.1953125, 1.171875, 1.1640625, 1.1328125, 1.1171875, 1.0859375, 1.015625, 0.94921875, 0.93359375, 0.88671875, 0.85546875, 0.84765625, 0.80859375, 0.796875, 0.7734375, 0.7578125, 0.7578125, 0.74609375, 0.7265625, 0.72265625, 0.71875, 0.71484375, 0.7109375, 0.703125, 0.69921875, 0.6875, 0.6875, 0.68359375, 0.65234375, 0.64453125, 0.625, 0.625, 0.625, 0.625, 0.62109375, 0.61328125, 0.609375, 0.609375, 0.60546875, 0.59765625, 0.58984375, 0.58203125, 0.5703125, 0.56640625, 0.5625, 0.55859375, 0.546875, 0.54296875, 0.54296875, 0.53515625, 0.53125, 0.52734375, 0.52734375, 0.5234375, 0.515625, 0.515625, 0.51171875, 0.51171875, 0.50390625, 0.49609375, 0.494140625, 0.4921875, 0.490234375, 0.484375, 0.48046875, 0.4765625, 0.470703125, 0.46875, 0.466796875, 0.46484375, 0.462890625, 0.458984375, 0.458984375, 0.451171875, 0.44921875, 0.447265625], "inds": [[1298, 53], [714, 108], [645, 282], [645, 208], [268, 60], [645, 297], [892, 81], [609, 261], [626, 50], [670, 60], [103, 252], [435, 87], [27, 240], [1866, 35], [1180, 148], [513, 16], [1128, 102], [27, 257], [1955, 26], [1299, 34], [268, 72], [106, 117], [462, 20], [1770, 51], [435, 139], [1582, 29], [1768, 51], [1566, 52], [435, 91], [330, 39], [1792, 38], [250, 8], [1179, 34], [1683, 23], [1996, 45], [645, 194], [803, 284], [271, 124], [1315, 142], [891, 38], [27, 76], [1739, 31], [1691, 89], [997, 151], [1402, 79], [1254, 17], [244, 142], [1128, 40], [845, 293], [995, 230], [996, 34], [963, 159], [400, 209], [400, 128], [367, 23], [257, 271], [948, 127], [609, 97], [1627, 164], [1314, 54], [1141, 41], [1071, 35], [1537, 20], [1904, 79], [1748, 235], [858, 39], [1691, 65], [57, 59], [329, 174], [204, 83], [1920, 44], [636, 29], [1443, 26], [681, 51], [1972, 217], [4, 19], [650, 28], [609, 267], [1549, 210], [891, 21], [803, 283], [1680, 23], [1094, 27], [1532, 288], [451, 37], [714, 149], [115, 20], [995, 232], [1776, 21], [1382, 198], [1566, 40], [1748, 255], [1614, 61], [110, 246], [158, 94], [948, 121], [473, 16], [1752, 14], [26, 89], [625, 45]], "mean": 0.00518798828125}