{"vals": [5.0, 4.40625, 3.703125, 3.453125, 3.34375, 3.0, 2.734375, 2.640625, 2.421875, 2.40625, 2.359375, 2.34375, 2.3125, 2.265625, 2.21875, 2.171875, 2.171875, 2.078125, 2.0625, 2.03125, 2.03125, 2.0, 1.9921875, 1.9453125, 1.921875, 1.8671875, 1.8515625, 1.828125, 1.8046875, 1.7890625, 1.7578125, 1.75, 1.75, 1.734375, 1.71875, 1.7109375, 1.6953125, 1.6796875, 1.671875, 1.6640625, 1.6484375, 1.640625, 1.6171875, 1.5859375, 1.5625, 1.5625, 1.5546875, 1.5546875, 1.546875, 1.5390625, 1.515625, 1.515625, 1.515625, 1.4921875, 1.4921875, 1.484375, 1.484375, 1.46875, 1.453125, 1.453125, 1.4453125, 1.4453125, 1.4375, 1.4375, 1.4375, 1.4296875, 1.421875, 1.4140625, 1.4140625, 1.4140625, 1.4140625, 1.40625, 1.3984375, 1.3984375, 1.3984375, 1.390625, 1.390625, 1.3828125, 1.3828125, 1.3828125, 1.3828125, 1.3828125, 1.3828125, 1.3671875, 1.3671875, 1.3515625, 1.3515625, 1.3515625, 1.34375, 1.34375, 1.34375, 1.3359375, 1.328125, 1.328125, 1.3203125, 1.3203125, 1.3125, 1.3125, 1.3046875, 1.3046875], "inds": [[651, 175], [651, 148], [406, 98], [831, 121], [1280, 212], [406, 216], [831, 129], [1779, 80], [406, 97], [406, 193], [98, 162], [1770, 194], [897, 66], [645, 97], [1774, 51], [897, 180], [927, 30], [1779, 111], [1118, 58], [406, 100], [645, 155], [406, 266], [44, 92], [1280, 209], [1280, 123], [1639, 77], [1280, 242], [1299, 298], [1205, 269], [406, 248], [406, 87], [996, 215], [897, 65], [645, 83], [1499, 123], [54, 155], [1972, 45], [1148, 85], [897, 37], [676, 185], [698, 61], [1280, 168], [897, 231], [1738, 221], [1738, 197], [1270, 53], [794, 265], [715, 21], [332, 57], [897, 293], [1254, 285], [98, 284], [406, 110], [1849, 101], [1770, 151], [186, 201], [645, 93], [12, 83], [1445, 268], [1445, 114], [246, 57], [897, 243], [519, 113], [1738, 297], [1162, 245], [728, 164], [44, 99], [728, 214], [1584, 65], [1095, 258], [305, 144], [44, 87], [1468, 245], [1116, 242], [38, 270], [174, 48], [1270, 14], [12, 78], [1280, 119], [1488, 227], [1680, 26], [186, 230], [1639, 173], [236, 248], [1298, 144], [576, 273], [728, 167], [322, 294], [1779, 194], [44, 104], [1280, 268], [728, 163], [897, 103], [1718, 287], [879, 124], [1445, 59], [835, 140], [794, 182], [236, 280], [5, 138]], "mean": 0.0125732421875}