{"vals": [1.984375, 1.3125, 1.1875, 1.1640625, 1.1015625, 1.0859375, 1.0859375, 1.0859375, 1.0234375, 1.015625, 1.0078125, 1.0078125, 0.9609375, 0.93359375, 0.90625, 0.8984375, 0.8984375, 0.89453125, 0.890625, 0.88671875, 0.8828125, 0.859375, 0.8515625, 0.83984375, 0.8359375, 0.8359375, 0.8359375, 0.82421875, 0.82421875, 0.81640625, 0.8125, 0.796875, 0.796875, 0.79296875, 0.79296875, 0.7890625, 0.78125, 0.7734375, 0.76953125, 0.76953125, 0.76953125, 0.7578125, 0.75390625, 0.75390625, 0.75390625, 0.75, 0.74609375, 0.74609375, 0.7421875, 0.7421875, 0.7421875, 0.73828125, 0.73828125, 0.73828125, 0.734375, 0.72265625, 0.71875, 0.71875, 0.71875, 0.71484375, 0.71484375, 0.7109375, 0.7109375, 0.7109375, 0.703125, 0.703125, 0.703125, 0.69921875, 0.6953125, 0.69140625, 0.6875, 0.68359375, 0.68359375, 0.68359375, 0.68359375, 0.68359375, 0.6796875, 0.6796875, 0.6796875, 0.6796875, 0.66796875, 0.6640625, 0.6640625, 0.6640625, 0.6640625, 0.66015625, 0.65625, 0.65625, 0.65234375, 0.65234375, 0.6484375, 0.6484375, 0.6484375, 0.64453125, 0.64453125, 0.640625, 0.640625, 0.640625, 0.63671875, 0.63671875], "inds": [[1010, 18], [1660, 169], [231, 102], [1893, 51], [532, 16], [1205, 296], [714, 237], [473, 11], [406, 175], [699, 70], [909, 71], [22, 206], [231, 77], [816, 141], [1539, 26], [1050, 133], [1285, 183], [1611, 178], [1358, 283], [795, 8], [74, 114], [128, 129], [62, 119], [292, 162], [945, 147], [934, 112], [1631, 162], [1539, 23], [1010, 33], [552, 29], [1618, 68], [1197, 191], [945, 145], [449, 221], [1566, 68], [1631, 297], [900, 272], [1662, 140], [945, 169], [1188, 239], [832, 100], [1010, 271], [582, 50], [1358, 256], [1352, 215], [1282, 43], [989, 91], [1129, 30], [1215, 126], [456, 153], [837, 269], [1614, 231], [865, 120], [551, 217], [303, 58], [297, 231], [297, 207], [634, 49], [533, 146], [241, 49], [226, 224], [1479, 190], [231, 212], [22, 101], [310, 55], [1365, 187], [1568, 44], [909, 128], [532, 120], [1121, 193], [340, 6], [979, 85], [410, 10], [1173, 280], [1830, 235], [576, 210], [406, 91], [1622, 8], [1576, 78], [967, 270], [800, 75], [1904, 11], [974, 67], [1131, 212], [1016, 45], [1662, 80], [385, 104], [943, 170], [967, 157], [458, 46], [536, 79], [967, 58], [748, 79], [865, 9], [558, 140], [1170, 218], [297, 145], [469, 29], [1016, 78], [1326, 134]], "mean": 0.020751953125}