{"vals": [2.78125, 2.34375, 1.6796875, 1.46875, 1.265625, 1.21875, 1.0859375, 1.0234375, 0.87890625, 0.87109375, 0.8515625, 0.83984375, 0.796875, 0.77734375, 0.7734375, 0.734375, 0.73046875, 0.71875, 0.7109375, 0.7109375, 0.68359375, 0.67578125, 0.66796875, 0.66015625, 0.640625, 0.62890625, 0.62890625, 0.625, 0.625, 0.6171875, 0.6171875, 0.6015625, 0.6015625, 0.59375, 0.58984375, 0.5703125, 0.55859375, 0.55078125, 0.546875, 0.546875, 0.546875, 0.5390625, 0.5390625, 0.53125, 0.53125, 0.52734375, 0.5234375, 0.51171875, 0.498046875, 0.498046875, 0.484375, 0.4765625, 0.474609375, 0.46875, 0.46875, 0.466796875, 0.46484375, 0.4609375, 0.4609375, 0.458984375, 0.45703125, 0.45703125, 0.455078125, 0.455078125, 0.453125, 0.453125, 0.453125, 0.451171875, 0.44921875, 0.447265625, 0.4453125, 0.44140625, 0.44140625, 0.439453125, 0.4375, 0.435546875, 0.43359375, 0.431640625, 0.431640625, 0.431640625, 0.4296875, 0.427734375, 0.421875, 0.41796875, 0.41796875, 0.416015625, 0.416015625, 0.4140625, 0.412109375, 0.412109375, 0.412109375, 0.412109375, 0.41015625, 0.41015625, 0.41015625, 0.408203125, 0.408203125, 0.408203125, 0.40625, 0.40625], "inds": [[372, 216], [64, 226], [1358, 12], [567, 222], [1725, 66], [1068, 229], [54, 200], [771, 186], [482, 35], [1813, 112], [599, 201], [188, 64], [1378, 14], [194, 240], [1358, 224], [530, 64], [771, 159], [400, 235], [633, 160], [329, 60], [1614, 264], [1014, 179], [967, 132], [633, 115], [194, 114], [568, 199], [1585, 71], [1504, 291], [817, 260], [188, 65], [198, 296], [1358, 253], [156, 192], [1218, 25], [194, 221], [369, 104], [909, 108], [483, 62], [1128, 152], [827, 151], [584, 207], [1240, 113], [589, 194], [1910, 84], [239, 120], [600, 81], [1128, 283], [1168, 59], [1236, 106], [306, 61], [1717, 271], [188, 106], [685, 227], [827, 268], [198, 96], [589, 293], [674, 52], [1717, 240], [64, 210], [1992, 272], [1717, 245], [1358, 140], [306, 129], [403, 210], [1240, 275], [194, 53], [600, 296], [633, 245], [909, 71], [1128, 95], [1013, 145], [1198, 239], [1854, 150], [1846, 144], [748, 119], [1011, 164], [754, 153], [936, 24], [999, 95], [1358, 183], [1601, 158], [1358, 252], [932, 146], [1330, 33], [1128, 164], [1963, 105], [1839, 124], [1965, 119], [1064, 167], [1389, 94], [932, 128], [412, 147], [1616, 233], [369, 106], [64, 222], [723, 211], [999, 221], [1402, 240], [802, 181], [999, 196]], "mean": 0.005340576171875}