{"vals": [11.6875, 4.15625, 3.75, 3.46875, 3.4375, 3.328125, 3.109375, 2.890625, 2.859375, 2.84375, 2.8125, 2.515625, 2.453125, 2.390625, 2.328125, 2.3125, 2.203125, 1.90625, 1.8828125, 1.859375, 1.8515625, 1.8359375, 1.8125, 1.7421875, 1.6875, 1.6171875, 1.5625, 1.53125, 1.421875, 1.4140625, 1.359375, 1.3359375, 1.265625, 1.2578125, 1.25, 1.203125, 1.1796875, 1.1015625, 1.1015625, 1.0546875, 1.046875, 1.03125, 1.0234375, 1.0234375, 1.0078125, 1.0078125, 1.0, 0.98828125, 0.9765625, 0.9453125, 0.9375, 0.9296875, 0.9140625, 0.90625, 0.8984375, 0.88671875, 0.88671875, 0.87890625, 0.8671875, 0.859375, 0.85546875, 0.8515625, 0.84765625, 0.8359375, 0.828125, 0.82421875, 0.8203125, 0.8046875, 0.8046875, 0.80078125, 0.796875, 0.77734375, 0.76171875, 0.7578125, 0.7421875, 0.73046875, 0.72265625, 0.71484375, 0.7109375, 0.70703125, 0.703125, 0.69921875, 0.69140625, 0.6796875, 0.66796875, 0.6640625, 0.6640625, 0.65234375, 0.6484375, 0.63671875, 0.62890625, 0.625, 0.62109375, 0.62109375, 0.6171875, 0.61328125, 0.61328125, 0.609375, 0.6015625, 0.6015625], "inds": [[716, 246], [271, 188], [1034, 92], [1752, 14], [1274, 261], [891, 37], [1299, 34], [1965, 296], [1001, 53], [139, 247], [552, 36], [1343, 105], [892, 81], [1280, 21], [589, 101], [1502, 138], [1527, 61], [674, 12], [1838, 30], [913, 13], [903, 36], [589, 189], [451, 24], [451, 23], [589, 100], [374, 143], [1880, 27], [963, 51], [370, 202], [645, 194], [293, 87], [1816, 72], [1455, 232], [856, 67], [1923, 58], [1476, 122], [1382, 183], [1129, 43], [1748, 239], [319, 50], [1576, 102], [471, 15], [279, 31], [748, 31], [728, 20], [748, 80], [900, 69], [171, 161], [989, 196], [1576, 100], [1253, 120], [1303, 170], [1811, 56], [558, 265], [1124, 44], [1502, 137], [590, 240], [582, 77], [255, 60], [95, 278], [473, 16], [1508, 87], [1792, 93], [69, 130], [581, 11], [1055, 46], [1284, 116], [589, 104], [590, 241], [1614, 202], [458, 145], [528, 62], [1170, 166], [43, 89], [1713, 267], [271, 32], [43, 65], [892, 272], [512, 46], [948, 121], [1128, 77], [271, 124], [1897, 163], [310, 108], [1214, 31], [744, 149], [1576, 82], [590, 192], [484, 130], [748, 267], [890, 101], [1649, 12], [589, 99], [949, 205], [1790, 135], [1623, 138], [1323, 88], [1298, 15], [974, 264], [179, 111]], "mean": 0.0021514892578125}