{"vals": [6.53125, 6.5, 4.84375, 4.75, 4.75, 4.53125, 4.3125, 4.1875, 3.671875, 2.96875, 2.953125, 2.90625, 2.890625, 2.859375, 2.8125, 2.765625, 2.71875, 2.71875, 2.625, 2.578125, 2.453125, 2.390625, 2.265625, 2.15625, 2.15625, 2.15625, 2.09375, 2.046875, 2.03125, 2.015625, 1.9765625, 1.875, 1.8359375, 1.828125, 1.796875, 1.7734375, 1.7421875, 1.6875, 1.6796875, 1.6796875, 1.625, 1.6171875, 1.5859375, 1.5703125, 1.5078125, 1.5, 1.4765625, 1.4765625, 1.453125, 1.421875, 1.421875, 1.4140625, 1.3984375, 1.390625, 1.359375, 1.3515625, 1.3515625, 1.34375, 1.3359375, 1.265625, 1.25, 1.203125, 1.1875, 1.15625, 1.15625, 1.140625, 1.1328125, 1.125, 1.125, 1.125, 1.125, 1.125, 1.1171875, 1.1171875, 1.109375, 1.109375, 1.109375, 1.109375, 1.109375, 1.0859375, 1.078125, 1.078125, 1.078125, 1.0703125, 1.0703125, 1.0625, 1.046875, 1.046875, 1.0390625, 1.0390625, 1.03125, 1.0234375, 1.0234375, 1.0234375, 1.0234375, 1.0078125, 1.0078125, 1.0, 0.9921875, 0.9765625], "inds": [[460, 14], [1301, 45], [404, 160], [1301, 46], [861, 14], [1486, 71], [1001, 53], [460, 10], [1556, 94], [1210, 159], [228, 51], [1062, 299], [431, 256], [1629, 254], [790, 28], [1624, 252], [855, 210], [1518, 11], [471, 15], [1657, 153], [1227, 51], [849, 41], [674, 222], [1684, 13], [252, 67], [902, 127], [540, 13], [728, 53], [651, 86], [1476, 19], [763, 131], [448, 15], [1990, 129], [543, 183], [1501, 15], [728, 52], [1984, 236], [1576, 137], [530, 26], [260, 12], [1791, 186], [1124, 159], [1629, 138], [1381, 13], [404, 164], [1556, 48], [728, 59], [1433, 15], [1838, 31], [1334, 10], [413, 92], [728, 205], [442, 11], [406, 81], [1096, 20], [671, 7], [669, 7], [967, 59], [1301, 54], [1058, 137], [308, 34], [646, 64], [1527, 204], [856, 52], [530, 45], [1576, 92], [1301, 14], [1568, 38], [736, 18], [1476, 46], [1624, 136], [6, 217], [1612, 126], [1556, 64], [1388, 16], [460, 21], [257, 129], [1916, 158], [1387, 16], [416, 284], [246, 14], [895, 100], [728, 49], [301, 66], [1990, 252], [556, 19], [1389, 11], [728, 231], [1141, 93], [849, 40], [1231, 226], [1629, 120], [137, 183], [846, 15], [784, 62], [971, 19], [1476, 49], [1188, 111], [674, 11], [728, 50]], "mean": 0.0037384033203125}