{"vals": [7.0625, 4.5625, 3.0625, 2.265625, 2.234375, 2.15625, 2.09375, 2.03125, 2.015625, 2.015625, 1.953125, 1.8359375, 1.828125, 1.6796875, 1.6796875, 1.671875, 1.59375, 1.59375, 1.5390625, 1.5390625, 1.53125, 1.5234375, 1.5234375, 1.4453125, 1.359375, 1.3203125, 1.2890625, 1.25, 1.2265625, 1.21875, 1.1953125, 1.1875, 1.1875, 1.0859375, 1.0625, 1.0390625, 1.0390625, 1.03125, 0.984375, 0.953125, 0.94921875, 0.890625, 0.8828125, 0.87109375, 0.87109375, 0.8671875, 0.86328125, 0.859375, 0.85546875, 0.8515625, 0.84765625, 0.84375, 0.828125, 0.82421875, 0.8203125, 0.8203125, 0.8203125, 0.8125, 0.80859375, 0.80078125, 0.79296875, 0.7890625, 0.77734375, 0.74609375, 0.7421875, 0.734375, 0.734375, 0.73046875, 0.7265625, 0.7265625, 0.7265625, 0.71875, 0.71484375, 0.703125, 0.69140625, 0.6875, 0.6875, 0.68359375, 0.68359375, 0.67578125, 0.671875, 0.671875, 0.6640625, 0.65234375, 0.6484375, 0.64453125, 0.64453125, 0.640625, 0.640625, 0.63671875, 0.63671875, 0.63671875, 0.625, 0.62109375, 0.6171875, 0.6171875, 0.609375, 0.609375, 0.60546875, 0.6015625], "inds": [[90, 18], [1560, 208], [1813, 10], [717, 197], [1585, 237], [462, 125], [1806, 136], [377, 39], [374, 76], [728, 20], [579, 212], [1383, 53], [1291, 28], [819, 88], [599, 194], [90, 36], [1387, 11], [1388, 11], [98, 52], [98, 51], [857, 12], [857, 41], [1545, 73], [1128, 40], [1803, 214], [949, 242], [1904, 79], [818, 24], [98, 159], [528, 150], [857, 9], [723, 55], [948, 121], [1468, 255], [1208, 45], [1792, 93], [1062, 273], [1389, 11], [748, 80], [1803, 215], [1843, 62], [971, 50], [98, 47], [349, 223], [949, 227], [387, 29], [1741, 191], [1523, 287], [1830, 246], [679, 21], [717, 194], [1614, 61], [98, 48], [1543, 17], [1545, 72], [651, 19], [90, 224], [1178, 118], [803, 219], [818, 23], [705, 38], [674, 12], [424, 70], [387, 50], [599, 198], [319, 50], [1410, 48], [1445, 118], [1859, 27], [1790, 134], [1102, 104], [1468, 244], [1270, 12], [480, 20], [1174, 163], [617, 99], [656, 87], [1405, 14], [902, 127], [1222, 19], [873, 21], [645, 297], [1284, 72], [462, 127], [1903, 162], [806, 147], [106, 121], [512, 109], [280, 46], [543, 18], [1333, 128], [166, 298], [650, 85], [1061, 151], [694, 133], [307, 144], [1202, 254], [791, 186], [616, 66], [1748, 239]], "mean": 0.003143310546875}