{"vals": [8.3125, 6.03125, 5.5, 4.4375, 4.40625, 4.21875, 3.765625, 3.609375, 3.078125, 2.953125, 2.8125, 2.578125, 2.328125, 2.28125, 2.28125, 2.09375, 1.96875, 1.8125, 1.6953125, 1.6875, 1.6171875, 1.5390625, 1.5234375, 1.5, 1.4296875, 1.3671875, 1.328125, 1.3125, 1.296875, 1.2421875, 1.2421875, 1.078125, 1.0703125, 1.0625, 1.0546875, 1.0390625, 1.03125, 1.015625, 1.015625, 1.0078125, 0.9765625, 0.94921875, 0.9140625, 0.90625, 0.88671875, 0.8828125, 0.8359375, 0.828125, 0.81640625, 0.8125, 0.80859375, 0.7890625, 0.7421875, 0.73828125, 0.7265625, 0.7265625, 0.71875, 0.703125, 0.6953125, 0.6953125, 0.6953125, 0.671875, 0.671875, 0.66796875, 0.6640625, 0.66015625, 0.65625, 0.65625, 0.65234375, 0.65234375, 0.63671875, 0.63671875, 0.6328125, 0.6328125, 0.625, 0.6171875, 0.6015625, 0.6015625, 0.6015625, 0.59375, 0.58984375, 0.5859375, 0.5859375, 0.58203125, 0.578125, 0.578125, 0.5625, 0.5625, 0.55859375, 0.5546875, 0.5546875, 0.5546875, 0.5546875, 0.55078125, 0.55078125, 0.55078125, 0.55078125, 0.546875, 0.5390625, 0.5390625], "inds": [[164, 13], [241, 50], [1904, 79], [512, 97], [972, 106], [43, 89], [918, 71], [319, 50], [1428, 66], [1428, 149], [1001, 53], [609, 267], [651, 86], [1887, 20], [1225, 190], [167, 18], [1243, 82], [972, 111], [1458, 230], [1805, 74], [831, 151], [1691, 65], [1284, 116], [694, 132], [20, 34], [1382, 183], [1539, 39], [1982, 18], [1639, 104], [1225, 44], [1882, 18], [42, 167], [841, 25], [818, 115], [1708, 49], [203, 21], [899, 7], [293, 87], [892, 79], [147, 13], [54, 30], [1296, 26], [1228, 13], [1141, 35], [837, 24], [404, 100], [462, 125], [552, 110], [1897, 193], [1790, 135], [1806, 227], [43, 65], [435, 175], [1458, 228], [147, 16], [1748, 239], [1035, 23], [1684, 13], [1830, 46], [589, 189], [439, 15], [567, 43], [1724, 18], [1806, 228], [137, 183], [1303, 153], [203, 38], [865, 105], [918, 73], [93, 20], [645, 297], [1996, 37], [256, 35], [677, 31], [1943, 24], [948, 121], [27, 257], [388, 104], [1709, 11], [1280, 21], [1887, 272], [667, 148], [1539, 32], [1202, 239], [1019, 27], [918, 76], [1966, 23], [528, 150], [775, 76], [1284, 82], [1079, 24], [903, 35], [388, 102], [316, 32], [174, 24], [1440, 15], [1202, 254], [759, 10], [996, 42], [768, 32]], "mean": 0.0030517578125}