{"vals": [5.5, 4.75, 3.625, 3.109375, 3.046875, 1.9453125, 1.875, 1.6328125, 1.59375, 1.53125, 1.3984375, 1.390625, 1.3828125, 1.375, 1.3359375, 1.203125, 1.1953125, 1.125, 1.125, 1.0625, 1.0078125, 1.0, 0.96484375, 0.95703125, 0.93359375, 0.921875, 0.91796875, 0.91015625, 0.90234375, 0.8671875, 0.86328125, 0.859375, 0.84375, 0.8359375, 0.80859375, 0.796875, 0.76171875, 0.74609375, 0.73828125, 0.73046875, 0.7109375, 0.703125, 0.68359375, 0.6640625, 0.66015625, 0.640625, 0.58984375, 0.5859375, 0.58203125, 0.5703125, 0.55078125, 0.546875, 0.54296875, 0.5390625, 0.515625, 0.5, 0.5, 0.498046875, 0.49609375, 0.494140625, 0.4921875, 0.4921875, 0.490234375, 0.48828125, 0.482421875, 0.478515625, 0.4765625, 0.47265625, 0.46875, 0.466796875, 0.462890625, 0.4609375, 0.4609375, 0.45703125, 0.45703125, 0.45703125, 0.455078125, 0.451171875, 0.44921875, 0.44921875, 0.443359375, 0.435546875, 0.4296875, 0.427734375, 0.427734375, 0.427734375, 0.42578125, 0.416015625, 0.416015625, 0.4140625, 0.404296875, 0.40234375, 0.400390625, 0.400390625, 0.396484375, 0.396484375, 0.392578125, 0.390625, 0.388671875, 0.38671875], "inds": [[1946, 77], [674, 12], [644, 255], [646, 64], [62, 122], [1220, 236], [1946, 35], [582, 197], [651, 86], [806, 150], [763, 211], [1105, 155], [1188, 264], [732, 226], [644, 117], [1568, 244], [233, 209], [1684, 13], [1531, 133], [971, 50], [1354, 92], [544, 70], [732, 268], [20, 140], [1428, 149], [1070, 11], [1923, 242], [341, 259], [1731, 161], [732, 233], [404, 130], [1972, 216], [31, 250], [634, 152], [1382, 183], [149, 38], [512, 97], [1153, 191], [448, 15], [818, 221], [646, 133], [1617, 35], [1523, 83], [1167, 11], [448, 32], [1478, 46], [1502, 138], [732, 10], [453, 45], [777, 7], [456, 55], [1188, 47], [1845, 219], [42, 100], [374, 5], [1576, 131], [790, 180], [732, 225], [1361, 254], [149, 40], [1568, 69], [1576, 135], [1882, 94], [1075, 30], [816, 12], [1153, 200], [1202, 254], [542, 223], [1972, 206], [268, 51], [395, 132], [732, 14], [873, 21], [114, 195], [473, 139], [773, 276], [1748, 239], [1253, 120], [732, 9], [27, 221], [972, 106], [1367, 150], [314, 67], [445, 11], [458, 11], [449, 11], [1004, 7], [850, 20], [266, 128], [475, 16], [460, 10], [763, 72], [1990, 251], [1597, 20], [732, 207], [646, 24], [1857, 17], [1576, 117], [483, 284], [818, 24]], "mean": 0.00145721435546875}