{"vals": [9.25, 6.375, 5.5, 5.03125, 4.96875, 3.46875, 3.296875, 3.046875, 3.015625, 2.890625, 2.875, 2.65625, 2.53125, 2.53125, 2.4375, 2.421875, 2.34375, 2.34375, 2.3125, 2.3125, 2.25, 2.03125, 1.9921875, 1.8984375, 1.84375, 1.7890625, 1.734375, 1.734375, 1.71875, 1.7109375, 1.6875, 1.640625, 1.6171875, 1.609375, 1.6015625, 1.578125, 1.5546875, 1.515625, 1.5, 1.46875, 1.4375, 1.4375, 1.421875, 1.421875, 1.40625, 1.390625, 1.34375, 1.34375, 1.3359375, 1.3359375, 1.328125, 1.328125, 1.296875, 1.2890625, 1.28125, 1.28125, 1.28125, 1.2734375, 1.2421875, 1.234375, 1.2265625, 1.2265625, 1.2109375, 1.2109375, 1.1640625, 1.15625, 1.1484375, 1.1328125, 1.1171875, 1.1171875, 1.1015625, 1.0859375, 1.0859375, 1.078125, 1.0625, 1.0625, 1.0625, 1.0546875, 1.046875, 1.046875, 1.0390625, 1.0390625, 1.0390625, 1.0234375, 1.0234375, 1.0234375, 1.015625, 1.015625, 1.0078125, 1.0078125, 1.0, 0.99609375, 0.9921875, 0.96875, 0.96484375, 0.96484375, 0.9609375, 0.9609375, 0.9609375, 0.95703125], "inds": [[716, 246], [176, 196], [20, 34], [1428, 149], [1285, 21], [1128, 92], [1471, 13], [720, 15], [1092, 26], [903, 35], [933, 55], [307, 144], [1299, 34], [1790, 135], [651, 19], [149, 240], [1983, 78], [1169, 15], [896, 213], [1428, 66], [589, 68], [1897, 49], [861, 14], [1768, 32], [748, 41], [1845, 219], [1770, 32], [103, 287], [731, 13], [631, 83], [61, 95], [248, 12], [502, 15], [26, 59], [644, 22], [1149, 200], [146, 120], [374, 76], [609, 267], [1243, 134], [1246, 146], [1589, 23], [1164, 15], [512, 40], [717, 197], [609, 194], [1814, 18], [1566, 11], [1228, 45], [1830, 15], [971, 27], [210, 48], [271, 36], [1914, 222], [1897, 74], [309, 55], [6, 217], [453, 151], [1748, 268], [1149, 216], [63, 105], [1231, 228], [581, 11], [1236, 51], [1512, 18], [210, 47], [1777, 11], [677, 31], [1777, 6], [404, 160], [851, 171], [1421, 167], [1748, 255], [1470, 16], [63, 143], [777, 23], [404, 37], [1395, 19], [1875, 142], [1614, 241], [948, 121], [1428, 147], [1214, 29], [481, 12], [1022, 41], [1830, 51], [1887, 129], [502, 14], [1320, 87], [1160, 29], [404, 164], [892, 79], [1265, 13], [103, 286], [1553, 83], [1741, 191], [971, 5], [141, 9], [768, 32], [1792, 102]], "mean": 0.00897216796875}