{"vals": [8.5625, 6.34375, 5.0, 4.84375, 3.953125, 3.5625, 3.3125, 3.03125, 2.515625, 2.375, 2.34375, 2.328125, 2.125, 2.046875, 2.03125, 1.9609375, 1.953125, 1.9140625, 1.8671875, 1.765625, 1.71875, 1.5625, 1.5390625, 1.5234375, 1.46875, 1.4609375, 1.3984375, 1.3828125, 1.359375, 1.3359375, 1.328125, 1.3203125, 1.234375, 1.2265625, 1.203125, 1.203125, 1.1953125, 1.1953125, 1.1875, 1.1796875, 1.1796875, 1.1640625, 1.140625, 1.125, 1.109375, 1.09375, 1.09375, 1.0859375, 1.078125, 1.046875, 1.0078125, 1.0078125, 0.9921875, 0.98828125, 0.96875, 0.95703125, 0.9453125, 0.91796875, 0.9140625, 0.91015625, 0.91015625, 0.8984375, 0.890625, 0.890625, 0.85546875, 0.83203125, 0.82421875, 0.8203125, 0.80859375, 0.8046875, 0.7890625, 0.7890625, 0.76953125, 0.76953125, 0.765625, 0.7578125, 0.75, 0.75, 0.74609375, 0.734375, 0.73046875, 0.73046875, 0.7265625, 0.72265625, 0.72265625, 0.71875, 0.71484375, 0.70703125, 0.69140625, 0.68359375, 0.67578125, 0.671875, 0.66796875, 0.66796875, 0.6640625, 0.6640625, 0.65625, 0.64453125, 0.640625, 0.640625], "inds": [[716, 246], [683, 26], [146, 120], [1555, 33], [302, 64], [404, 164], [1, 16], [43, 89], [1035, 23], [645, 194], [106, 121], [905, 129], [870, 165], [1382, 228], [1719, 18], [1709, 11], [480, 20], [1299, 34], [710, 16], [589, 68], [1253, 120], [528, 169], [1259, 32], [837, 24], [88, 10], [948, 121], [782, 17], [32, 196], [1796, 38], [644, 22], [564, 12], [1382, 183], [1443, 26], [1983, 78], [426, 9], [491, 15], [1402, 27], [1341, 80], [609, 267], [1748, 219], [1582, 29], [302, 205], [791, 186], [1630, 14], [1204, 21], [645, 297], [1492, 101], [373, 44], [1013, 14], [460, 14], [1227, 51], [1141, 32], [269, 62], [567, 9], [1890, 172], [152, 99], [1693, 29], [1225, 44], [293, 87], [1830, 46], [299, 35], [1154, 20], [492, 38], [1658, 23], [1253, 170], [581, 11], [27, 120], [1407, 9], [1011, 120], [1588, 52], [963, 101], [963, 124], [759, 10], [1808, 26], [1989, 34], [1399, 9], [20, 34], [1613, 33], [1532, 138], [748, 51], [1642, 8], [1644, 8], [1721, 77], [1748, 268], [1781, 14], [1284, 116], [1403, 21], [556, 40], [1748, 255], [1582, 21], [1210, 18], [786, 159], [149, 147], [512, 109], [1084, 169], [561, 40], [1306, 11], [47, 26], [234, 15], [1001, 53]], "mean": 0.00299072265625}