{"vals": [6.4375, 6.21875, 6.0625, 3.59375, 3.5625, 3.21875, 2.8125, 2.6875, 2.5625, 2.515625, 2.515625, 2.4375, 2.40625, 2.234375, 2.234375, 2.1875, 2.140625, 2.125, 2.109375, 2.109375, 1.8671875, 1.8515625, 1.828125, 1.765625, 1.59375, 1.59375, 1.59375, 1.5, 1.46875, 1.46875, 1.453125, 1.453125, 1.4140625, 1.4140625, 1.40625, 1.3828125, 1.3671875, 1.34375, 1.2265625, 1.2109375, 1.1953125, 1.15625, 1.140625, 1.1328125, 1.109375, 1.078125, 1.078125, 1.0703125, 1.0390625, 1.0390625, 1.0390625, 1.03125, 1.0234375, 0.9921875, 0.97265625, 0.953125, 0.94921875, 0.94921875, 0.9375, 0.9375, 0.93359375, 0.91015625, 0.890625, 0.87890625, 0.8671875, 0.86328125, 0.86328125, 0.86328125, 0.85546875, 0.83984375, 0.828125, 0.828125, 0.828125, 0.828125, 0.82421875, 0.8125, 0.8125, 0.7890625, 0.765625, 0.76171875, 0.73828125, 0.73046875, 0.73046875, 0.7265625, 0.71875, 0.70703125, 0.6953125, 0.6875, 0.6875, 0.6875, 0.6640625, 0.6640625, 0.66015625, 0.65625, 0.65625, 0.6484375, 0.64453125, 0.64453125, 0.6328125, 0.62890625], "inds": [[1124, 222], [910, 103], [179, 112], [1299, 34], [1830, 46], [918, 92], [590, 240], [714, 278], [1978, 22], [544, 266], [164, 13], [1210, 259], [589, 101], [1352, 238], [748, 120], [330, 82], [1056, 157], [1363, 34], [677, 31], [1320, 33], [1611, 280], [952, 50], [350, 30], [149, 102], [1079, 88], [589, 68], [1579, 81], [1662, 170], [1363, 33], [855, 167], [1363, 51], [589, 189], [1843, 62], [589, 104], [4, 33], [293, 87], [589, 100], [813, 120], [891, 38], [1284, 116], [912, 94], [813, 118], [903, 64], [903, 85], [1763, 33], [651, 86], [1131, 153], [681, 51], [1791, 186], [1611, 53], [1566, 58], [918, 91], [818, 24], [528, 169], [912, 75], [1208, 51], [1830, 66], [1014, 183], [1421, 167], [391, 70], [1011, 92], [609, 97], [722, 53], [1206, 35], [910, 68], [548, 51], [1946, 55], [698, 40], [149, 240], [590, 249], [645, 208], [435, 175], [1011, 166], [813, 136], [753, 21], [1890, 187], [667, 148], [1830, 146], [910, 59], [658, 29], [1600, 20], [1948, 51], [891, 36], [1966, 23], [1531, 274], [1001, 46], [589, 91], [644, 22], [1382, 183], [765, 53], [149, 270], [1476, 122], [1079, 87], [1748, 268], [912, 70], [748, 177], [1124, 220], [319, 207], [1983, 145], [512, 109]], "mean": 0.0029296875}