{"vals": [4.0, 3.046875, 2.828125, 2.5625, 2.5625, 2.328125, 2.203125, 2.046875, 1.953125, 1.8359375, 1.75, 1.6953125, 1.6953125, 1.6796875, 1.65625, 1.59375, 1.5703125, 1.5234375, 1.4453125, 1.4140625, 1.3046875, 1.28125, 1.2734375, 1.2578125, 1.234375, 1.2265625, 1.1953125, 1.1796875, 1.1796875, 1.171875, 1.1484375, 1.1484375, 1.0859375, 1.0859375, 1.0625, 1.0546875, 1.03125, 1.0, 1.0, 0.9921875, 0.94921875, 0.9453125, 0.94140625, 0.9375, 0.89453125, 0.89453125, 0.890625, 0.859375, 0.83203125, 0.828125, 0.828125, 0.82421875, 0.82421875, 0.8203125, 0.80859375, 0.80859375, 0.8046875, 0.8046875, 0.7890625, 0.78125, 0.7734375, 0.7578125, 0.75390625, 0.734375, 0.73046875, 0.7265625, 0.71484375, 0.71484375, 0.7109375, 0.70703125, 0.69921875, 0.69921875, 0.69140625, 0.68359375, 0.671875, 0.66796875, 0.66015625, 0.65234375, 0.6484375, 0.6484375, 0.63671875, 0.62890625, 0.62109375, 0.6171875, 0.6171875, 0.609375, 0.60546875, 0.60546875, 0.6015625, 0.59375, 0.58984375, 0.58203125, 0.578125, 0.578125, 0.5703125, 0.5703125, 0.546875, 0.546875, 0.546875, 0.54296875], "inds": [[512, 40], [1904, 79], [460, 14], [1226, 57], [1843, 62], [905, 129], [609, 97], [501, 33], [651, 100], [1382, 183], [581, 11], [952, 50], [528, 150], [1348, 15], [1518, 19], [818, 221], [293, 87], [581, 15], [167, 18], [309, 17], [1320, 33], [1243, 82], [225, 38], [1830, 146], [1614, 170], [1284, 116], [645, 297], [590, 240], [828, 21], [1225, 44], [818, 24], [20, 34], [609, 267], [831, 157], [1140, 137], [1280, 21], [293, 49], [1708, 49], [271, 211], [1983, 78], [1639, 17], [1931, 10], [135, 243], [1588, 42], [1887, 129], [106, 23], [54, 114], [1560, 11], [106, 121], [714, 278], [1890, 11], [513, 260], [1792, 84], [716, 234], [460, 18], [299, 191], [1770, 169], [679, 21], [818, 23], [1202, 164], [1048, 235], [1518, 7], [512, 109], [948, 121], [1208, 51], [1225, 196], [677, 31], [616, 66], [1321, 238], [1326, 40], [1532, 138], [88, 10], [1022, 53], [1564, 41], [1887, 127], [1904, 51], [1141, 32], [1440, 15], [1128, 102], [581, 16], [768, 32], [1732, 174], [1542, 35], [1748, 268], [724, 53], [204, 69], [963, 124], [1695, 101], [850, 252], [1339, 34], [1343, 35], [1371, 78], [1518, 13], [325, 29], [1582, 29], [1639, 104], [1587, 152], [1460, 190], [813, 118], [618, 7]], "mean": 0.0030059814453125}