{"vals": [6.71875, 5.59375, 4.65625, 4.34375, 4.21875, 3.625, 3.28125, 3.140625, 2.9375, 2.828125, 2.546875, 2.375, 2.34375, 2.1875, 2.15625, 2.109375, 2.078125, 2.0625, 2.03125, 1.9375, 1.8828125, 1.8125, 1.78125, 1.6796875, 1.6796875, 1.671875, 1.671875, 1.6640625, 1.640625, 1.609375, 1.5234375, 1.515625, 1.484375, 1.453125, 1.4375, 1.3984375, 1.390625, 1.375, 1.3359375, 1.328125, 1.3203125, 1.2890625, 1.2890625, 1.28125, 1.265625, 1.2578125, 1.2578125, 1.234375, 1.2265625, 1.21875, 1.1484375, 1.1171875, 1.109375, 1.1015625, 1.09375, 1.078125, 1.0703125, 1.0703125, 1.03125, 1.0234375, 1.0234375, 0.9921875, 0.984375, 0.98046875, 0.9453125, 0.9453125, 0.9453125, 0.9375, 0.9375, 0.93359375, 0.93359375, 0.90234375, 0.90234375, 0.89453125, 0.88671875, 0.875, 0.87109375, 0.859375, 0.859375, 0.85546875, 0.84375, 0.8125, 0.79296875, 0.78515625, 0.78125, 0.77734375, 0.75390625, 0.74609375, 0.7265625, 0.7265625, 0.71875, 0.71875, 0.7109375, 0.70703125, 0.703125, 0.69140625, 0.69140625, 0.69140625, 0.69140625, 0.6875], "inds": [[1929, 64], [20, 34], [136, 211], [1997, 247], [319, 50], [589, 101], [1517, 116], [1644, 155], [1689, 273], [112, 218], [1320, 33], [590, 166], [435, 175], [589, 100], [876, 191], [948, 121], [1888, 69], [645, 291], [103, 252], [818, 24], [997, 110], [876, 78], [1382, 183], [1890, 187], [609, 267], [589, 189], [677, 31], [512, 109], [1516, 277], [1227, 126], [1253, 120], [1611, 280], [1210, 208], [1887, 129], [590, 257], [302, 292], [43, 65], [35, 79], [435, 187], [149, 240], [869, 196], [1813, 10], [1, 16], [1843, 62], [1014, 183], [831, 151], [1173, 131], [1665, 149], [1178, 148], [1537, 153], [1588, 196], [1547, 173], [1012, 102], [1154, 20], [43, 89], [1390, 240], [1299, 34], [1020, 28], [293, 87], [204, 83], [769, 203], [1763, 33], [1747, 33], [8, 133], [933, 61], [922, 33], [1428, 66], [1948, 51], [1078, 81], [1286, 103], [738, 238], [20, 260], [609, 97], [679, 21], [837, 24], [106, 94], [512, 97], [1092, 26], [343, 20], [918, 92], [1748, 74], [903, 64], [832, 99], [48, 244], [1904, 57], [1969, 46], [892, 272], [149, 179], [869, 162], [256, 35], [581, 11], [996, 42], [1951, 34], [1284, 116], [367, 23], [1614, 15], [763, 85], [589, 102], [1471, 13], [589, 91]], "mean": 0.002685546875}