{"vals": [11.1875, 6.21875, 6.0625, 5.6875, 5.3125, 4.96875, 4.0, 3.921875, 3.640625, 3.578125, 3.34375, 3.25, 3.1875, 2.890625, 2.734375, 2.640625, 2.421875, 2.40625, 2.390625, 2.3125, 2.234375, 2.171875, 2.125, 2.03125, 1.984375, 1.9140625, 1.8984375, 1.8828125, 1.859375, 1.84375, 1.8203125, 1.734375, 1.7109375, 1.5703125, 1.53125, 1.5078125, 1.46875, 1.453125, 1.3984375, 1.3125, 1.296875, 1.2734375, 1.2578125, 1.234375, 1.21875, 1.1953125, 1.1484375, 1.125, 1.1171875, 1.1171875, 1.109375, 1.1015625, 1.1015625, 1.09375, 1.09375, 1.078125, 1.078125, 1.078125, 1.0703125, 1.0625, 1.0625, 1.0625, 1.0234375, 1.015625, 1.015625, 0.9921875, 0.98046875, 0.97265625, 0.96484375, 0.953125, 0.94921875, 0.94140625, 0.9375, 0.91796875, 0.90625, 0.90234375, 0.89453125, 0.890625, 0.8828125, 0.8828125, 0.8828125, 0.87109375, 0.8671875, 0.8671875, 0.85546875, 0.83203125, 0.83203125, 0.828125, 0.8203125, 0.79296875, 0.7890625, 0.77734375, 0.76953125, 0.76953125, 0.76171875, 0.7578125, 0.73828125, 0.73046875, 0.71875, 0.69921875], "inds": [[716, 246], [1303, 153], [645, 297], [302, 64], [1035, 23], [645, 194], [1001, 53], [831, 151], [106, 121], [43, 89], [963, 124], [1585, 92], [501, 33], [1983, 78], [1564, 191], [1382, 183], [590, 240], [544, 70], [149, 183], [1443, 26], [1614, 241], [289, 242], [195, 15], [1890, 187], [1983, 150], [645, 208], [1904, 57], [1330, 24], [855, 167], [544, 68], [1897, 163], [319, 50], [1321, 238], [43, 92], [1284, 208], [1204, 92], [748, 250], [459, 279], [1614, 256], [1284, 116], [817, 68], [469, 200], [1303, 170], [293, 49], [1748, 138], [1371, 131], [1849, 67], [513, 260], [590, 171], [149, 140], [1466, 43], [748, 210], [818, 115], [1614, 197], [512, 109], [1421, 167], [149, 147], [590, 169], [716, 135], [972, 111], [651, 268], [1741, 191], [271, 188], [1748, 232], [302, 160], [1532, 138], [1748, 181], [556, 66], [753, 21], [1243, 49], [645, 282], [188, 26], [1996, 45], [826, 105], [1849, 66], [69, 84], [1180, 154], [1341, 28], [404, 164], [1843, 62], [18, 180], [1273, 42], [609, 172], [35, 79], [1296, 26], [581, 11], [1823, 128], [543, 51], [241, 50], [149, 179], [1110, 17], [1303, 171], [579, 88], [716, 107], [590, 132], [149, 197], [1056, 129], [1887, 129], [858, 19], [903, 85]], "mean": 0.0040283203125}