{"vals": [3.84375, 3.09375, 2.515625, 2.265625, 2.21875, 2.1875, 1.984375, 1.90625, 1.859375, 1.84375, 1.6328125, 1.6015625, 1.5390625, 1.3984375, 1.3828125, 1.3828125, 1.3828125, 1.3125, 1.25, 1.21875, 1.1953125, 1.1875, 1.1640625, 1.15625, 1.1328125, 1.1328125, 1.125, 1.1171875, 1.0859375, 1.0234375, 1.015625, 1.0078125, 1.0078125, 0.98828125, 0.92578125, 0.91796875, 0.91796875, 0.91015625, 0.89453125, 0.89453125, 0.89453125, 0.890625, 0.890625, 0.88671875, 0.87109375, 0.8515625, 0.84765625, 0.83203125, 0.8203125, 0.81640625, 0.80859375, 0.80859375, 0.80859375, 0.80078125, 0.76953125, 0.75, 0.734375, 0.73046875, 0.72265625, 0.72265625, 0.70703125, 0.703125, 0.703125, 0.671875, 0.671875, 0.66796875, 0.640625, 0.640625, 0.6328125, 0.6171875, 0.61328125, 0.609375, 0.609375, 0.609375, 0.60546875, 0.6015625, 0.59375, 0.58984375, 0.5859375, 0.57421875, 0.5703125, 0.5703125, 0.56640625, 0.55859375, 0.55859375, 0.5546875, 0.55078125, 0.55078125, 0.546875, 0.5390625, 0.53125, 0.52734375, 0.5234375, 0.51953125, 0.51953125, 0.51953125, 0.515625, 0.515625, 0.51171875, 0.5078125], "inds": [[674, 251], [1320, 33], [1371, 131], [319, 50], [149, 171], [1890, 187], [435, 175], [1011, 132], [172, 57], [179, 111], [137, 214], [728, 20], [1531, 133], [1128, 92], [599, 194], [817, 259], [1284, 116], [166, 289], [1001, 53], [1639, 75], [1382, 183], [849, 40], [106, 121], [100, 244], [1629, 11], [817, 64], [1333, 128], [763, 211], [1822, 129], [717, 164], [172, 170], [818, 115], [1032, 149], [1830, 46], [191, 5], [1463, 289], [339, 10], [579, 88], [818, 24], [905, 129], [1614, 202], [1009, 149], [517, 116], [1476, 122], [183, 220], [1011, 133], [435, 202], [271, 86], [1303, 170], [1421, 167], [1958, 7], [1647, 6], [775, 77], [1838, 30], [302, 160], [790, 292], [599, 198], [374, 289], [1597, 20], [27, 257], [865, 105], [1273, 42], [135, 293], [762, 274], [693, 40], [1074, 295], [172, 107], [645, 194], [1131, 229], [667, 201], [822, 73], [791, 186], [1202, 239], [996, 42], [391, 70], [670, 260], [667, 148], [1388, 158], [1098, 31], [1880, 27], [43, 89], [817, 223], [231, 54], [541, 63], [1460, 190], [98, 159], [664, 255], [1880, 25], [387, 50], [1067, 16], [589, 64], [260, 12], [651, 67], [406, 246], [646, 57], [1726, 12], [1407, 8], [1629, 128], [1890, 298], [1624, 126]], "mean": 0.0025177001953125}