{"vals": [6.53125, 4.0, 3.859375, 3.640625, 3.5625, 3.359375, 3.09375, 2.90625, 2.0, 2.0, 1.9609375, 1.78125, 1.75, 1.6953125, 1.671875, 1.640625, 1.5703125, 1.546875, 1.5390625, 1.484375, 1.4765625, 1.4140625, 1.3984375, 1.3515625, 1.265625, 1.21875, 1.2109375, 1.1796875, 1.15625, 1.15625, 1.109375, 1.078125, 1.0625, 1.03125, 1.03125, 1.03125, 1.03125, 1.0234375, 1.0, 0.9921875, 0.96875, 0.94921875, 0.94921875, 0.94921875, 0.92578125, 0.921875, 0.9140625, 0.8984375, 0.8984375, 0.8828125, 0.859375, 0.85546875, 0.83984375, 0.8359375, 0.81640625, 0.80859375, 0.80859375, 0.80078125, 0.79296875, 0.78515625, 0.76953125, 0.76171875, 0.7265625, 0.72265625, 0.72265625, 0.71875, 0.71875, 0.71875, 0.71484375, 0.7109375, 0.70703125, 0.70703125, 0.703125, 0.703125, 0.703125, 0.69140625, 0.6796875, 0.67578125, 0.6640625, 0.6640625, 0.66015625, 0.65625, 0.640625, 0.625, 0.61328125, 0.59765625, 0.59765625, 0.5859375, 0.5859375, 0.57421875, 0.56640625, 0.5625, 0.5625, 0.55859375, 0.55078125, 0.55078125, 0.55078125, 0.546875, 0.54296875, 0.5390625], "inds": [[1383, 53], [1383, 57], [1383, 141], [43, 89], [865, 12], [1285, 21], [1383, 52], [1724, 86], [905, 129], [1732, 174], [374, 76], [298, 219], [556, 66], [1875, 177], [994, 17], [620, 155], [809, 11], [616, 66], [1126, 207], [1149, 177], [1383, 55], [1180, 70], [1383, 50], [1724, 18], [319, 92], [1880, 40], [963, 51], [1180, 148], [1141, 41], [1077, 18], [855, 33], [319, 50], [149, 80], [1428, 49], [1154, 20], [1383, 49], [1383, 54], [1614, 202], [972, 106], [193, 43], [309, 95], [948, 41], [1830, 46], [818, 24], [1708, 49], [512, 97], [818, 23], [877, 18], [1681, 88], [435, 202], [1128, 102], [293, 24], [1530, 23], [651, 19], [140, 28], [948, 185], [528, 37], [1266, 299], [716, 29], [1284, 82], [1845, 219], [1228, 13], [374, 162], [1991, 9], [486, 31], [865, 15], [1208, 45], [1001, 53], [18, 43], [1128, 92], [1383, 37], [1966, 23], [271, 136], [435, 17], [435, 23], [1365, 205], [1982, 18], [247, 122], [1339, 34], [446, 170], [1948, 51], [435, 22], [913, 13], [281, 9], [948, 69], [1128, 55], [1371, 78], [435, 18], [1222, 19], [1991, 10], [149, 147], [1748, 32], [1591, 48], [299, 20], [667, 148], [106, 137], [483, 16], [1383, 31], [858, 19], [1271, 121]], "mean": 0.0029144287109375}