{"vals": [4.875, 4.84375, 4.125, 3.34375, 3.1875, 2.953125, 2.59375, 2.453125, 2.40625, 2.265625, 2.078125, 1.84375, 1.6640625, 1.3671875, 1.3125, 1.2421875, 1.15625, 1.125, 1.0703125, 0.984375, 0.97265625, 0.9453125, 0.9453125, 0.92578125, 0.92578125, 0.921875, 0.9140625, 0.90625, 0.890625, 0.83984375, 0.8203125, 0.75390625, 0.75, 0.7421875, 0.734375, 0.73046875, 0.73046875, 0.7265625, 0.6953125, 0.68359375, 0.67578125, 0.66796875, 0.6640625, 0.65234375, 0.6328125, 0.62890625, 0.62890625, 0.61328125, 0.58203125, 0.56640625, 0.56640625, 0.5625, 0.5625, 0.5625, 0.55859375, 0.546875, 0.546875, 0.5390625, 0.53125, 0.52734375, 0.5234375, 0.51953125, 0.51171875, 0.5078125, 0.5078125, 0.50390625, 0.50390625, 0.50390625, 0.5, 0.49609375, 0.4921875, 0.48828125, 0.48828125, 0.48828125, 0.478515625, 0.478515625, 0.47265625, 0.470703125, 0.4609375, 0.458984375, 0.447265625, 0.447265625, 0.443359375, 0.443359375, 0.44140625, 0.4375, 0.435546875, 0.435546875, 0.43359375, 0.431640625, 0.42578125, 0.423828125, 0.423828125, 0.421875, 0.416015625, 0.4140625, 0.404296875, 0.40234375, 0.400390625, 0.400390625], "inds": [[1568, 159], [460, 14], [1035, 23], [651, 86], [1679, 8], [972, 106], [1128, 92], [1341, 153], [1471, 13], [227, 18], [1984, 236], [1777, 6], [1354, 92], [1055, 11], [43, 89], [1001, 53], [971, 16], [471, 15], [365, 16], [934, 152], [978, 156], [731, 13], [3, 9], [677, 31], [1655, 88], [1545, 12], [1614, 202], [117, 67], [870, 165], [1588, 46], [1336, 31], [1655, 21], [1088, 15], [319, 175], [714, 23], [845, 74], [1679, 60], [377, 39], [732, 14], [1128, 102], [971, 17], [1452, 238], [512, 109], [1457, 62], [1588, 44], [404, 160], [1209, 293], [1880, 25], [1585, 116], [1144, 48], [1395, 16], [1875, 23], [435, 91], [135, 285], [617, 13], [725, 21], [717, 197], [290, 291], [288, 242], [806, 150], [117, 40], [1501, 15], [811, 14], [596, 217], [1964, 113], [650, 9], [690, 296], [625, 9], [1777, 137], [1098, 13], [1875, 142], [748, 80], [1256, 136], [1882, 94], [257, 129], [319, 174], [1303, 171], [717, 194], [1525, 296], [1336, 9], [1644, 8], [1642, 8], [1238, 31], [454, 31], [1662, 152], [1746, 17], [777, 23], [293, 87], [674, 31], [1838, 30], [1140, 136], [1792, 147], [1715, 16], [1958, 7], [1253, 170], [146, 120], [309, 55], [892, 79], [1075, 47], [1777, 11]], "mean": 0.00213623046875}