{"vals": [8.8125, 8.0, 7.0625, 6.46875, 6.34375, 5.84375, 5.71875, 5.15625, 4.90625, 4.8125, 4.53125, 4.34375, 4.28125, 4.03125, 4.03125, 3.9375, 3.90625, 3.828125, 3.71875, 3.6875, 3.4375, 3.390625, 3.34375, 3.328125, 3.21875, 3.1875, 3.140625, 3.109375, 3.0, 2.875, 2.859375, 2.8125, 2.75, 2.734375, 2.703125, 2.703125, 2.671875, 2.671875, 2.515625, 2.453125, 2.40625, 2.390625, 2.375, 2.3125, 2.3125, 2.171875, 2.140625, 2.09375, 2.0, 2.0, 1.9375, 1.9375, 1.9296875, 1.8671875, 1.84375, 1.84375, 1.8359375, 1.828125, 1.8046875, 1.796875, 1.7890625, 1.78125, 1.7109375, 1.671875, 1.59375, 1.578125, 1.546875, 1.5078125, 1.4921875, 1.484375, 1.4765625, 1.46875, 1.4609375, 1.4453125, 1.421875, 1.421875, 1.421875, 1.4140625, 1.4140625, 1.390625, 1.359375, 1.3515625, 1.34375, 1.3203125, 1.3046875, 1.3046875, 1.3046875, 1.296875, 1.2890625, 1.265625, 1.25, 1.234375, 1.21875, 1.21875, 1.203125, 1.1953125, 1.171875, 1.171875, 1.1640625, 1.1484375], "inds": [[861, 14], [1925, 72], [1382, 146], [1428, 66], [1052, 266], [236, 100], [674, 12], [933, 55], [861, 21], [404, 160], [1074, 287], [1998, 232], [865, 12], [164, 13], [85, 179], [443, 94], [861, 8], [806, 147], [404, 164], [687, 292], [743, 143], [1041, 86], [1857, 232], [694, 132], [1904, 57], [1239, 147], [1508, 139], [370, 202], [1768, 54], [1431, 40], [576, 71], [1056, 157], [948, 121], [167, 18], [775, 76], [299, 35], [1140, 137], [1770, 54], [1882, 94], [1156, 127], [1732, 164], [716, 239], [837, 20], [1555, 33], [1821, 144], [548, 228], [1983, 141], [644, 22], [609, 267], [269, 62], [1644, 10], [1639, 104], [174, 195], [1074, 295], [646, 176], [1631, 170], [1305, 62], [651, 86], [859, 28], [763, 131], [43, 89], [716, 238], [1223, 137], [925, 44], [1508, 140], [236, 102], [865, 85], [1958, 7], [1845, 219], [374, 84], [548, 227], [543, 183], [307, 144], [566, 40], [625, 10], [528, 37], [650, 10], [622, 156], [528, 6], [1140, 144], [271, 188], [297, 197], [827, 173], [359, 177], [374, 82], [1612, 124], [1683, 13], [1617, 35], [528, 169], [359, 117], [1502, 138], [840, 20], [861, 9], [687, 293], [1001, 53], [1459, 159], [971, 27], [233, 86], [861, 10], [903, 71]], "mean": 0.003265380859375}