{"vals": [5.25, 3.921875, 3.75, 3.25, 2.828125, 2.640625, 2.25, 1.8125, 1.75, 1.7265625, 1.6640625, 1.4453125, 1.40625, 1.3984375, 1.3046875, 1.265625, 1.2265625, 1.2109375, 1.15625, 1.1484375, 1.1484375, 1.046875, 1.0390625, 1.03125, 1.0078125, 1.0, 0.9765625, 0.9765625, 0.9453125, 0.9140625, 0.91015625, 0.91015625, 0.90234375, 0.89453125, 0.890625, 0.88671875, 0.87890625, 0.8671875, 0.859375, 0.85546875, 0.8359375, 0.83203125, 0.8203125, 0.796875, 0.79296875, 0.78515625, 0.77734375, 0.76953125, 0.75390625, 0.7421875, 0.7265625, 0.71484375, 0.7109375, 0.70703125, 0.70703125, 0.703125, 0.69921875, 0.6796875, 0.671875, 0.66796875, 0.6640625, 0.63671875, 0.63671875, 0.6328125, 0.6328125, 0.61328125, 0.60546875, 0.60546875, 0.60546875, 0.6015625, 0.6015625, 0.6015625, 0.58984375, 0.58984375, 0.58203125, 0.58203125, 0.57421875, 0.56640625, 0.5625, 0.5546875, 0.55078125, 0.55078125, 0.546875, 0.5390625, 0.5390625, 0.53515625, 0.53515625, 0.53515625, 0.53125, 0.52734375, 0.5234375, 0.5078125, 0.5078125, 0.50390625, 0.50390625, 0.49609375, 0.49609375, 0.490234375, 0.486328125, 0.484375], "inds": [[972, 106], [265, 272], [1014, 79], [1383, 53], [404, 166], [1001, 53], [1662, 81], [748, 41], [1140, 137], [1713, 269], [683, 26], [1382, 183], [164, 13], [645, 297], [748, 115], [1597, 43], [402, 23], [1465, 203], [677, 31], [1890, 187], [404, 131], [1149, 225], [1035, 23], [1068, 152], [402, 24], [1816, 72], [293, 87], [645, 194], [391, 70], [1383, 52], [550, 21], [1149, 54], [1149, 200], [1140, 138], [329, 60], [1696, 180], [1904, 79], [748, 143], [117, 197], [359, 117], [543, 52], [460, 10], [1383, 141], [1639, 75], [1155, 245], [856, 12], [1255, 273], [680, 66], [948, 46], [1614, 170], [404, 145], [1383, 50], [813, 277], [1575, 22], [1593, 214], [690, 97], [543, 51], [1319, 21], [20, 34], [542, 223], [43, 92], [813, 105], [293, 24], [651, 19], [1898, 147], [680, 63], [512, 109], [1713, 267], [1353, 78], [404, 161], [724, 53], [791, 186], [716, 53], [1140, 115], [1099, 40], [135, 252], [861, 14], [1597, 25], [319, 50], [309, 55], [117, 196], [1388, 158], [790, 180], [908, 32], [374, 76], [405, 234], [634, 24], [1964, 113], [971, 27], [1371, 78], [1383, 49], [945, 12], [1382, 228], [484, 30], [1838, 56], [1219, 172], [1383, 37], [1843, 62], [1830, 57], [680, 21]], "mean": 0.00130462646484375}