{"vals": [4.6875, 3.734375, 3.703125, 2.34375, 1.6953125, 1.6328125, 1.5703125, 1.546875, 1.3203125, 1.3046875, 1.28125, 1.21875, 1.140625, 1.1015625, 1.015625, 1.015625, 1.0078125, 1.0078125, 0.9921875, 0.9765625, 0.953125, 0.94921875, 0.94140625, 0.94140625, 0.94140625, 0.92578125, 0.91796875, 0.90625, 0.89453125, 0.87109375, 0.8671875, 0.83984375, 0.828125, 0.82421875, 0.82421875, 0.81640625, 0.8046875, 0.796875, 0.78125, 0.75390625, 0.75, 0.73828125, 0.73828125, 0.734375, 0.6796875, 0.67578125, 0.66796875, 0.66796875, 0.6484375, 0.6328125, 0.62890625, 0.62109375, 0.62109375, 0.62109375, 0.609375, 0.60546875, 0.60546875, 0.6015625, 0.6015625, 0.58984375, 0.58984375, 0.58203125, 0.578125, 0.578125, 0.578125, 0.57421875, 0.5703125, 0.5703125, 0.56640625, 0.56640625, 0.5625, 0.5625, 0.5625, 0.55859375, 0.55859375, 0.5546875, 0.546875, 0.54296875, 0.54296875, 0.50390625, 0.490234375, 0.486328125, 0.478515625, 0.4765625, 0.46875, 0.466796875, 0.462890625, 0.4609375, 0.4609375, 0.458984375, 0.458984375, 0.44921875, 0.4453125, 0.4375, 0.4375, 0.4375, 0.4375, 0.435546875, 0.431640625, 0.431640625], "inds": [[793, 258], [20, 34], [359, 177], [1001, 53], [1284, 116], [1017, 19], [1887, 238], [1410, 48], [979, 147], [505, 255], [1284, 171], [1588, 46], [1180, 70], [517, 116], [543, 183], [1495, 34], [971, 27], [948, 121], [1363, 34], [1, 16], [609, 194], [1709, 11], [1141, 47], [365, 16], [856, 247], [847, 289], [319, 50], [903, 71], [512, 109], [856, 232], [307, 260], [167, 18], [1722, 36], [1732, 164], [1128, 40], [1968, 257], [1568, 194], [1097, 15], [589, 189], [856, 233], [818, 23], [359, 70], [1148, 67], [589, 99], [793, 260], [27, 257], [1564, 41], [473, 81], [857, 21], [125, 20], [473, 58], [996, 41], [581, 11], [1363, 33], [800, 101], [1122, 29], [476, 132], [556, 66], [1696, 180], [1202, 239], [1466, 62], [98, 33], [1901, 8], [827, 96], [609, 97], [1880, 27], [1830, 17], [963, 124], [1792, 93], [852, 231], [359, 178], [1428, 66], [1792, 84], [1476, 122], [589, 100], [1129, 232], [589, 98], [1284, 72], [1369, 17], [1673, 17], [785, 48], [1778, 7], [1134, 117], [435, 91], [517, 252], [1968, 266], [512, 46], [476, 150], [1333, 128], [1519, 25], [1227, 51], [1887, 129], [491, 69], [1363, 51], [806, 150], [1274, 28], [1538, 54], [589, 101], [327, 27], [1614, 61]], "mean": 0.002685546875}