{"vals": [12.5, 6.09375, 5.46875, 4.65625, 4.125, 2.890625, 2.859375, 2.828125, 2.734375, 2.65625, 2.59375, 2.453125, 2.390625, 2.390625, 2.265625, 2.234375, 2.1875, 1.9453125, 1.828125, 1.78125, 1.7734375, 1.7421875, 1.5546875, 1.53125, 1.5078125, 1.4765625, 1.4609375, 1.4609375, 1.4453125, 1.390625, 1.390625, 1.375, 1.375, 1.359375, 1.328125, 1.3046875, 1.3046875, 1.296875, 1.296875, 1.296875, 1.2890625, 1.28125, 1.28125, 1.265625, 1.2578125, 1.25, 1.21875, 1.21875, 1.203125, 1.171875, 1.140625, 1.109375, 1.078125, 1.0546875, 1.046875, 1.0078125, 0.99609375, 0.99609375, 0.9921875, 0.98046875, 0.98046875, 0.95703125, 0.94140625, 0.94140625, 0.9296875, 0.92578125, 0.921875, 0.921875, 0.91796875, 0.8828125, 0.8828125, 0.8828125, 0.859375, 0.85546875, 0.85546875, 0.84375, 0.83984375, 0.8359375, 0.828125, 0.81640625, 0.8125, 0.80078125, 0.7890625, 0.78515625, 0.78515625, 0.78125, 0.765625, 0.76171875, 0.76171875, 0.7421875, 0.73046875, 0.73046875, 0.73046875, 0.71875, 0.71484375, 0.7109375, 0.70703125, 0.703125, 0.69921875, 0.69921875], "inds": [[164, 13], [528, 176], [1914, 222], [683, 26], [721, 15], [1343, 71], [271, 188], [1830, 146], [1978, 226], [818, 24], [69, 130], [971, 50], [397, 142], [1211, 98], [1983, 145], [905, 129], [1, 16], [1785, 195], [1492, 101], [149, 147], [632, 249], [371, 263], [1365, 137], [293, 87], [965, 93], [759, 10], [892, 81], [1421, 167], [1017, 272], [299, 191], [1225, 196], [350, 33], [310, 116], [1035, 23], [435, 187], [1284, 116], [458, 37], [458, 231], [1792, 102], [603, 50], [963, 85], [458, 183], [1679, 161], [1708, 49], [861, 298], [164, 26], [27, 257], [895, 39], [167, 18], [1568, 111], [609, 267], [1505, 46], [626, 58], [551, 202], [1893, 158], [1219, 110], [948, 185], [1639, 125], [392, 146], [1253, 120], [1208, 45], [1748, 268], [1319, 37], [533, 157], [388, 299], [241, 50], [710, 16], [877, 165], [135, 285], [413, 173], [149, 183], [857, 19], [817, 68], [363, 132], [252, 130], [1319, 8], [861, 299], [1057, 5], [148, 56], [404, 164], [1341, 28], [1001, 53], [1732, 117], [556, 66], [753, 21], [690, 298], [1916, 178], [1887, 129], [1748, 272], [856, 12], [1314, 247], [1371, 78], [1141, 47], [1957, 239], [603, 178], [1074, 275], [1205, 40], [293, 93], [1893, 157], [1552, 158]], "mean": 0.0026702880859375}