{"vals": [7.84375, 5.34375, 5.25, 4.84375, 4.5625, 4.34375, 4.125, 3.8125, 3.75, 3.265625, 3.265625, 3.234375, 3.09375, 3.0625, 3.046875, 3.015625, 2.9375, 2.90625, 2.90625, 2.59375, 2.578125, 2.578125, 2.5625, 2.5, 2.421875, 2.40625, 2.359375, 2.359375, 2.3125, 2.28125, 2.234375, 2.171875, 2.109375, 2.109375, 2.03125, 2.015625, 2.015625, 2.0, 1.90625, 1.875, 1.7578125, 1.71875, 1.7109375, 1.703125, 1.6875, 1.6875, 1.6796875, 1.6640625, 1.65625, 1.6484375, 1.640625, 1.5625, 1.5546875, 1.5390625, 1.5234375, 1.515625, 1.515625, 1.5078125, 1.5078125, 1.4921875, 1.4765625, 1.4765625, 1.4609375, 1.453125, 1.4140625, 1.40625, 1.40625, 1.40625, 1.390625, 1.3828125, 1.34375, 1.3359375, 1.3125, 1.3125, 1.3125, 1.28125, 1.28125, 1.265625, 1.265625, 1.2421875, 1.2265625, 1.21875, 1.2109375, 1.2109375, 1.203125, 1.203125, 1.1953125, 1.1875, 1.1875, 1.1875, 1.171875, 1.1640625, 1.15625, 1.1328125, 1.109375, 1.1015625, 1.09375, 1.09375, 1.0859375, 1.0703125], "inds": [[933, 55], [1566, 11], [271, 55], [1035, 23], [861, 14], [20, 34], [204, 36], [1298, 97], [609, 211], [298, 84], [503, 14], [645, 297], [1327, 37], [1991, 48], [1876, 38], [609, 194], [1431, 40], [167, 18], [426, 36], [43, 92], [1284, 250], [1371, 33], [1382, 136], [315, 17], [789, 17], [99, 77], [804, 203], [716, 230], [316, 32], [653, 24], [280, 46], [1067, 12], [753, 21], [26, 59], [1724, 18], [609, 104], [837, 20], [5, 41], [1421, 167], [1568, 190], [528, 169], [195, 15], [905, 129], [69, 212], [1524, 34], [1280, 21], [1732, 174], [1363, 34], [882, 17], [1792, 93], [1208, 51], [861, 21], [1708, 46], [1068, 33], [818, 24], [892, 45], [252, 120], [67, 15], [644, 22], [106, 23], [971, 50], [639, 21], [1284, 74], [517, 152], [948, 121], [528, 82], [1322, 277], [1352, 238], [1341, 80], [609, 293], [1792, 102], [677, 31], [908, 32], [1953, 214], [1529, 106], [945, 12], [1929, 110], [903, 64], [106, 94], [1481, 237], [1830, 46], [892, 55], [1440, 15], [861, 8], [599, 194], [903, 71], [189, 19], [1363, 33], [721, 10], [1428, 66], [1284, 82], [1282, 116], [1299, 34], [1582, 32], [1225, 44], [1258, 12], [528, 37], [1830, 31], [784, 62], [1708, 49]], "mean": 0.00469970703125}