{"vals": [3.625, 3.546875, 3.421875, 3.234375, 3.0625, 2.6875, 2.609375, 2.265625, 2.09375, 1.9921875, 1.9296875, 1.921875, 1.828125, 1.8203125, 1.8046875, 1.59375, 1.53125, 1.5078125, 1.5078125, 1.5078125, 1.4921875, 1.4921875, 1.3203125, 1.296875, 1.28125, 1.2734375, 1.2421875, 1.1953125, 1.1875, 1.1875, 1.171875, 1.109375, 1.078125, 1.0625, 1.046875, 1.046875, 1.046875, 1.0390625, 1.0390625, 1.0390625, 1.03125, 1.0234375, 1.0078125, 0.98828125, 0.98828125, 0.96875, 0.9609375, 0.95703125, 0.94921875, 0.9453125, 0.9453125, 0.921875, 0.90625, 0.90625, 0.8984375, 0.89453125, 0.890625, 0.87890625, 0.875, 0.8671875, 0.86328125, 0.859375, 0.85546875, 0.84765625, 0.84375, 0.83203125, 0.82421875, 0.78125, 0.78125, 0.76953125, 0.765625, 0.76171875, 0.7578125, 0.7421875, 0.73828125, 0.72265625, 0.71875, 0.7109375, 0.703125, 0.703125, 0.69921875, 0.6875, 0.6796875, 0.6640625, 0.65234375, 0.65234375, 0.6484375, 0.640625, 0.640625, 0.63671875, 0.62890625, 0.62890625, 0.625, 0.62109375, 0.6015625, 0.59765625, 0.5859375, 0.578125, 0.57421875, 0.5703125], "inds": [[1830, 46], [43, 89], [1813, 10], [1130, 47], [800, 10], [590, 158], [972, 106], [1904, 57], [590, 257], [135, 285], [609, 267], [1746, 46], [1639, 104], [856, 5], [677, 31], [757, 192], [1931, 10], [960, 16], [959, 16], [957, 16], [1160, 29], [532, 8], [1320, 33], [556, 66], [818, 24], [1341, 28], [1022, 53], [1555, 33], [27, 257], [1931, 7], [533, 198], [1611, 72], [650, 36], [1284, 116], [256, 35], [1748, 255], [1320, 217], [1843, 62], [1013, 14], [532, 6], [1431, 40], [1910, 35], [1887, 272], [479, 17], [1978, 62], [1724, 82], [1890, 187], [1129, 43], [1253, 120], [1343, 35], [1897, 193], [948, 121], [460, 10], [1732, 174], [892, 79], [1706, 80], [1084, 58], [607, 51], [60, 19], [818, 163], [813, 39], [1532, 138], [1813, 9], [1904, 51], [757, 201], [1741, 199], [250, 224], [53, 18], [1763, 33], [650, 34], [1564, 41], [757, 202], [350, 30], [43, 65], [818, 23], [650, 47], [994, 14], [650, 37], [590, 240], [581, 11], [307, 144], [698, 40], [1983, 60], [406, 114], [1582, 21], [1746, 15], [1011, 92], [1004, 7], [609, 172], [650, 85], [1904, 79], [302, 292], [1017, 294], [1887, 212], [1991, 48], [280, 46], [1382, 183], [589, 98], [1830, 66], [27, 252]], "mean": 0.002838134765625}