{"vals": [16.75, 7.15625, 6.9375, 4.71875, 3.375, 3.34375, 2.6875, 2.59375, 2.390625, 2.375, 2.3125, 2.28125, 2.25, 2.15625, 2.109375, 2.09375, 2.046875, 2.015625, 1.7421875, 1.6796875, 1.625, 1.4921875, 1.4765625, 1.46875, 1.4609375, 1.4453125, 1.40625, 1.375, 1.359375, 1.34375, 1.328125, 1.328125, 1.3125, 1.2890625, 1.2734375, 1.234375, 1.234375, 1.1953125, 1.171875, 1.15625, 1.1484375, 1.0703125, 1.0234375, 1.0078125, 1.0, 0.98046875, 0.96484375, 0.95703125, 0.9453125, 0.8984375, 0.8828125, 0.87109375, 0.84375, 0.8359375, 0.8359375, 0.83203125, 0.82421875, 0.81640625, 0.8125, 0.80859375, 0.79296875, 0.79296875, 0.7734375, 0.76953125, 0.765625, 0.76171875, 0.7578125, 0.75, 0.7421875, 0.7421875, 0.7265625, 0.7265625, 0.7265625, 0.72265625, 0.71484375, 0.71484375, 0.7109375, 0.70703125, 0.69140625, 0.68359375, 0.65625, 0.625, 0.62109375, 0.6171875, 0.60546875, 0.6015625, 0.59765625, 0.59765625, 0.59765625, 0.59375, 0.5859375, 0.57421875, 0.5703125, 0.5703125, 0.5703125, 0.5703125, 0.5703125, 0.56640625, 0.56640625, 0.5625], "inds": [[716, 246], [972, 106], [43, 89], [1320, 33], [544, 70], [544, 68], [1897, 54], [963, 124], [24, 70], [855, 167], [377, 39], [1284, 171], [391, 70], [512, 109], [329, 276], [404, 279], [1904, 79], [1763, 27], [1748, 247], [106, 121], [1210, 133], [329, 244], [1131, 153], [1792, 105], [1382, 183], [528, 169], [1887, 129], [5, 86], [149, 147], [1103, 120], [1983, 194], [1748, 166], [651, 268], [1284, 116], [1564, 156], [1587, 285], [481, 212], [406, 257], [1331, 114], [831, 157], [1748, 90], [149, 80], [149, 183], [1470, 264], [963, 155], [850, 252], [143, 209], [1131, 229], [1225, 44], [1897, 110], [1566, 25], [310, 258], [43, 92], [1726, 76], [1564, 129], [1890, 172], [1180, 70], [1397, 163], [1210, 116], [681, 51], [271, 211], [716, 163], [284, 151], [469, 200], [1587, 109], [1887, 136], [869, 111], [1225, 130], [1128, 92], [1564, 83], [948, 121], [106, 94], [149, 131], [1303, 171], [1564, 113], [1397, 72], [1327, 220], [237, 8], [645, 194], [1564, 191], [1564, 85], [609, 211], [1748, 169], [1701, 137], [1409, 63], [1748, 59], [1897, 135], [1748, 255], [716, 56], [1882, 18], [1284, 247], [1614, 181], [58, 166], [651, 223], [753, 21], [27, 120], [1897, 35], [926, 201], [68, 186], [1265, 24]], "mean": 0.0024871826171875}