{"vals": [6.09375, 5.90625, 5.65625, 5.0, 4.8125, 4.78125, 4.59375, 4.34375, 4.15625, 3.859375, 3.390625, 3.265625, 3.25, 3.09375, 3.03125, 2.90625, 2.734375, 2.6875, 2.65625, 2.453125, 2.390625, 2.359375, 2.34375, 2.25, 1.8828125, 1.8359375, 1.8203125, 1.796875, 1.765625, 1.765625, 1.734375, 1.71875, 1.6875, 1.65625, 1.65625, 1.6171875, 1.5703125, 1.5390625, 1.5234375, 1.5234375, 1.5234375, 1.4921875, 1.46875, 1.4375, 1.4375, 1.421875, 1.3984375, 1.390625, 1.3828125, 1.375, 1.359375, 1.3515625, 1.34375, 1.3203125, 1.3125, 1.3046875, 1.2890625, 1.28125, 1.28125, 1.28125, 1.28125, 1.265625, 1.2265625, 1.1640625, 1.1640625, 1.1484375, 1.1484375, 1.1484375, 1.1171875, 1.109375, 1.09375, 1.09375, 1.0859375, 1.078125, 1.0625, 1.0546875, 1.0546875, 1.0390625, 1.03125, 1.03125, 1.0078125, 1.0078125, 1.0078125, 1.0078125, 0.9765625, 0.9765625, 0.97265625, 0.97265625, 0.96875, 0.9609375, 0.9609375, 0.95703125, 0.953125, 0.953125, 0.9453125, 0.9296875, 0.9296875, 0.91796875, 0.9140625, 0.890625], "inds": [[1904, 79], [512, 97], [1285, 21], [972, 106], [460, 14], [1035, 23], [501, 33], [609, 272], [1763, 27], [271, 188], [714, 278], [26, 59], [1, 16], [1382, 183], [1410, 48], [1747, 33], [1202, 239], [683, 26], [1210, 259], [1299, 34], [1258, 12], [590, 240], [851, 171], [1996, 45], [195, 15], [625, 45], [1284, 116], [1629, 254], [319, 50], [1501, 26], [1624, 252], [1566, 58], [1708, 49], [594, 187], [149, 102], [645, 297], [1128, 92], [885, 41], [460, 10], [302, 160], [1160, 40], [948, 121], [1001, 46], [432, 23], [1614, 170], [1814, 18], [971, 27], [646, 57], [1768, 54], [1868, 61], [945, 254], [1273, 42], [948, 46], [103, 147], [910, 280], [1141, 35], [1421, 167], [1639, 102], [1887, 136], [1614, 241], [1947, 37], [1770, 54], [1748, 239], [1748, 32], [1464, 12], [1253, 120], [1639, 104], [480, 20], [609, 267], [1109, 26], [818, 221], [256, 35], [556, 66], [125, 20], [1614, 202], [903, 64], [567, 42], [3, 9], [1331, 121], [732, 8], [404, 161], [1022, 41], [1566, 62], [179, 109], [98, 70], [771, 21], [903, 71], [512, 109], [681, 61], [462, 20], [20, 34], [1371, 40], [716, 29], [1887, 129], [1614, 135], [1951, 54], [1555, 33], [681, 51], [365, 16], [1691, 65]], "mean": 0.0062255859375}