{"vals": [5.34375, 5.125, 4.4375, 4.40625, 3.546875, 3.5, 3.21875, 2.953125, 2.546875, 2.453125, 2.421875, 2.390625, 2.375, 2.15625, 2.15625, 1.8828125, 1.7421875, 1.71875, 1.6640625, 1.5390625, 1.5, 1.484375, 1.4765625, 1.4765625, 1.453125, 1.4375, 1.4140625, 1.3828125, 1.375, 1.3671875, 1.359375, 1.34375, 1.3046875, 1.2890625, 1.265625, 1.265625, 1.203125, 1.171875, 1.1640625, 1.1484375, 1.1328125, 1.125, 1.1171875, 1.109375, 1.1015625, 1.1015625, 1.09375, 1.0859375, 1.0625, 1.0625, 1.0546875, 1.0546875, 1.03125, 1.015625, 0.98828125, 0.9765625, 0.96875, 0.96484375, 0.9609375, 0.953125, 0.9453125, 0.9453125, 0.92578125, 0.91015625, 0.90625, 0.890625, 0.890625, 0.8828125, 0.875, 0.87109375, 0.87109375, 0.86328125, 0.85546875, 0.8515625, 0.83984375, 0.8359375, 0.83203125, 0.828125, 0.8203125, 0.8125, 0.8125, 0.80859375, 0.80859375, 0.8046875, 0.8046875, 0.796875, 0.796875, 0.78515625, 0.7734375, 0.7734375, 0.7734375, 0.76953125, 0.765625, 0.76171875, 0.76171875, 0.74609375, 0.7421875, 0.734375, 0.72265625, 0.71875], "inds": [[512, 97], [1001, 53], [693, 40], [20, 34], [948, 121], [164, 13], [651, 100], [918, 71], [269, 62], [556, 66], [1588, 46], [1092, 26], [679, 21], [1568, 50], [1035, 23], [1299, 31], [225, 35], [435, 187], [985, 18], [1847, 87], [971, 17], [1363, 34], [1377, 38], [11, 14], [315, 17], [645, 194], [404, 99], [167, 18], [1320, 87], [1228, 13], [374, 76], [1568, 38], [1629, 11], [1210, 133], [543, 183], [103, 147], [404, 164], [1300, 22], [1436, 20], [1880, 40], [1243, 49], [1170, 88], [831, 157], [293, 24], [371, 20], [1986, 63], [1095, 84], [1610, 13], [1428, 57], [559, 174], [140, 25], [1019, 27], [2, 70], [790, 179], [293, 49], [732, 10], [1056, 129], [650, 85], [268, 51], [1202, 216], [1724, 18], [1164, 26], [1808, 17], [903, 35], [216, 97], [1792, 93], [1532, 247], [1363, 33], [874, 15], [1501, 26], [1148, 67], [225, 19], [1164, 24], [1594, 7], [963, 51], [1568, 100], [1022, 49], [891, 11], [863, 22], [302, 49], [971, 27], [450, 10], [90, 112], [1904, 50], [722, 53], [1263, 22], [1164, 23], [528, 150], [1257, 12], [204, 69], [785, 48], [753, 21], [1983, 145], [1468, 255], [1639, 75], [677, 31], [139, 247], [469, 200], [1208, 60], [622, 245]], "mean": 0.0050048828125}