{"vals": [13.875, 9.4375, 8.75, 8.5, 8.125, 7.96875, 7.9375, 7.90625, 7.8125, 7.71875, 7.59375, 7.53125, 7.3125, 7.15625, 7.0, 6.875, 6.8125, 6.53125, 6.5, 6.4375, 6.1875, 6.15625, 6.0625, 6.03125, 5.9375, 5.6875, 5.625, 5.53125, 5.46875, 5.40625, 5.40625, 5.375, 5.3125, 5.25, 5.15625, 5.15625, 5.125, 5.09375, 5.03125, 5.0, 4.96875, 4.84375, 4.8125, 4.78125, 4.75, 4.75, 4.75, 4.71875, 4.6875, 4.65625, 4.65625, 4.59375, 4.59375, 4.5625, 4.46875, 4.4375, 4.4375, 4.4375, 4.4375, 4.4375, 4.40625, 4.34375, 4.34375, 4.25, 4.21875, 4.21875, 4.1875, 4.15625, 4.15625, 4.125, 4.09375, 4.09375, 4.0625, 4.0625, 4.0625, 4.0, 4.0, 3.890625, 3.875, 3.828125, 3.796875, 3.765625, 3.734375, 3.734375, 3.71875, 3.703125, 3.671875, 3.640625, 3.625, 3.59375, 3.59375, 3.59375, 3.578125, 3.53125, 3.484375, 3.46875, 3.453125, 3.453125, 3.4375, 3.40625], "inds": [[1639, 75], [1566, 40], [996, 34], [892, 79], [716, 246], [1929, 64], [1128, 102], [1, 17], [148, 58], [60, 38], [302, 64], [1948, 43], [609, 172], [1741, 188], [1536, 28], [1639, 112], [1069, 125], [1128, 92], [674, 52], [1371, 84], [1, 16], [641, 53], [1752, 14], [891, 36], [986, 31], [674, 251], [1748, 255], [1768, 51], [1022, 44], [609, 97], [7, 39], [1382, 183], [1770, 51], [103, 252], [1187, 18], [609, 241], [985, 22], [1432, 116], [723, 98], [579, 88], [268, 72], [948, 121], [891, 38], [1141, 41], [1299, 34], [1555, 33], [716, 53], [60, 16], [1566, 37], [1382, 177], [885, 62], [27, 257], [289, 242], [858, 39], [1280, 21], [855, 167], [1532, 34], [948, 127], [1331, 19], [626, 44], [268, 60], [329, 191], [698, 29], [302, 89], [435, 87], [789, 17], [473, 16], [1866, 35], [1284, 127], [985, 33], [817, 64], [1724, 144], [609, 267], [512, 97], [501, 33], [1109, 14], [1284, 250], [841, 25], [1996, 45], [1614, 241], [1948, 42], [855, 227], [831, 151], [1566, 52], [1287, 45], [175, 39], [1109, 26], [1904, 79], [158, 94], [1440, 15], [1202, 254], [427, 184], [435, 175], [1045, 25], [892, 81], [1904, 50], [1951, 34], [319, 67], [27, 252], [1535, 22]], "mean": 0.00799560546875}