{"vals": [7.71875, 7.40625, 7.09375, 6.96875, 6.71875, 6.59375, 6.34375, 6.09375, 4.78125, 4.78125, 4.75, 4.75, 4.71875, 4.625, 4.625, 4.3125, 4.15625, 4.125, 4.03125, 3.984375, 3.703125, 3.640625, 3.609375, 3.546875, 3.515625, 3.5, 3.34375, 3.3125, 3.296875, 3.28125, 3.28125, 3.21875, 3.0625, 3.046875, 3.03125, 2.9375, 2.84375, 2.8125, 2.796875, 2.734375, 2.71875, 2.6875, 2.65625, 2.65625, 2.640625, 2.546875, 2.546875, 2.515625, 2.453125, 2.453125, 2.4375, 2.421875, 2.390625, 2.390625, 2.375, 2.328125, 2.3125, 2.296875, 2.296875, 2.265625, 2.21875, 2.203125, 2.15625, 2.15625, 2.140625, 2.140625, 2.125, 2.109375, 2.109375, 2.109375, 2.109375, 2.078125, 2.0, 1.9921875, 1.9921875, 1.96875, 1.9453125, 1.9296875, 1.921875, 1.921875, 1.921875, 1.9140625, 1.8984375, 1.8984375, 1.890625, 1.890625, 1.875, 1.875, 1.8671875, 1.859375, 1.84375, 1.84375, 1.84375, 1.84375, 1.828125, 1.828125, 1.765625, 1.765625, 1.7578125, 1.75], "inds": [[1626, 57], [645, 194], [645, 297], [1904, 79], [1303, 153], [1321, 238], [716, 118], [1555, 33], [1962, 274], [721, 212], [391, 70], [1035, 23], [721, 211], [665, 139], [1626, 78], [1626, 55], [528, 169], [103, 252], [645, 208], [404, 164], [831, 151], [544, 68], [948, 185], [1904, 51], [1299, 31], [255, 242], [1331, 114], [1299, 34], [1926, 290], [892, 81], [544, 70], [971, 50], [948, 38], [1141, 47], [307, 144], [1639, 106], [869, 111], [471, 15], [1126, 30], [1926, 92], [1001, 53], [1626, 56], [469, 200], [1926, 156], [1079, 24], [1291, 28], [1284, 171], [651, 86], [27, 120], [1902, 156], [1210, 133], [1741, 191], [1962, 270], [851, 76], [1614, 197], [716, 179], [768, 49], [948, 121], [1792, 84], [556, 49], [329, 60], [1202, 254], [963, 51], [349, 43], [1614, 241], [255, 213], [1314, 54], [721, 149], [1748, 74], [1602, 25], [407, 101], [1926, 127], [1243, 82], [721, 151], [589, 125], [111, 58], [850, 252], [1028, 232], [1028, 288], [1253, 120], [371, 20], [1748, 182], [589, 126], [895, 157], [20, 260], [768, 32], [1843, 20], [1657, 121], [404, 247], [813, 242], [1626, 69], [644, 22], [391, 69], [480, 20], [1626, 54], [215, 229], [1739, 13], [1177, 167], [43, 65], [818, 24]], "mean": 0.009765625}