{"vals": [7.875, 6.625, 5.4375, 3.96875, 3.3125, 3.171875, 3.140625, 3.09375, 2.71875, 2.515625, 2.21875, 1.984375, 1.9609375, 1.9140625, 1.890625, 1.8828125, 1.796875, 1.7578125, 1.71875, 1.6796875, 1.6484375, 1.5625, 1.5234375, 1.5078125, 1.5, 1.4609375, 1.453125, 1.421875, 1.3671875, 1.3125, 1.296875, 1.296875, 1.2890625, 1.28125, 1.25, 1.234375, 1.21875, 1.2109375, 1.203125, 1.1796875, 1.1328125, 1.125, 1.109375, 1.0859375, 1.0703125, 1.0625, 1.0546875, 1.0546875, 1.0390625, 1.03125, 1.0078125, 1.0078125, 1.0, 1.0, 0.984375, 0.96875, 0.95703125, 0.953125, 0.94921875, 0.94921875, 0.94921875, 0.93359375, 0.92578125, 0.92578125, 0.9140625, 0.9140625, 0.9140625, 0.90234375, 0.8984375, 0.8984375, 0.8828125, 0.8828125, 0.875, 0.875, 0.875, 0.87109375, 0.85546875, 0.8515625, 0.83203125, 0.8203125, 0.79296875, 0.79296875, 0.7890625, 0.7890625, 0.77734375, 0.7734375, 0.7734375, 0.76171875, 0.76171875, 0.75390625, 0.75390625, 0.7421875, 0.7421875, 0.73828125, 0.73828125, 0.734375, 0.7109375, 0.7109375, 0.70703125, 0.6953125], "inds": [[1585, 92], [1382, 146], [418, 272], [1748, 247], [1001, 53], [1303, 153], [271, 188], [167, 18], [1327, 298], [589, 101], [406, 114], [948, 121], [269, 62], [1822, 129], [589, 110], [589, 104], [1382, 136], [818, 24], [343, 20], [528, 150], [589, 100], [724, 22], [1859, 27], [1792, 102], [609, 267], [1202, 254], [1035, 41], [1431, 40], [1808, 17], [1363, 34], [309, 95], [1651, 13], [885, 41], [216, 195], [406, 129], [1206, 35], [1904, 79], [1206, 26], [1013, 14], [1205, 40], [966, 180], [1732, 174], [1273, 42], [1934, 191], [512, 109], [556, 66], [490, 29], [329, 78], [1303, 170], [1382, 228], [43, 131], [963, 208], [406, 115], [1708, 49], [721, 15], [837, 24], [1748, 272], [1404, 145], [589, 125], [1363, 33], [1074, 275], [1770, 54], [1226, 60], [1148, 67], [948, 185], [1476, 22], [1476, 15], [1382, 183], [667, 148], [377, 39], [329, 225], [1566, 11], [1124, 211], [1180, 70], [20, 34], [1559, 91], [99, 77], [1154, 20], [1768, 54], [1320, 33], [1639, 162], [1128, 40], [600, 40], [1099, 28], [1175, 17], [653, 24], [162, 49], [1887, 129], [1478, 13], [359, 117], [589, 99], [1371, 78], [1282, 116], [1035, 48], [589, 126], [813, 70], [43, 92], [365, 16], [43, 65], [852, 231]], "mean": 0.00360107421875}