{"vals": [9.25, 9.25, 6.21875, 6.125, 6.0, 5.84375, 5.625, 5.5, 5.1875, 4.96875, 4.875, 4.75, 4.3125, 4.28125, 4.15625, 4.125, 3.9375, 3.875, 3.84375, 3.8125, 3.65625, 3.640625, 3.5625, 3.453125, 3.453125, 3.328125, 3.296875, 3.28125, 3.25, 3.234375, 3.171875, 3.15625, 3.09375, 3.046875, 3.0, 2.890625, 2.765625, 2.734375, 2.734375, 2.59375, 2.5625, 2.546875, 2.546875, 2.484375, 2.484375, 2.46875, 2.46875, 2.421875, 2.375, 2.34375, 2.34375, 2.34375, 2.3125, 2.296875, 2.28125, 2.28125, 2.265625, 2.265625, 2.25, 2.25, 2.234375, 2.21875, 2.21875, 2.171875, 2.171875, 2.140625, 2.125, 2.109375, 2.09375, 2.0625, 2.046875, 2.03125, 1.984375, 1.9765625, 1.9765625, 1.953125, 1.953125, 1.953125, 1.9453125, 1.9453125, 1.9375, 1.9375, 1.9296875, 1.9140625, 1.90625, 1.90625, 1.8984375, 1.8828125, 1.8671875, 1.8515625, 1.828125, 1.8203125, 1.7734375, 1.765625, 1.7421875, 1.7265625, 1.7109375, 1.6953125, 1.6875, 1.671875], "inds": [[716, 246], [651, 65], [1208, 45], [1, 16], [1, 17], [307, 144], [855, 206], [268, 87], [1273, 42], [1128, 92], [513, 16], [1887, 136], [60, 16], [1432, 116], [840, 20], [1948, 43], [1371, 78], [1210, 259], [948, 121], [1284, 82], [1748, 255], [1299, 34], [1280, 21], [1109, 26], [20, 34], [1748, 250], [512, 125], [1811, 272], [27, 240], [512, 97], [1284, 127], [1141, 41], [579, 88], [1253, 120], [1202, 164], [319, 128], [1774, 80], [302, 49], [753, 21], [379, 28], [263, 202], [1284, 250], [645, 212], [1275, 115], [1948, 42], [813, 38], [903, 71], [280, 46], [1322, 277], [768, 32], [1410, 48], [1708, 49], [1532, 141], [53, 15], [1608, 134], [1314, 54], [579, 212], [148, 58], [1202, 81], [1489, 95], [1459, 223], [858, 19], [577, 89], [149, 147], [674, 251], [556, 66], [1571, 94], [1208, 51], [1763, 27], [1902, 194], [1258, 12], [1092, 26], [1944, 108], [302, 89], [665, 62], [1202, 239], [1371, 131], [1768, 32], [1811, 276], [512, 100], [1382, 183], [1929, 110], [1830, 65], [846, 23], [609, 267], [1830, 17], [299, 43], [1983, 78], [1904, 52], [716, 230], [1291, 28], [1128, 133], [1582, 29], [1128, 102], [1226, 60], [948, 41], [193, 37], [1904, 50], [1770, 32], [948, 185]], "mean": 0.01275634765625}