{"vals": [11.375, 9.4375, 8.6875, 8.1875, 7.03125, 6.15625, 6.0625, 5.96875, 5.0625, 5.0, 4.78125, 4.59375, 4.5, 4.34375, 4.21875, 4.21875, 4.21875, 4.1875, 4.09375, 4.03125, 4.03125, 4.03125, 3.75, 3.625, 3.578125, 3.53125, 3.453125, 3.34375, 3.328125, 3.328125, 3.328125, 3.265625, 3.15625, 3.078125, 3.078125, 2.953125, 2.859375, 2.8125, 2.8125, 2.796875, 2.71875, 2.609375, 2.578125, 2.53125, 2.53125, 2.5, 2.46875, 2.46875, 2.4375, 2.421875, 2.421875, 2.421875, 2.40625, 2.375, 2.328125, 2.28125, 2.265625, 2.25, 2.15625, 2.15625, 2.09375, 2.09375, 2.0625, 2.0625, 2.046875, 2.015625, 2.015625, 1.9765625, 1.96875, 1.9453125, 1.9453125, 1.9296875, 1.9296875, 1.921875, 1.921875, 1.8984375, 1.8984375, 1.890625, 1.890625, 1.8671875, 1.84375, 1.828125, 1.8203125, 1.8203125, 1.8125, 1.8125, 1.8046875, 1.7734375, 1.75, 1.75, 1.7421875, 1.734375, 1.734375, 1.7265625, 1.71875, 1.7109375, 1.6875, 1.6875, 1.6875, 1.671875], "inds": [[1859, 30], [651, 65], [20, 34], [716, 246], [683, 26], [520, 34], [1382, 146], [1747, 33], [1035, 23], [1180, 148], [480, 20], [1158, 16], [753, 21], [1795, 25], [1926, 20], [268, 87], [255, 20], [1270, 42], [1806, 17], [677, 31], [867, 260], [164, 13], [1177, 28], [1639, 75], [556, 66], [1210, 259], [528, 169], [903, 85], [1808, 26], [1562, 19], [1225, 77], [271, 124], [996, 43], [756, 91], [101, 33], [1258, 12], [1830, 46], [106, 121], [298, 219], [1983, 78], [137, 183], [818, 24], [1382, 198], [175, 54], [892, 79], [1377, 38], [1671, 15], [316, 32], [1501, 26], [1128, 92], [1460, 190], [892, 30], [768, 32], [971, 50], [512, 40], [681, 51], [948, 185], [1431, 47], [1691, 89], [1410, 48], [1183, 23], [484, 38], [892, 81], [1887, 136], [26, 59], [1371, 44], [1941, 15], [854, 43], [1382, 183], [1138, 46], [702, 47], [1842, 34], [1614, 108], [609, 267], [1109, 26], [1, 16], [1226, 60], [1317, 19], [1351, 210], [1598, 21], [1562, 83], [1273, 42], [1566, 58], [1684, 17], [681, 61], [1421, 167], [702, 80], [319, 50], [702, 78], [1691, 130], [817, 68], [144, 13], [651, 268], [1613, 37], [1959, 11], [1866, 52], [628, 238], [1302, 24], [1348, 15], [1582, 29]], "mean": 0.00927734375}