{"vals": [9.3125, 9.0625, 9.0, 6.25, 5.5, 5.4375, 5.28125, 5.09375, 4.96875, 4.9375, 4.875, 4.75, 4.75, 4.03125, 3.828125, 3.546875, 3.453125, 3.40625, 3.3125, 3.296875, 3.296875, 3.15625, 3.03125, 2.96875, 2.875, 2.859375, 2.796875, 2.6875, 2.6875, 2.625, 2.625, 2.5625, 2.546875, 2.28125, 2.234375, 2.234375, 2.1875, 2.109375, 1.9296875, 1.921875, 1.921875, 1.8984375, 1.8828125, 1.8359375, 1.828125, 1.8125, 1.796875, 1.7890625, 1.765625, 1.75, 1.7421875, 1.71875, 1.703125, 1.671875, 1.6640625, 1.6640625, 1.65625, 1.609375, 1.6015625, 1.59375, 1.5859375, 1.5859375, 1.5703125, 1.5625, 1.5625, 1.5390625, 1.53125, 1.515625, 1.484375, 1.484375, 1.4609375, 1.453125, 1.4375, 1.4140625, 1.3984375, 1.3984375, 1.359375, 1.359375, 1.3515625, 1.34375, 1.34375, 1.34375, 1.34375, 1.3359375, 1.328125, 1.3125, 1.3046875, 1.3046875, 1.3046875, 1.296875, 1.296875, 1.2734375, 1.265625, 1.25, 1.25, 1.2421875, 1.2421875, 1.2421875, 1.21875, 1.21875], "inds": [[1639, 75], [716, 246], [645, 297], [1303, 153], [20, 34], [1382, 146], [512, 97], [26, 59], [1285, 21], [1210, 259], [1752, 14], [1382, 183], [43, 89], [501, 33], [1432, 116], [1991, 48], [113, 29], [302, 64], [106, 121], [815, 73], [948, 121], [716, 230], [556, 66], [1746, 46], [1564, 191], [1204, 92], [289, 242], [1890, 187], [641, 53], [1983, 78], [149, 147], [544, 70], [1202, 239], [1726, 75], [1001, 46], [544, 68], [1655, 88], [459, 279], [748, 210], [677, 31], [1001, 53], [271, 124], [216, 60], [903, 64], [1887, 136], [1280, 21], [1859, 66], [1691, 123], [753, 21], [1843, 62], [609, 267], [427, 184], [1628, 21], [1101, 230], [818, 24], [194, 17], [435, 187], [1955, 30], [435, 202], [1428, 66], [60, 16], [1072, 293], [1904, 79], [302, 160], [768, 35], [1273, 42], [1198, 49], [868, 25], [1777, 11], [1614, 172], [1796, 38], [319, 219], [147, 13], [1882, 18], [432, 23], [1623, 91], [800, 43], [1897, 163], [1774, 80], [1188, 279], [817, 64], [159, 19], [590, 257], [1691, 65], [1141, 47], [891, 53], [800, 35], [289, 127], [1330, 24], [1014, 28], [1303, 170], [561, 193], [1167, 31], [1902, 194], [858, 19], [106, 94], [815, 72], [1890, 172], [748, 250], [35, 79]], "mean": 0.0081787109375}