{"vals": [3.625, 2.75, 2.5, 2.109375, 1.9296875, 1.78125, 1.6328125, 1.59375, 1.5859375, 1.5390625, 1.484375, 1.453125, 1.40625, 1.3515625, 1.3203125, 1.3125, 1.3125, 1.3046875, 1.296875, 1.2890625, 1.28125, 1.21875, 1.125, 1.109375, 1.0703125, 1.0546875, 1.0546875, 1.046875, 1.0, 0.98046875, 0.96484375, 0.9453125, 0.9453125, 0.9453125, 0.90625, 0.90234375, 0.8984375, 0.8984375, 0.890625, 0.86328125, 0.859375, 0.83984375, 0.83203125, 0.8203125, 0.7578125, 0.72265625, 0.6796875, 0.671875, 0.671875, 0.6640625, 0.66015625, 0.640625, 0.5859375, 0.58203125, 0.578125, 0.55078125, 0.55078125, 0.54296875, 0.53125, 0.52734375, 0.5234375, 0.51953125, 0.51171875, 0.50390625, 0.5, 0.498046875, 0.49609375, 0.4921875, 0.482421875, 0.47265625, 0.470703125, 0.458984375, 0.455078125, 0.453125, 0.453125, 0.439453125, 0.4375, 0.435546875, 0.431640625, 0.427734375, 0.42578125, 0.42578125, 0.423828125, 0.419921875, 0.419921875, 0.41796875, 0.416015625, 0.4140625, 0.412109375, 0.41015625, 0.41015625, 0.408203125, 0.392578125, 0.392578125, 0.392578125, 0.390625, 0.388671875, 0.38671875, 0.38671875, 0.384765625], "inds": [[1428, 66], [879, 156], [1991, 48], [1631, 89], [1904, 79], [20, 34], [1910, 35], [1382, 183], [204, 83], [679, 21], [1530, 23], [646, 107], [508, 251], [1981, 88], [1859, 66], [319, 50], [1056, 187], [1724, 82], [1882, 18], [512, 109], [325, 37], [1904, 57], [252, 164], [406, 257], [1056, 66], [1614, 202], [948, 121], [1845, 290], [721, 15], [1099, 28], [1887, 136], [960, 16], [959, 16], [957, 16], [837, 24], [1708, 49], [646, 109], [93, 20], [809, 11], [106, 121], [1287, 16], [934, 262], [1680, 292], [785, 48], [1057, 135], [1346, 80], [1343, 59], [858, 19], [315, 17], [1343, 16], [1299, 31], [1068, 33], [1918, 39], [845, 216], [768, 32], [963, 51], [1904, 59], [765, 18], [297, 213], [1056, 271], [1291, 28], [840, 20], [126, 188], [512, 86], [1986, 9], [1141, 32], [1792, 93], [915, 62], [1475, 109], [1640, 158], [1379, 192], [1371, 78], [1382, 177], [1052, 32], [1670, 158], [793, 258], [1204, 24], [1605, 24], [1025, 48], [1531, 24], [972, 106], [1904, 50], [1966, 23], [818, 24], [646, 120], [1254, 17], [1301, 273], [1379, 193], [1270, 36], [1983, 93], [1206, 26], [1843, 62], [1226, 257], [391, 70], [248, 90], [1505, 48], [1253, 120], [1983, 60], [667, 297], [329, 225]], "mean": 0.0023040771484375}