{"vals": [12.0, 9.125, 6.90625, 6.625, 6.5, 6.4375, 6.1875, 6.125, 5.40625, 5.125, 4.53125, 4.5, 4.5, 4.28125, 4.28125, 4.25, 4.25, 4.21875, 4.03125, 4.03125, 3.90625, 3.890625, 3.890625, 3.875, 3.765625, 3.75, 3.734375, 3.59375, 3.5625, 3.53125, 3.359375, 3.28125, 3.203125, 3.203125, 3.171875, 3.09375, 3.046875, 3.015625, 2.953125, 2.9375, 2.921875, 2.890625, 2.875, 2.796875, 2.75, 2.734375, 2.671875, 2.640625, 2.640625, 2.609375, 2.578125, 2.578125, 2.578125, 2.546875, 2.53125, 2.515625, 2.4375, 2.4375, 2.421875, 2.421875, 2.390625, 2.375, 2.359375, 2.359375, 2.359375, 2.328125, 2.28125, 2.25, 2.203125, 2.15625, 2.15625, 2.125, 2.109375, 2.09375, 2.015625, 2.015625, 2.015625, 2.0, 2.0, 1.96875, 1.96875, 1.9609375, 1.9453125, 1.9296875, 1.9140625, 1.9140625, 1.8984375, 1.890625, 1.875, 1.8671875, 1.859375, 1.859375, 1.8515625, 1.8359375, 1.8203125, 1.8203125, 1.7890625, 1.78125, 1.7734375, 1.7421875], "inds": [[1983, 78], [1929, 64], [903, 85], [645, 194], [1128, 92], [972, 106], [1001, 46], [674, 52], [1303, 153], [1069, 125], [1830, 46], [501, 33], [1859, 30], [1299, 34], [1890, 112], [674, 251], [7, 39], [1141, 41], [1314, 182], [1022, 41], [319, 50], [1830, 66], [892, 79], [679, 21], [26, 59], [589, 126], [1530, 23], [1078, 81], [561, 17], [1284, 127], [1382, 177], [106, 121], [1880, 40], [1202, 254], [1284, 74], [1360, 47], [1022, 53], [528, 169], [891, 36], [1920, 136], [27, 257], [1109, 26], [522, 50], [257, 179], [677, 31], [1325, 30], [589, 125], [451, 21], [1180, 30], [589, 101], [1805, 74], [590, 240], [1706, 37], [126, 29], [1284, 250], [589, 127], [1128, 40], [377, 39], [1608, 134], [43, 89], [1904, 79], [1428, 66], [350, 30], [1092, 26], [43, 131], [714, 108], [512, 109], [1298, 53], [971, 50], [204, 83], [556, 66], [271, 86], [1382, 183], [626, 56], [651, 58], [1014, 28], [149, 80], [716, 216], [315, 17], [1748, 255], [1383, 53], [1904, 52], [435, 175], [1830, 17], [1614, 172], [268, 51], [1233, 61], [1421, 167], [892, 272], [651, 100], [1566, 52], [589, 100], [1639, 112], [1501, 26], [651, 121], [583, 39], [698, 40], [27, 132], [1768, 64], [892, 81]], "mean": 0.009765625}