{"vals": [10.625, 6.3125, 6.0625, 5.46875, 5.125, 5.125, 4.875, 4.6875, 4.09375, 3.90625, 3.703125, 3.3125, 3.296875, 3.1875, 3.171875, 3.09375, 3.046875, 3.046875, 2.859375, 2.84375, 2.8125, 2.6875, 2.65625, 2.578125, 2.5625, 2.5, 2.484375, 2.4375, 2.4375, 2.40625, 2.359375, 2.34375, 2.3125, 2.28125, 2.234375, 2.234375, 2.171875, 2.171875, 2.140625, 2.109375, 2.109375, 2.09375, 2.078125, 2.0625, 2.0625, 2.046875, 2.015625, 1.9296875, 1.9140625, 1.8828125, 1.875, 1.875, 1.8671875, 1.8515625, 1.8515625, 1.84375, 1.8359375, 1.7890625, 1.7578125, 1.75, 1.7421875, 1.7421875, 1.734375, 1.734375, 1.7265625, 1.71875, 1.703125, 1.703125, 1.6953125, 1.6640625, 1.6484375, 1.625, 1.6171875, 1.5859375, 1.578125, 1.5703125, 1.5546875, 1.546875, 1.5390625, 1.53125, 1.515625, 1.5078125, 1.5, 1.4921875, 1.4765625, 1.4765625, 1.4609375, 1.453125, 1.4453125, 1.4296875, 1.421875, 1.4140625, 1.4140625, 1.40625, 1.390625, 1.390625, 1.3828125, 1.375, 1.375, 1.375], "inds": [[716, 246], [1382, 228], [892, 79], [528, 169], [1303, 153], [1069, 125], [1035, 23], [891, 36], [1287, 45], [1904, 79], [1843, 62], [1555, 33], [996, 43], [268, 87], [1158, 16], [149, 102], [1748, 250], [1803, 198], [590, 240], [189, 22], [948, 121], [330, 82], [4, 234], [1330, 24], [1887, 212], [26, 69], [1579, 81], [103, 252], [753, 21], [1913, 33], [841, 25], [1443, 26], [435, 175], [651, 100], [793, 258], [256, 35], [971, 50], [1198, 41], [1566, 52], [302, 205], [589, 104], [512, 109], [319, 50], [391, 70], [1280, 21], [1929, 64], [20, 34], [1314, 54], [892, 272], [1582, 29], [302, 160], [1382, 177], [1887, 210], [225, 38], [644, 22], [192, 48], [1253, 120], [1270, 42], [501, 33], [903, 35], [918, 92], [1287, 75], [1706, 37], [683, 26], [469, 200], [625, 45], [1074, 275], [1382, 183], [513, 260], [1109, 26], [1847, 116], [1141, 35], [556, 66], [722, 150], [1299, 34], [724, 65], [1225, 190], [302, 292], [325, 29], [1013, 14], [1946, 55], [1020, 68], [676, 27], [1600, 20], [1440, 15], [609, 97], [27, 252], [651, 86], [1320, 33], [1792, 93], [1830, 51], [39, 16], [1187, 18], [1830, 65], [1708, 49], [748, 120], [27, 257], [79, 220], [716, 230], [1847, 105]], "mean": 0.0069580078125}