{"vals": [7.03125, 5.6875, 4.71875, 4.625, 4.0, 3.140625, 3.125, 2.828125, 2.796875, 2.578125, 2.5, 2.5, 2.28125, 2.25, 2.125, 2.078125, 2.078125, 2.046875, 1.9140625, 1.875, 1.859375, 1.8359375, 1.8359375, 1.8203125, 1.8125, 1.8046875, 1.7890625, 1.7109375, 1.6953125, 1.6875, 1.6796875, 1.65625, 1.625, 1.609375, 1.6015625, 1.59375, 1.5546875, 1.5546875, 1.5390625, 1.5078125, 1.5, 1.5, 1.484375, 1.4765625, 1.4765625, 1.46875, 1.453125, 1.4296875, 1.3984375, 1.390625, 1.3515625, 1.34375, 1.34375, 1.3203125, 1.3125, 1.3046875, 1.3046875, 1.2734375, 1.2734375, 1.2421875, 1.2421875, 1.21875, 1.21875, 1.2109375, 1.1953125, 1.1875, 1.1875, 1.1875, 1.171875, 1.171875, 1.15625, 1.1484375, 1.109375, 1.09375, 1.09375, 1.0859375, 1.0859375, 1.0625, 1.0546875, 1.0546875, 1.046875, 1.0390625, 1.0390625, 1.03125, 1.015625, 1.015625, 1.015625, 1.015625, 0.9765625, 0.9765625, 0.96484375, 0.96484375, 0.953125, 0.94140625, 0.9375, 0.9375, 0.9375, 0.9296875, 0.89453125, 0.89453125], "inds": [[716, 246], [512, 97], [20, 34], [501, 33], [1564, 191], [43, 89], [1890, 187], [948, 121], [307, 144], [195, 15], [1382, 146], [590, 240], [319, 50], [556, 66], [1202, 254], [651, 121], [963, 159], [1691, 154], [1904, 52], [1962, 274], [1897, 163], [1747, 33], [724, 22], [271, 244], [235, 181], [1752, 14], [996, 42], [235, 183], [1822, 129], [1284, 116], [625, 45], [1588, 128], [562, 264], [204, 83], [1806, 293], [903, 64], [459, 279], [1303, 153], [1233, 61], [1253, 120], [1714, 95], [1202, 216], [1530, 23], [1180, 148], [702, 47], [1869, 81], [1210, 197], [714, 108], [651, 86], [106, 94], [1284, 82], [147, 13], [81, 34], [1300, 22], [922, 33], [1398, 133], [1261, 84], [651, 19], [1904, 57], [1210, 259], [149, 147], [1297, 30], [768, 32], [813, 70], [1823, 128], [271, 188], [1092, 26], [27, 120], [948, 140], [1180, 193], [1639, 104], [1639, 59], [1097, 15], [1371, 84], [1962, 270], [1582, 29], [1768, 72], [1770, 72], [1639, 125], [319, 92], [818, 24], [1298, 53], [1432, 116], [528, 82], [609, 267], [1227, 126], [905, 129], [27, 252], [645, 297], [289, 162], [702, 55], [149, 197], [753, 21], [137, 183], [959, 16], [960, 16], [957, 16], [945, 12], [1069, 125], [1382, 183]], "mean": 0.00640869140625}