{"vals": [5.84375, 4.84375, 4.28125, 4.1875, 3.796875, 3.53125, 3.5, 3.3125, 3.15625, 3.125, 2.953125, 2.828125, 2.671875, 2.5625, 2.4375, 2.359375, 2.34375, 2.1875, 2.03125, 1.984375, 1.8671875, 1.703125, 1.703125, 1.6640625, 1.6328125, 1.5390625, 1.484375, 1.34375, 1.3359375, 1.2890625, 1.2421875, 1.21875, 1.2109375, 1.125, 1.0703125, 1.0390625, 1.015625, 1.0078125, 0.9921875, 0.98828125, 0.96875, 0.96875, 0.9375, 0.93359375, 0.921875, 0.90234375, 0.89453125, 0.88671875, 0.875, 0.87109375, 0.859375, 0.8515625, 0.84765625, 0.80078125, 0.796875, 0.76953125, 0.76171875, 0.76171875, 0.7578125, 0.7578125, 0.75390625, 0.75390625, 0.74609375, 0.7421875, 0.73046875, 0.71875, 0.71484375, 0.71484375, 0.7109375, 0.6953125, 0.6953125, 0.6953125, 0.6875, 0.68359375, 0.68359375, 0.67578125, 0.6640625, 0.6484375, 0.6484375, 0.63671875, 0.625, 0.62109375, 0.6171875, 0.6171875, 0.609375, 0.609375, 0.60546875, 0.60546875, 0.6015625, 0.58984375, 0.58984375, 0.57421875, 0.5703125, 0.5625, 0.55859375, 0.5546875, 0.5546875, 0.54296875, 0.5390625, 0.53515625], "inds": [[1626, 124], [1626, 133], [1926, 139], [815, 73], [1626, 132], [1626, 130], [522, 210], [1626, 98], [1163, 210], [1163, 211], [1748, 255], [1320, 33], [1001, 53], [1035, 23], [1826, 258], [1826, 257], [1626, 205], [1826, 82], [1826, 157], [1826, 154], [1644, 155], [15, 80], [1904, 79], [391, 96], [553, 82], [391, 60], [1904, 57], [1826, 135], [1148, 104], [1443, 26], [716, 246], [644, 22], [1822, 34], [1914, 202], [1887, 136], [1792, 93], [815, 72], [1874, 216], [625, 45], [1287, 245], [1148, 102], [391, 108], [891, 201], [1738, 51], [1626, 88], [149, 80], [1826, 256], [815, 71], [748, 220], [350, 286], [1826, 54], [1341, 80], [868, 296], [1433, 141], [449, 50], [391, 109], [1382, 183], [1382, 198], [1428, 66], [1874, 290], [1431, 40], [1626, 123], [475, 159], [1708, 49], [391, 70], [815, 130], [391, 193], [1826, 155], [1628, 21], [831, 151], [815, 69], [522, 209], [1822, 129], [1626, 89], [1921, 28], [35, 79], [1226, 60], [617, 99], [903, 35], [1822, 35], [1826, 53], [391, 291], [1596, 287], [1538, 50], [1826, 134], [391, 95], [20, 34], [134, 49], [1626, 131], [293, 87], [645, 297], [948, 121], [211, 60], [242, 213], [1926, 146], [1497, 272], [1201, 100], [963, 124], [1564, 41], [1253, 120]], "mean": 0.0018768310546875}