{"vals": [7.125, 6.59375, 5.5, 5.4375, 4.5625, 4.28125, 3.421875, 3.40625, 3.140625, 3.0625, 2.859375, 2.6875, 2.453125, 2.359375, 2.28125, 2.234375, 2.15625, 1.9453125, 1.921875, 1.828125, 1.6953125, 1.6640625, 1.6640625, 1.6015625, 1.5546875, 1.484375, 1.4140625, 1.3203125, 1.3046875, 1.2734375, 1.2734375, 1.234375, 1.1953125, 1.15625, 1.1484375, 1.125, 1.0859375, 1.0703125, 1.0625, 1.046875, 1.03125, 1.0234375, 1.0078125, 0.9765625, 0.95703125, 0.9375, 0.921875, 0.8828125, 0.87109375, 0.86328125, 0.86328125, 0.86328125, 0.86328125, 0.83984375, 0.80078125, 0.7890625, 0.76953125, 0.72265625, 0.7109375, 0.70703125, 0.703125, 0.69140625, 0.6796875, 0.6640625, 0.66015625, 0.65625, 0.65625, 0.65625, 0.65234375, 0.65234375, 0.65234375, 0.62890625, 0.62109375, 0.62109375, 0.62109375, 0.609375, 0.60546875, 0.6015625, 0.6015625, 0.59765625, 0.59765625, 0.58984375, 0.58984375, 0.58203125, 0.578125, 0.57421875, 0.56640625, 0.56640625, 0.5625, 0.5546875, 0.546875, 0.54296875, 0.5390625, 0.53515625, 0.53515625, 0.53125, 0.53125, 0.5234375, 0.51953125, 0.515625], "inds": [[1321, 238], [721, 151], [806, 162], [721, 149], [391, 70], [972, 106], [532, 263], [721, 212], [1926, 290], [721, 148], [1657, 121], [721, 211], [1382, 228], [645, 297], [255, 242], [43, 92], [1001, 53], [1926, 156], [289, 286], [768, 49], [1926, 92], [1926, 127], [391, 69], [1902, 194], [1890, 187], [609, 267], [255, 213], [948, 121], [43, 65], [1210, 259], [544, 70], [1722, 21], [149, 289], [532, 264], [1926, 128], [895, 157], [1202, 239], [4, 197], [1479, 173], [846, 19], [1202, 254], [1177, 167], [1180, 268], [1926, 221], [1913, 72], [1826, 235], [1926, 126], [1079, 24], [1843, 62], [17, 105], [645, 194], [1202, 164], [391, 68], [27, 120], [1409, 160], [1929, 162], [1303, 153], [1904, 52], [319, 50], [1287, 245], [255, 64], [1887, 129], [1479, 176], [1880, 158], [1188, 280], [716, 246], [747, 36], [747, 32], [544, 68], [1382, 183], [721, 161], [1188, 186], [747, 35], [695, 142], [1926, 291], [1382, 180], [511, 88], [1610, 23], [813, 184], [1880, 40], [1321, 210], [869, 111], [748, 294], [815, 264], [1890, 172], [1991, 48], [1608, 134], [948, 134], [716, 179], [1180, 269], [1806, 293], [1430, 47], [1926, 259], [1631, 282], [1748, 90], [1597, 91], [1630, 57], [634, 240], [1611, 72], [1926, 258]], "mean": 0.0029296875}