{"vals": [6.875, 5.375, 4.125, 2.265625, 2.1875, 1.265625, 1.234375, 0.98046875, 0.91015625, 0.91015625, 0.89453125, 0.8671875, 0.77734375, 0.75, 0.73046875, 0.71875, 0.70703125, 0.62109375, 0.61328125, 0.59765625, 0.59765625, 0.5703125, 0.55859375, 0.55078125, 0.54296875, 0.51953125, 0.50390625, 0.5, 0.486328125, 0.474609375, 0.470703125, 0.46875, 0.462890625, 0.462890625, 0.455078125, 0.443359375, 0.44140625, 0.43359375, 0.427734375, 0.42578125, 0.421875, 0.4140625, 0.41015625, 0.41015625, 0.40625, 0.40234375, 0.3984375, 0.3828125, 0.3828125, 0.376953125, 0.37109375, 0.37109375, 0.365234375, 0.36328125, 0.36328125, 0.36328125, 0.359375, 0.357421875, 0.3515625, 0.3515625, 0.349609375, 0.345703125, 0.33984375, 0.337890625, 0.333984375, 0.333984375, 0.328125, 0.3125, 0.3125, 0.30078125, 0.30078125, 0.29296875, 0.29296875, 0.2890625, 0.287109375, 0.287109375, 0.283203125, 0.283203125, 0.28125, 0.275390625, 0.2734375, 0.271484375, 0.271484375, 0.26953125, 0.26953125, 0.267578125, 0.267578125, 0.265625, 0.265625, 0.265625, 0.26171875, 0.259765625, 0.2578125, 0.251953125, 0.251953125, 0.251953125, 0.251953125, 0.25, 0.2490234375, 0.24609375], "inds": [[645, 297], [289, 242], [1001, 53], [852, 231], [43, 92], [27, 257], [712, 268], [609, 267], [1443, 26], [1920, 225], [528, 169], [371, 188], [1303, 123], [1645, 200], [1382, 228], [43, 89], [358, 219], [1253, 120], [867, 294], [645, 194], [1413, 272], [1467, 261], [325, 241], [645, 277], [948, 121], [1128, 212], [645, 289], [1774, 122], [69, 130], [454, 159], [1018, 287], [1238, 91], [1243, 82], [149, 183], [302, 292], [677, 31], [1645, 197], [35, 79], [1143, 216], [831, 220], [716, 246], [293, 87], [1747, 33], [406, 291], [435, 91], [1382, 183], [712, 270], [149, 289], [1645, 199], [625, 45], [972, 106], [1614, 264], [319, 226], [371, 203], [850, 252], [1092, 281], [892, 81], [1210, 208], [1890, 172], [371, 189], [831, 135], [268, 72], [1920, 224], [1284, 82], [1188, 280], [1035, 23], [831, 151], [645, 268], [289, 217], [1585, 237], [1811, 218], [910, 217], [107, 262], [1950, 191], [307, 291], [1341, 28], [319, 113], [1691, 100], [1385, 272], [952, 170], [645, 256], [43, 116], [1298, 216], [512, 109], [302, 64], [704, 299], [928, 206], [609, 172], [149, 290], [459, 259], [1748, 162], [645, 202], [650, 85], [1303, 171], [180, 139], [511, 165], [1888, 285], [371, 187], [107, 261], [1904, 52]], "mean": 0.00125885009765625}