{"vals": [7.28125, 5.71875, 5.15625, 3.78125, 3.578125, 2.328125, 2.09375, 1.75, 1.3671875, 1.2578125, 1.15625, 1.140625, 1.109375, 1.078125, 0.94921875, 0.94921875, 0.90234375, 0.83984375, 0.80078125, 0.78515625, 0.74609375, 0.7421875, 0.6953125, 0.68359375, 0.66796875, 0.6484375, 0.64453125, 0.6328125, 0.625, 0.62109375, 0.58984375, 0.5859375, 0.5859375, 0.578125, 0.56640625, 0.55859375, 0.5546875, 0.55078125, 0.55078125, 0.54296875, 0.54296875, 0.54296875, 0.54296875, 0.53515625, 0.53125, 0.52734375, 0.5078125, 0.50390625, 0.5, 0.5, 0.498046875, 0.494140625, 0.494140625, 0.494140625, 0.482421875, 0.48046875, 0.478515625, 0.474609375, 0.466796875, 0.45703125, 0.45703125, 0.44140625, 0.4375, 0.43359375, 0.421875, 0.419921875, 0.416015625, 0.412109375, 0.3984375, 0.3984375, 0.39453125, 0.392578125, 0.38671875, 0.3828125, 0.380859375, 0.376953125, 0.373046875, 0.36328125, 0.357421875, 0.353515625, 0.353515625, 0.3515625, 0.3515625, 0.349609375, 0.34765625, 0.34765625, 0.34765625, 0.345703125, 0.345703125, 0.341796875, 0.33984375, 0.33984375, 0.33984375, 0.337890625, 0.3359375, 0.3359375, 0.3359375, 0.328125, 0.326171875, 0.322265625], "inds": [[43, 92], [1303, 153], [1321, 238], [1001, 53], [178, 75], [1823, 128], [4, 234], [513, 260], [1382, 228], [926, 136], [1180, 148], [1303, 170], [528, 169], [27, 257], [302, 292], [895, 264], [319, 128], [818, 23], [590, 257], [1303, 171], [865, 243], [350, 33], [106, 121], [178, 103], [149, 289], [1275, 115], [58, 295], [1962, 242], [651, 232], [1887, 129], [948, 121], [1476, 262], [1284, 82], [590, 240], [256, 35], [1691, 130], [319, 50], [1428, 248], [406, 196], [349, 223], [1284, 116], [1748, 162], [645, 297], [1253, 120], [24, 70], [651, 268], [268, 72], [818, 115], [1545, 73], [1103, 231], [1466, 43], [590, 249], [1287, 75], [967, 199], [1614, 296], [48, 244], [1614, 277], [632, 192], [1890, 172], [845, 286], [590, 291], [1180, 268], [962, 93], [1341, 28], [948, 46], [412, 114], [1476, 170], [1880, 40], [1180, 193], [892, 81], [106, 117], [406, 136], [20, 34], [784, 195], [20, 260], [1134, 99], [134, 177], [294, 275], [137, 108], [1996, 45], [972, 106], [20, 184], [890, 180], [1614, 132], [1284, 247], [1614, 294], [1926, 128], [271, 198], [601, 243], [1823, 126], [1803, 198], [87, 204], [1227, 126], [1843, 62], [1148, 269], [568, 220], [651, 286], [1180, 269], [271, 235], [289, 242]], "mean": 0.0018768310546875}