{"vals": [4.5625, 4.3125, 3.921875, 3.640625, 3.46875, 3.359375, 2.765625, 2.703125, 2.59375, 2.46875, 2.203125, 2.1875, 2.109375, 1.8828125, 1.84375, 1.8203125, 1.671875, 1.6171875, 1.5859375, 1.5546875, 1.53125, 1.4375, 1.4296875, 1.421875, 1.3984375, 1.375, 1.359375, 1.359375, 1.34375, 1.328125, 1.3203125, 1.3046875, 1.296875, 1.28125, 1.2734375, 1.25, 1.2421875, 1.21875, 1.2109375, 1.1796875, 1.171875, 1.15625, 1.125, 1.1171875, 1.1171875, 1.09375, 1.0546875, 1.0234375, 1.0078125, 1.0, 0.99609375, 0.99609375, 0.97265625, 0.96484375, 0.9453125, 0.9375, 0.9140625, 0.91015625, 0.90234375, 0.88671875, 0.87890625, 0.87890625, 0.8671875, 0.8671875, 0.8671875, 0.8671875, 0.86328125, 0.859375, 0.83984375, 0.828125, 0.82421875, 0.8203125, 0.8125, 0.80859375, 0.8046875, 0.75390625, 0.75, 0.75, 0.734375, 0.73046875, 0.72265625, 0.71875, 0.71875, 0.703125, 0.69140625, 0.69140625, 0.6875, 0.6640625, 0.65234375, 0.65234375, 0.65234375, 0.6484375, 0.64453125, 0.625, 0.62109375, 0.6171875, 0.6171875, 0.6171875, 0.61328125, 0.61328125], "inds": [[103, 252], [20, 34], [1284, 82], [149, 159], [1822, 129], [134, 47], [1382, 228], [391, 70], [1056, 129], [702, 47], [855, 167], [435, 187], [134, 203], [435, 91], [645, 297], [651, 100], [702, 78], [702, 55], [1859, 30], [134, 177], [589, 189], [1623, 91], [1180, 148], [106, 121], [1180, 70], [1382, 198], [1382, 57], [702, 80], [377, 39], [702, 79], [1904, 52], [1210, 133], [702, 56], [1582, 29], [149, 289], [948, 121], [528, 169], [1887, 129], [1546, 288], [1421, 167], [1614, 181], [1275, 115], [579, 88], [1287, 299], [609, 194], [702, 61], [813, 38], [1747, 33], [667, 128], [813, 39], [373, 44], [910, 190], [1267, 156], [1164, 100], [1564, 144], [309, 95], [702, 48], [1741, 191], [469, 200], [707, 271], [590, 257], [238, 140], [589, 125], [556, 66], [841, 25], [271, 188], [589, 126], [702, 45], [584, 287], [963, 208], [319, 50], [268, 72], [43, 131], [1180, 269], [952, 89], [892, 79], [1139, 37], [758, 16], [1843, 62], [1128, 40], [885, 41], [1532, 138], [1826, 184], [271, 137], [391, 60], [1180, 231], [1191, 91], [289, 127], [1897, 163], [651, 19], [298, 36], [1614, 209], [1614, 241], [1046, 177], [1284, 127], [35, 79], [667, 148], [1802, 90], [1202, 254], [220, 59]], "mean": 0.0037078857421875}