{"vals": [10.0, 9.0625, 7.53125, 6.875, 6.8125, 6.5625, 6.5, 6.21875, 5.34375, 5.28125, 5.0625, 4.71875, 4.53125, 4.4375, 4.4375, 3.96875, 3.921875, 3.84375, 3.671875, 3.640625, 3.515625, 3.5, 3.484375, 3.265625, 3.21875, 3.21875, 3.21875, 3.203125, 3.171875, 3.046875, 3.015625, 2.90625, 2.84375, 2.734375, 2.640625, 2.640625, 2.609375, 2.40625, 2.359375, 2.359375, 2.3125, 2.265625, 2.265625, 2.265625, 2.25, 2.234375, 2.15625, 2.125, 2.0625, 2.03125, 1.9765625, 1.9375, 1.90625, 1.8984375, 1.875, 1.8515625, 1.8359375, 1.796875, 1.7734375, 1.7734375, 1.75, 1.7421875, 1.7421875, 1.7265625, 1.7265625, 1.6953125, 1.6953125, 1.6953125, 1.6640625, 1.6640625, 1.65625, 1.6484375, 1.6171875, 1.6015625, 1.59375, 1.59375, 1.578125, 1.5703125, 1.5625, 1.5546875, 1.5234375, 1.5234375, 1.5, 1.5, 1.4375, 1.4296875, 1.4140625, 1.4140625, 1.390625, 1.3828125, 1.3828125, 1.34375, 1.34375, 1.34375, 1.3359375, 1.3359375, 1.328125, 1.3203125, 1.3046875, 1.3046875], "inds": [[716, 246], [20, 34], [645, 297], [512, 97], [1382, 146], [1285, 21], [1187, 18], [674, 52], [1555, 33], [1382, 183], [1325, 30], [528, 169], [1022, 41], [674, 251], [26, 59], [319, 50], [681, 51], [714, 108], [501, 33], [1253, 120], [1202, 254], [716, 216], [1808, 26], [1859, 30], [1428, 66], [1069, 125], [948, 53], [319, 92], [1360, 47], [27, 257], [1691, 130], [1198, 41], [926, 280], [1794, 50], [609, 267], [1566, 58], [645, 194], [1501, 26], [1298, 53], [1331, 121], [271, 86], [1904, 51], [1902, 86], [789, 17], [1904, 52], [106, 121], [1291, 28], [343, 20], [1330, 24], [768, 32], [329, 60], [1225, 190], [1564, 191], [1708, 49], [1001, 46], [863, 22], [651, 268], [903, 85], [1377, 38], [651, 289], [543, 52], [1724, 18], [1169, 15], [435, 175], [1275, 115], [1822, 129], [1691, 65], [599, 278], [985, 33], [106, 137], [651, 86], [1179, 67], [933, 49], [1566, 52], [1582, 32], [948, 41], [1460, 37], [985, 18], [1904, 79], [289, 242], [512, 109], [716, 230], [491, 15], [556, 66], [948, 121], [1092, 102], [367, 23], [1774, 51], [106, 140], [1320, 33], [765, 53], [1341, 28], [1532, 110], [1303, 157], [651, 100], [1709, 11], [858, 19], [1253, 117], [1564, 144], [609, 172]], "mean": 0.008544921875}