{"vals": [11.5, 8.25, 7.78125, 6.8125, 6.5625, 5.84375, 5.6875, 5.6875, 5.0, 4.9375, 4.65625, 4.65625, 4.5625, 4.4375, 4.28125, 4.28125, 4.21875, 4.1875, 4.15625, 4.15625, 4.0625, 3.84375, 3.828125, 3.8125, 3.78125, 3.78125, 3.734375, 3.6875, 3.671875, 3.65625, 3.546875, 3.546875, 3.359375, 3.28125, 3.125, 3.125, 3.046875, 3.03125, 3.03125, 2.953125, 2.921875, 2.890625, 2.890625, 2.859375, 2.8125, 2.609375, 2.578125, 2.546875, 2.5, 2.453125, 2.4375, 2.421875, 2.40625, 2.40625, 2.40625, 2.3125, 2.296875, 2.28125, 2.265625, 2.25, 2.234375, 2.21875, 2.21875, 2.203125, 2.171875, 2.15625, 2.15625, 2.140625, 2.109375, 2.09375, 2.046875, 2.03125, 1.953125, 1.9296875, 1.921875, 1.90625, 1.90625, 1.8984375, 1.8984375, 1.84375, 1.8359375, 1.8125, 1.78125, 1.765625, 1.75, 1.75, 1.75, 1.703125, 1.6953125, 1.6875, 1.6796875, 1.6796875, 1.6484375, 1.6328125, 1.6171875, 1.609375, 1.59375, 1.5859375, 1.578125, 1.5703125], "inds": [[716, 246], [1983, 78], [1859, 27], [1579, 52], [972, 106], [140, 202], [1210, 259], [561, 17], [1887, 271], [330, 82], [1887, 210], [1158, 16], [268, 87], [1008, 147], [1198, 49], [26, 59], [20, 34], [1341, 80], [319, 50], [1983, 64], [714, 278], [1887, 212], [528, 169], [512, 97], [225, 38], [1068, 56], [179, 111], [113, 29], [918, 71], [556, 66], [716, 230], [1382, 177], [753, 21], [507, 100], [723, 277], [1202, 254], [1011, 41], [918, 40], [189, 22], [1428, 57], [1830, 46], [918, 54], [1582, 29], [1887, 272], [912, 53], [1384, 184], [330, 87], [891, 36], [800, 10], [918, 44], [1691, 89], [625, 45], [1955, 30], [885, 41], [1069, 125], [1454, 103], [1284, 127], [256, 246], [813, 136], [1530, 23], [1566, 62], [903, 35], [971, 50], [1448, 256], [1611, 280], [302, 286], [1421, 133], [628, 150], [1382, 183], [679, 21], [651, 100], [1032, 212], [1199, 120], [391, 70], [1148, 67], [918, 73], [1276, 297], [1390, 184], [1563, 15], [43, 92], [1, 16], [1822, 129], [1708, 49], [1331, 114], [1529, 278], [1983, 93], [1611, 288], [748, 177], [355, 91], [397, 158], [1887, 213], [918, 279], [1035, 22], [1546, 46], [435, 187], [245, 62], [1991, 48], [698, 40], [427, 184], [1667, 40]], "mean": 0.01043701171875}