{"vals": [3.96875, 3.84375, 3.765625, 3.59375, 3.40625, 3.3125, 2.796875, 2.796875, 2.796875, 2.5, 2.46875, 2.40625, 2.390625, 2.25, 2.078125, 2.078125, 1.984375, 1.984375, 1.9609375, 1.9375, 1.8984375, 1.8984375, 1.875, 1.8671875, 1.796875, 1.78125, 1.7421875, 1.6640625, 1.640625, 1.578125, 1.5703125, 1.4765625, 1.4609375, 1.421875, 1.3984375, 1.3984375, 1.375, 1.375, 1.2890625, 1.2578125, 1.21875, 1.2109375, 1.2109375, 1.203125, 1.1953125, 1.1953125, 1.1796875, 1.1328125, 1.125, 1.125, 1.1171875, 1.109375, 1.1015625, 1.0859375, 1.0859375, 1.0546875, 1.0078125, 1.0078125, 1.0, 0.9765625, 0.96875, 0.96484375, 0.9609375, 0.95703125, 0.9296875, 0.92578125, 0.91796875, 0.90234375, 0.8828125, 0.87890625, 0.875, 0.875, 0.8671875, 0.8515625, 0.84375, 0.84375, 0.84375, 0.8359375, 0.83203125, 0.82421875, 0.82421875, 0.8203125, 0.81640625, 0.8046875, 0.8046875, 0.80078125, 0.79296875, 0.7890625, 0.78515625, 0.77734375, 0.76953125, 0.76171875, 0.7578125, 0.7578125, 0.75, 0.74609375, 0.73828125, 0.734375, 0.734375, 0.73046875], "inds": [[43, 89], [1273, 42], [329, 259], [1890, 187], [948, 185], [1320, 33], [957, 16], [959, 16], [960, 16], [104, 172], [1180, 148], [1431, 40], [316, 32], [137, 183], [1421, 167], [329, 191], [1748, 255], [1035, 23], [1904, 57], [1582, 32], [1778, 14], [1032, 49], [856, 12], [793, 258], [1202, 254], [705, 33], [195, 15], [1179, 54], [985, 18], [948, 121], [1428, 66], [1, 16], [1022, 53], [1968, 257], [1822, 129], [1371, 78], [768, 32], [1959, 11], [307, 27], [536, 59], [194, 17], [1859, 30], [144, 13], [512, 109], [1128, 40], [1811, 276], [1859, 66], [88, 10], [681, 51], [479, 17], [903, 35], [818, 24], [302, 64], [609, 267], [20, 34], [1069, 125], [289, 127], [862, 55], [1369, 17], [142, 44], [1582, 29], [512, 125], [1410, 48], [260, 21], [405, 9], [1284, 116], [1275, 115], [800, 10], [1443, 56], [1530, 23], [1811, 56], [905, 133], [1782, 55], [1691, 65], [948, 184], [861, 14], [1859, 27], [1198, 41], [302, 292], [1618, 21], [651, 86], [745, 17], [18, 43], [418, 121], [293, 24], [678, 11], [885, 41], [1296, 26], [1996, 58], [1792, 105], [432, 23], [969, 25], [520, 34], [714, 237], [27, 257], [1941, 15], [677, 31], [1956, 46], [462, 20], [291, 38]], "mean": 0.0052490234375}