{"vals": [9.375, 6.25, 6.15625, 6.0, 5.34375, 3.9375, 3.921875, 3.78125, 3.609375, 3.4375, 3.1875, 2.984375, 2.859375, 2.828125, 2.6875, 2.4375, 2.40625, 2.203125, 2.171875, 2.125, 2.046875, 2.03125, 2.0, 1.984375, 1.9765625, 1.78125, 1.765625, 1.7109375, 1.65625, 1.59375, 1.5390625, 1.5390625, 1.4921875, 1.421875, 1.4140625, 1.40625, 1.3984375, 1.390625, 1.3828125, 1.375, 1.3671875, 1.3046875, 1.25, 1.234375, 1.234375, 1.21875, 1.203125, 1.1640625, 1.109375, 1.109375, 1.0859375, 1.0703125, 1.0703125, 1.0625, 1.0625, 1.0546875, 1.046875, 1.046875, 1.0390625, 1.03125, 1.0234375, 1.0234375, 1.015625, 1.0, 1.0, 1.0, 0.99609375, 0.99609375, 0.98828125, 0.98828125, 0.97265625, 0.96484375, 0.953125, 0.94921875, 0.94140625, 0.93359375, 0.921875, 0.88671875, 0.88671875, 0.8828125, 0.85546875, 0.8359375, 0.82421875, 0.8125, 0.8125, 0.80078125, 0.80078125, 0.79296875, 0.78515625, 0.78125, 0.78125, 0.7734375, 0.7734375, 0.76953125, 0.765625, 0.765625, 0.765625, 0.76171875, 0.75, 0.75], "inds": [[1859, 27], [1983, 78], [683, 26], [20, 34], [144, 13], [892, 81], [1405, 14], [1327, 95], [1017, 19], [1880, 40], [971, 50], [1154, 20], [856, 12], [1095, 120], [753, 21], [1562, 19], [948, 121], [1501, 26], [1876, 38], [1978, 64], [1996, 37], [958, 12], [1231, 299], [1348, 15], [1923, 70], [624, 19], [1253, 120], [858, 19], [1931, 10], [1566, 58], [1306, 111], [1499, 290], [432, 23], [1184, 141], [437, 264], [599, 194], [54, 30], [405, 43], [1599, 28], [1822, 34], [1210, 259], [1034, 150], [1371, 40], [1365, 210], [1365, 219], [1371, 131], [1872, 107], [544, 19], [1327, 96], [1284, 116], [256, 246], [910, 23], [1105, 14], [512, 109], [1566, 265], [1382, 183], [1545, 73], [624, 35], [1297, 30], [748, 250], [863, 22], [1822, 35], [1843, 62], [1650, 128], [100, 238], [997, 225], [203, 43], [1459, 223], [1243, 82], [882, 17], [813, 39], [140, 25], [734, 60], [504, 100], [1262, 10], [627, 184], [1579, 14], [286, 109], [1227, 126], [1365, 202], [1095, 84], [1092, 26], [1890, 187], [698, 40], [719, 180], [1893, 155], [1034, 145], [330, 163], [1119, 46], [1880, 258], [478, 248], [479, 17], [1987, 180], [1566, 52], [137, 183], [1830, 46], [677, 31], [1689, 212], [875, 20], [1139, 37]], "mean": 0.0064697265625}