{"vals": [7.5, 6.34375, 5.375, 5.28125, 4.9375, 4.78125, 4.75, 4.6875, 4.59375, 4.53125, 4.5, 4.5, 4.3125, 4.25, 4.21875, 4.15625, 3.96875, 3.921875, 3.796875, 3.765625, 3.71875, 3.703125, 3.65625, 3.40625, 3.390625, 3.203125, 3.203125, 3.046875, 3.03125, 2.96875, 2.90625, 2.90625, 2.890625, 2.84375, 2.828125, 2.8125, 2.765625, 2.734375, 2.734375, 2.703125, 2.671875, 2.546875, 2.53125, 2.53125, 2.515625, 2.515625, 2.453125, 2.421875, 2.40625, 2.390625, 2.359375, 2.296875, 2.28125, 2.28125, 2.28125, 2.265625, 2.265625, 2.25, 2.21875, 2.203125, 2.1875, 2.1875, 2.171875, 2.15625, 2.15625, 2.15625, 2.15625, 2.15625, 2.125, 2.078125, 2.0625, 2.015625, 2.015625, 2.015625, 2.0, 2.0, 2.0, 1.9921875, 1.984375, 1.9765625, 1.9609375, 1.9609375, 1.9609375, 1.9453125, 1.9375, 1.9296875, 1.921875, 1.90625, 1.90625, 1.8984375, 1.890625, 1.8828125, 1.875, 1.875, 1.8671875, 1.8671875, 1.8515625, 1.84375, 1.84375, 1.84375], "inds": [[683, 26], [1035, 23], [193, 125], [512, 97], [563, 152], [464, 221], [1604, 71], [258, 59], [898, 189], [556, 66], [20, 34], [1431, 47], [1665, 30], [936, 145], [788, 92], [861, 14], [391, 70], [1545, 72], [1013, 14], [1530, 23], [971, 50], [1664, 142], [271, 124], [1527, 232], [1243, 168], [589, 126], [1604, 264], [817, 107], [848, 27], [1887, 136], [1141, 47], [1394, 21], [903, 64], [516, 21], [1094, 184], [58, 166], [480, 20], [1302, 24], [1545, 73], [459, 279], [1243, 193], [464, 209], [853, 56], [1926, 20], [1870, 136], [181, 76], [319, 50], [1655, 88], [948, 121], [1545, 71], [1382, 183], [996, 42], [1068, 33], [1989, 34], [983, 221], [1300, 22], [1248, 178], [948, 185], [1714, 95], [1958, 7], [338, 223], [972, 106], [967, 20], [1843, 62], [194, 17], [1991, 48], [806, 12], [1732, 174], [589, 127], [1285, 27], [595, 33], [482, 86], [1783, 290], [2, 70], [1611, 53], [1095, 84], [1432, 253], [1154, 20], [106, 121], [1058, 165], [577, 187], [1297, 30], [885, 41], [753, 292], [966, 60], [210, 202], [44, 159], [1388, 157], [117, 11], [1887, 129], [296, 18], [1392, 23], [1331, 19], [1341, 80], [589, 12], [768, 35], [1991, 62], [424, 57], [966, 58], [919, 128]], "mean": 0.025390625}