{"vals": [6.875, 4.78125, 4.5625, 4.375, 3.765625, 3.671875, 3.671875, 3.125, 3.125, 3.09375, 3.046875, 2.921875, 2.8125, 2.734375, 2.6875, 2.625, 2.5625, 2.515625, 2.5, 2.5, 2.484375, 2.40625, 2.390625, 2.359375, 2.34375, 2.28125, 2.234375, 2.125, 2.125, 2.0625, 1.984375, 1.9375, 1.9375, 1.9375, 1.9296875, 1.921875, 1.9140625, 1.8828125, 1.8671875, 1.859375, 1.859375, 1.8359375, 1.765625, 1.7109375, 1.703125, 1.6640625, 1.6484375, 1.640625, 1.6171875, 1.6015625, 1.59375, 1.578125, 1.578125, 1.5703125, 1.5546875, 1.546875, 1.546875, 1.5390625, 1.5078125, 1.5, 1.4921875, 1.4765625, 1.46875, 1.421875, 1.421875, 1.421875, 1.421875, 1.3984375, 1.390625, 1.3828125, 1.3515625, 1.34375, 1.328125, 1.3125, 1.3125, 1.3046875, 1.2890625, 1.28125, 1.28125, 1.2734375, 1.25, 1.25, 1.25, 1.234375, 1.2265625, 1.2109375, 1.2109375, 1.1953125, 1.1796875, 1.171875, 1.15625, 1.1484375, 1.140625, 1.1171875, 1.09375, 1.0859375, 1.0859375, 1.0703125, 1.0703125, 1.0625], "inds": [[1763, 41], [26, 59], [757, 212], [1752, 14], [113, 29], [556, 66], [1368, 154], [1897, 193], [1001, 46], [106, 121], [1904, 52], [43, 92], [1747, 33], [1221, 15], [651, 100], [609, 172], [1221, 16], [315, 17], [1794, 50], [1566, 37], [1210, 259], [309, 95], [1275, 115], [855, 167], [302, 205], [1540, 31], [1141, 47], [903, 64], [319, 219], [1432, 116], [147, 13], [302, 292], [512, 109], [922, 46], [1501, 26], [1564, 191], [1202, 254], [1382, 183], [35, 83], [268, 72], [404, 279], [1167, 31], [162, 49], [225, 38], [1440, 15], [1499, 11], [609, 194], [1489, 95], [898, 11], [271, 188], [724, 22], [1929, 64], [590, 240], [1109, 26], [609, 267], [1092, 26], [1582, 21], [1382, 143], [681, 51], [1410, 48], [1608, 134], [893, 20], [948, 121], [633, 51], [1531, 291], [1253, 120], [1180, 70], [941, 16], [1069, 125], [1904, 57], [1996, 37], [371, 20], [651, 19], [1777, 11], [479, 17], [1529, 278], [1697, 17], [1341, 28], [753, 21], [189, 22], [1022, 49], [1882, 18], [1128, 40], [1614, 61], [903, 35], [1697, 18], [1887, 27], [356, 53], [1261, 84], [414, 30], [1508, 159], [35, 79], [528, 169], [1726, 75], [1421, 133], [258, 97], [1721, 77], [69, 84], [1726, 72], [1770, 54]], "mean": 0.007354736328125}