{"vals": [6.71875, 5.09375, 4.59375, 3.578125, 3.390625, 3.28125, 3.234375, 3.125, 2.96875, 2.578125, 2.328125, 2.296875, 2.234375, 2.171875, 2.09375, 2.046875, 1.984375, 1.828125, 1.8046875, 1.6640625, 1.6328125, 1.6171875, 1.5859375, 1.546875, 1.515625, 1.5, 1.4921875, 1.4921875, 1.4765625, 1.4765625, 1.46875, 1.4609375, 1.4609375, 1.4296875, 1.3984375, 1.359375, 1.3515625, 1.3359375, 1.2890625, 1.265625, 1.25, 1.1953125, 1.171875, 1.1640625, 1.0703125, 1.03125, 1.0234375, 1.0, 0.9609375, 0.95703125, 0.953125, 0.953125, 0.90625, 0.8984375, 0.88671875, 0.8671875, 0.86328125, 0.85546875, 0.8515625, 0.83203125, 0.81640625, 0.80859375, 0.796875, 0.796875, 0.78515625, 0.78515625, 0.76171875, 0.76171875, 0.76171875, 0.76171875, 0.75390625, 0.75, 0.74609375, 0.74609375, 0.74609375, 0.73828125, 0.7265625, 0.7265625, 0.71875, 0.7109375, 0.703125, 0.69921875, 0.69140625, 0.69140625, 0.69140625, 0.6875, 0.68359375, 0.68359375, 0.67578125, 0.67578125, 0.67578125, 0.671875, 0.671875, 0.66796875, 0.6640625, 0.66015625, 0.65625, 0.65625, 0.65234375, 0.6484375], "inds": [[1929, 64], [512, 97], [1141, 41], [1202, 254], [1273, 42], [645, 194], [271, 188], [241, 50], [948, 121], [1287, 45], [1253, 120], [716, 230], [134, 47], [319, 50], [892, 81], [1910, 35], [892, 79], [1382, 183], [556, 66], [972, 106], [630, 39], [1284, 82], [1628, 21], [971, 27], [645, 297], [818, 163], [418, 26], [1843, 62], [1708, 49], [609, 267], [1759, 67], [459, 279], [1611, 72], [1035, 37], [1233, 61], [1287, 16], [1001, 190], [1299, 34], [1022, 41], [1428, 136], [1074, 275], [272, 21], [1210, 259], [903, 64], [1141, 35], [1890, 172], [1284, 116], [1582, 32], [1614, 294], [106, 140], [1001, 191], [1331, 114], [1887, 129], [731, 123], [1198, 49], [1777, 11], [1421, 167], [856, 12], [1991, 62], [674, 11], [87, 204], [952, 100], [528, 169], [402, 164], [1180, 268], [765, 53], [800, 18], [1487, 176], [1880, 40], [1531, 98], [933, 69], [591, 4], [800, 43], [948, 41], [1303, 157], [1691, 130], [1830, 17], [1179, 54], [1880, 25], [1768, 72], [865, 243], [667, 204], [135, 285], [289, 127], [1315, 28], [679, 21], [491, 15], [271, 86], [1996, 45], [1791, 45], [862, 55], [1530, 23], [1132, 11], [590, 133], [1859, 57], [1275, 71], [875, 20], [1770, 72], [483, 284], [69, 84]], "mean": 0.00823974609375}