{"vals": [20.0, 18.125, 14.75, 13.6875, 13.5625, 13.1875, 12.5625, 12.25, 11.9375, 11.875, 11.75, 11.4375, 11.1875, 10.9375, 10.875, 10.875, 10.625, 10.4375, 10.375, 10.125, 9.9375, 9.875, 9.75, 9.75, 9.75, 9.75, 9.6875, 9.6875, 9.625, 9.5, 9.4375, 9.3125, 9.25, 9.1875, 8.9375, 8.8125, 8.8125, 8.75, 8.6875, 8.5625, 8.5625, 8.4375, 8.4375, 8.4375, 8.3125, 8.25, 8.1875, 8.0625, 7.90625, 7.6875, 7.59375, 7.4375, 7.375, 7.375, 7.34375, 7.28125, 7.25, 7.1875, 7.15625, 7.125, 7.09375, 7.09375, 7.09375, 7.0, 6.96875, 6.9375, 6.90625, 6.84375, 6.8125, 6.78125, 6.71875, 6.6875, 6.6875, 6.5625, 6.53125, 6.53125, 6.40625, 6.3125, 6.28125, 6.28125, 6.28125, 6.21875, 6.125, 6.0625, 6.03125, 6.03125, 6.0, 5.96875, 5.96875, 5.9375, 5.9375, 5.90625, 5.84375, 5.78125, 5.75, 5.75, 5.75, 5.71875, 5.6875, 5.65625], "inds": [[1346, 38], [505, 40], [351, 15], [74, 47], [1968, 16], [1935, 30], [32, 21], [1214, 44], [1126, 30], [871, 33], [1923, 26], [1662, 18], [1666, 16], [1227, 54], [515, 34], [610, 28], [1343, 38], [1566, 62], [505, 39], [491, 18], [359, 24], [547, 20], [1346, 37], [1392, 26], [632, 17], [1077, 21], [622, 22], [136, 25], [164, 29], [191, 36], [95, 29], [1662, 17], [1476, 22], [447, 22], [252, 25], [1273, 45], [1202, 293], [1928, 26], [866, 25], [397, 32], [492, 22], [406, 260], [1350, 32], [1935, 29], [1627, 30], [879, 16], [1923, 24], [720, 41], [1928, 34], [1019, 37], [1986, 24], [1923, 36], [866, 41], [1806, 20], [351, 14], [1566, 67], [856, 15], [711, 34], [1893, 15], [979, 25], [871, 32], [1568, 30], [900, 27], [1219, 55], [1224, 23], [1981, 17], [871, 69], [1591, 17], [1495, 17], [1978, 14], [1160, 43], [12, 19], [492, 16], [1214, 73], [448, 23], [1392, 28], [859, 48], [974, 265], [942, 21], [508, 24], [1019, 32], [303, 27], [1097, 26], [603, 27], [1392, 29], [699, 15], [402, 78], [476, 24], [1017, 22], [22, 26], [353, 42], [547, 37], [1957, 20], [1129, 21], [1010, 16], [1009, 16], [1012, 16], [114, 18], [1214, 38], [1130, 20]], "mean": 0.0096435546875}