{"vals": [3.890625, 0.46484375, 0.244140625, 0.18359375, 0.1650390625, 0.1552734375, 0.142578125, 0.1357421875, 0.126953125, 0.11962890625, 0.119140625, 0.1083984375, 0.10400390625, 0.10302734375, 0.09765625, 0.09375, 0.09130859375, 0.0830078125, 0.0810546875, 0.080078125, 0.080078125, 0.080078125, 0.0791015625, 0.076171875, 0.07275390625, 0.072265625, 0.0712890625, 0.0693359375, 0.0693359375, 0.06884765625, 0.06884765625, 0.0673828125, 0.06640625, 0.06494140625, 0.06396484375, 0.06396484375, 0.0634765625, 0.06298828125, 0.06298828125, 0.062255859375, 0.06201171875, 0.0556640625, 0.0546875, 0.054443359375, 0.05322265625, 0.052734375, 0.05224609375, 0.05126953125, 0.050537109375, 0.049560546875, 0.04931640625, 0.049072265625, 0.049072265625, 0.048828125, 0.048828125, 0.04833984375, 0.0478515625, 0.04736328125, 0.047119140625, 0.04638671875, 0.04638671875, 0.04638671875, 0.045166015625, 0.044677734375, 0.0439453125, 0.043701171875, 0.04296875, 0.0419921875, 0.041259765625, 0.040771484375, 0.040283203125, 0.040283203125, 0.0400390625, 0.0400390625, 0.039306640625, 0.039306640625, 0.039306640625, 0.038330078125, 0.0380859375, 0.0380859375, 0.0380859375, 0.037841796875, 0.03662109375, 0.03662109375, 0.03662109375, 0.0361328125, 0.035888671875, 0.035888671875, 0.03564453125, 0.035400390625, 0.03515625, 0.034912109375, 0.03466796875, 0.034423828125, 0.0341796875, 0.0341796875, 0.0341796875, 0.033935546875, 0.033935546875, 0.033447265625], "inds": [[1001, 53], [609, 267], [20, 34], [1421, 167], [948, 121], [996, 42], [1887, 129], [1202, 254], [1752, 39], [293, 87], [1371, 131], [1691, 130], [1532, 138], [768, 35], [543, 64], [974, 251], [1691, 65], [512, 109], [1210, 263], [974, 264], [1962, 65], [329, 225], [862, 55], [148, 58], [716, 230], [948, 41], [818, 23], [1141, 35], [1170, 31], [149, 102], [1428, 66], [651, 100], [1862, 18], [26, 59], [447, 22], [1880, 40], [325, 37], [585, 24], [1566, 58], [106, 121], [556, 66], [651, 19], [996, 43], [1996, 45], [1180, 148], [1410, 48], [544, 70], [683, 26], [1273, 44], [905, 131], [626, 182], [1868, 15], [149, 270], [43, 89], [1582, 32], [590, 240], [1390, 184], [1905, 74], [391, 70], [716, 163], [1069, 106], [106, 94], [1859, 66], [349, 45], [1792, 84], [905, 129], [464, 209], [634, 240], [139, 47], [1611, 72], [609, 172], [1843, 62], [203, 21], [406, 257], [978, 64], [1, 16], [1056, 15], [1225, 267], [464, 194], [81, 34], [1472, 19], [625, 45], [645, 194], [507, 119], [1284, 82], [543, 62], [1204, 92], [299, 130], [1792, 105], [677, 31], [1273, 96], [1482, 15], [974, 250], [1978, 14], [1227, 51], [179, 20], [1141, 47], [1103, 246], [1380, 22], [1467, 208]], "mean": 0.0002727508544921875}