{"vals": [4.6875, 4.53125, 4.375, 4.1875, 3.609375, 3.53125, 3.453125, 3.234375, 3.078125, 2.9375, 2.734375, 2.4375, 2.421875, 2.171875, 2.140625, 2.078125, 1.96875, 1.7734375, 1.75, 1.7421875, 1.640625, 1.609375, 1.59375, 1.5859375, 1.5625, 1.5390625, 1.515625, 1.5078125, 1.5078125, 1.5, 1.484375, 1.40625, 1.375, 1.3515625, 1.3515625, 1.3125, 1.3046875, 1.2890625, 1.28125, 1.234375, 1.2109375, 1.2109375, 1.203125, 1.171875, 1.1640625, 1.125, 1.109375, 1.09375, 1.09375, 1.09375, 1.078125, 1.0625, 1.0625, 1.0546875, 1.0390625, 1.0234375, 0.9921875, 0.98828125, 0.98828125, 0.984375, 0.984375, 0.97265625, 0.97265625, 0.95703125, 0.9296875, 0.9296875, 0.9296875, 0.92578125, 0.921875, 0.9140625, 0.91015625, 0.91015625, 0.90625, 0.90234375, 0.89453125, 0.890625, 0.87109375, 0.8671875, 0.8671875, 0.86328125, 0.83984375, 0.8359375, 0.8359375, 0.828125, 0.82421875, 0.8046875, 0.796875, 0.79296875, 0.79296875, 0.7890625, 0.77734375, 0.7734375, 0.7734375, 0.7578125, 0.75390625, 0.75, 0.73828125, 0.73828125, 0.73046875, 0.73046875], "inds": [[1321, 238], [1859, 27], [674, 251], [1904, 79], [1830, 46], [1202, 254], [1001, 53], [1748, 247], [589, 126], [971, 50], [948, 121], [289, 242], [589, 125], [1585, 92], [589, 127], [97, 133], [793, 176], [651, 100], [1074, 275], [609, 241], [1748, 255], [712, 268], [532, 263], [1377, 38], [106, 121], [609, 293], [454, 192], [1830, 66], [27, 252], [1859, 30], [867, 260], [590, 192], [466, 93], [1226, 50], [579, 88], [1022, 44], [1284, 116], [27, 228], [1421, 167], [43, 131], [1431, 47], [329, 244], [1258, 12], [908, 32], [561, 17], [1382, 183], [609, 267], [512, 109], [1226, 60], [556, 66], [238, 259], [26, 59], [1748, 250], [106, 137], [891, 201], [1202, 290], [589, 124], [238, 258], [590, 149], [1588, 128], [512, 125], [1706, 37], [1582, 29], [1409, 160], [27, 257], [106, 140], [721, 15], [1691, 154], [1238, 91], [1530, 23], [307, 209], [1982, 18], [1303, 170], [1303, 153], [589, 130], [1299, 34], [435, 175], [1822, 129], [1897, 193], [1382, 177], [1351, 210], [1706, 80], [609, 97], [239, 55], [590, 202], [512, 107], [329, 123], [1296, 26], [904, 175], [1188, 279], [813, 277], [394, 176], [609, 272], [100, 244], [426, 60], [1045, 295], [239, 46], [43, 89], [960, 16], [957, 16]], "mean": 0.005706787109375}