{"vals": [9.8125, 6.96875, 5.28125, 3.859375, 3.640625, 2.96875, 2.875, 2.84375, 2.4375, 2.21875, 2.140625, 1.9296875, 1.9140625, 1.8984375, 1.875, 1.8671875, 1.828125, 1.734375, 1.6640625, 1.6640625, 1.65625, 1.640625, 1.5703125, 1.5078125, 1.453125, 1.421875, 1.3984375, 1.390625, 1.3828125, 1.375, 1.3515625, 1.3515625, 1.2578125, 1.1953125, 1.1953125, 1.1796875, 1.171875, 1.1640625, 1.15625, 1.15625, 1.1328125, 1.0546875, 1.0546875, 1.046875, 1.046875, 1.0390625, 1.03125, 1.0234375, 1.015625, 1.015625, 1.0, 0.99609375, 0.98828125, 0.9765625, 0.97265625, 0.96875, 0.95703125, 0.95703125, 0.93359375, 0.92578125, 0.9140625, 0.9140625, 0.90625, 0.8984375, 0.87890625, 0.87890625, 0.87890625, 0.85546875, 0.8359375, 0.82421875, 0.8125, 0.80859375, 0.80859375, 0.80078125, 0.796875, 0.7890625, 0.78125, 0.7734375, 0.76953125, 0.765625, 0.765625, 0.76171875, 0.7578125, 0.7578125, 0.7578125, 0.75390625, 0.75390625, 0.75390625, 0.75, 0.75, 0.75, 0.74609375, 0.74609375, 0.74609375, 0.7421875, 0.7421875, 0.73046875, 0.73046875, 0.7265625, 0.71875], "inds": [[1859, 27], [645, 297], [289, 242], [831, 151], [1056, 129], [589, 127], [589, 125], [1608, 134], [589, 126], [625, 45], [645, 239], [1880, 40], [1431, 47], [645, 260], [512, 97], [1910, 35], [1962, 274], [589, 124], [289, 286], [1100, 190], [677, 31], [1243, 285], [846, 35], [402, 150], [609, 194], [1614, 181], [1103, 230], [1253, 39], [1428, 57], [1243, 286], [1443, 165], [589, 130], [1808, 17], [1608, 189], [1706, 37], [402, 164], [1748, 255], [245, 227], [1761, 169], [235, 181], [1382, 183], [1001, 190], [289, 167], [459, 279], [1611, 72], [1832, 146], [1887, 136], [1303, 148], [1284, 82], [1143, 68], [1530, 23], [1303, 170], [818, 24], [1188, 279], [1266, 299], [948, 121], [418, 26], [1888, 206], [910, 280], [753, 292], [1321, 238], [1832, 145], [1614, 241], [1298, 216], [645, 282], [1103, 232], [634, 240], [855, 227], [1303, 123], [1977, 24], [72, 151], [1532, 138], [818, 23], [793, 258], [1103, 231], [97, 116], [869, 111], [589, 131], [1428, 81], [1143, 216], [667, 297], [289, 127], [1811, 296], [590, 171], [1962, 270], [1741, 210], [1582, 29], [667, 148], [149, 218], [1101, 290], [1679, 60], [1569, 208], [1705, 183], [1521, 192], [1843, 62], [1532, 141], [1074, 275], [1467, 261], [1914, 193], [1904, 79]], "mean": 0.005645751953125}