{"vals": [6.34375, 4.3125, 4.25, 4.03125, 3.9375, 3.6875, 2.8125, 2.703125, 2.671875, 2.65625, 2.46875, 2.3125, 2.203125, 2.140625, 2.125, 2.0625, 1.9609375, 1.953125, 1.921875, 1.8359375, 1.8125, 1.7734375, 1.7734375, 1.7734375, 1.6875, 1.671875, 1.5859375, 1.5859375, 1.578125, 1.546875, 1.5390625, 1.5234375, 1.4921875, 1.484375, 1.484375, 1.484375, 1.46875, 1.4609375, 1.4609375, 1.4375, 1.4296875, 1.421875, 1.390625, 1.3828125, 1.3828125, 1.359375, 1.3515625, 1.3515625, 1.34375, 1.3359375, 1.3359375, 1.3203125, 1.3203125, 1.2890625, 1.2734375, 1.265625, 1.2578125, 1.25, 1.2421875, 1.234375, 1.2265625, 1.21875, 1.21875, 1.1953125, 1.1953125, 1.1953125, 1.1796875, 1.15625, 1.15625, 1.1484375, 1.1484375, 1.140625, 1.140625, 1.1328125, 1.1328125, 1.1328125, 1.1328125, 1.125, 1.1171875, 1.109375, 1.109375, 1.1015625, 1.1015625, 1.09375, 1.0859375, 1.0859375, 1.0703125, 1.0703125, 1.0703125, 1.0625, 1.0546875, 1.046875, 1.0390625, 1.03125, 1.0234375, 1.0078125, 1.0078125, 1.0078125, 1.0, 0.984375], "inds": [[1321, 238], [793, 176], [1238, 91], [404, 279], [590, 224], [1303, 143], [1585, 237], [1382, 143], [1180, 268], [558, 294], [1188, 136], [1188, 264], [1188, 251], [634, 89], [714, 293], [1092, 128], [1045, 229], [1128, 102], [590, 249], [511, 88], [289, 242], [1962, 250], [402, 164], [1188, 280], [1868, 113], [712, 268], [1045, 295], [532, 299], [867, 260], [1708, 49], [1188, 178], [1048, 214], [1188, 248], [1962, 252], [222, 60], [106, 121], [1188, 278], [1904, 79], [1253, 120], [453, 81], [1103, 246], [714, 296], [590, 162], [1188, 249], [1188, 253], [371, 188], [738, 299], [35, 204], [1225, 109], [1949, 270], [1298, 114], [926, 256], [1038, 85], [106, 137], [1744, 262], [609, 267], [1868, 112], [617, 99], [952, 147], [831, 204], [1188, 182], [1173, 258], [1188, 273], [103, 252], [319, 50], [1323, 265], [1479, 173], [289, 228], [1188, 134], [431, 246], [1188, 209], [1950, 191], [1045, 291], [831, 282], [590, 239], [910, 217], [522, 210], [1188, 246], [386, 179], [1188, 276], [714, 263], [1188, 245], [1188, 227], [1382, 183], [1188, 274], [1188, 185], [1744, 263], [1744, 264], [788, 138], [1188, 137], [97, 108], [97, 107], [26, 59], [1128, 133], [1180, 289], [1188, 186], [1169, 267], [1243, 282], [1092, 131], [1048, 296]], "mean": 0.005523681640625}