{"vals": [2.796875, 2.625, 1.703125, 1.40625, 1.2890625, 1.2578125, 1.203125, 1.171875, 1.1484375, 1.0703125, 1.0625, 0.99609375, 0.98828125, 0.96875, 0.88671875, 0.87109375, 0.84765625, 0.84765625, 0.8359375, 0.8359375, 0.83203125, 0.81640625, 0.81640625, 0.80078125, 0.77734375, 0.7421875, 0.72265625, 0.6875, 0.6796875, 0.65625, 0.62109375, 0.609375, 0.57421875, 0.5703125, 0.5703125, 0.5703125, 0.5546875, 0.55078125, 0.53515625, 0.53125, 0.52734375, 0.51953125, 0.51171875, 0.5078125, 0.50390625, 0.494140625, 0.478515625, 0.478515625, 0.47265625, 0.46875, 0.46875, 0.45703125, 0.455078125, 0.44921875, 0.447265625, 0.443359375, 0.4375, 0.435546875, 0.43359375, 0.43359375, 0.42578125, 0.423828125, 0.421875, 0.419921875, 0.41796875, 0.41015625, 0.408203125, 0.408203125, 0.40234375, 0.3984375, 0.396484375, 0.39453125, 0.39453125, 0.390625, 0.3828125, 0.3828125, 0.380859375, 0.37890625, 0.37890625, 0.375, 0.369140625, 0.365234375, 0.365234375, 0.36328125, 0.36328125, 0.361328125, 0.359375, 0.359375, 0.35546875, 0.35546875, 0.353515625, 0.353515625, 0.3515625, 0.349609375, 0.349609375, 0.349609375, 0.34765625, 0.345703125, 0.34375, 0.34375], "inds": [[1823, 128], [1202, 239], [298, 219], [1225, 63], [1485, 77], [1545, 73], [1001, 53], [289, 217], [1074, 76], [904, 175], [865, 243], [202, 109], [1382, 177], [134, 203], [1265, 158], [1748, 162], [517, 252], [1284, 116], [788, 138], [1382, 228], [426, 36], [1382, 183], [149, 289], [1502, 222], [855, 37], [1413, 272], [54, 114], [1718, 128], [1266, 299], [1680, 292], [1202, 254], [601, 240], [258, 97], [1545, 72], [134, 177], [1792, 105], [404, 182], [521, 95], [845, 287], [1485, 84], [1904, 79], [975, 267], [1128, 40], [626, 182], [904, 176], [309, 240], [1141, 102], [589, 258], [1614, 241], [5, 41], [28, 280], [895, 264], [319, 113], [178, 262], [813, 39], [865, 242], [1582, 32], [1890, 298], [1469, 236], [1303, 157], [1882, 234], [1614, 291], [904, 230], [1225, 77], [149, 155], [298, 218], [1225, 204], [904, 229], [1497, 272], [1823, 126], [579, 157], [402, 177], [1938, 264], [609, 267], [1717, 281], [904, 208], [1443, 26], [1830, 46], [904, 201], [1792, 176], [1708, 46], [1614, 170], [289, 127], [1983, 161], [406, 257], [1081, 122], [1238, 23], [454, 23], [1983, 149], [926, 297], [741, 122], [1225, 199], [1614, 294], [695, 142], [1804, 189], [634, 240], [1111, 91], [784, 195], [1303, 215], [28, 197]], "mean": 0.0037689208984375}