{"vals": [3.109375, 3.015625, 2.953125, 2.875, 2.78125, 2.59375, 2.5, 2.484375, 2.453125, 2.34375, 2.328125, 2.3125, 2.109375, 2.0625, 1.9609375, 1.859375, 1.75, 1.75, 1.7265625, 1.703125, 1.6953125, 1.65625, 1.6328125, 1.6328125, 1.5859375, 1.5859375, 1.5703125, 1.484375, 1.46875, 1.453125, 1.390625, 1.3828125, 1.375, 1.375, 1.3671875, 1.3515625, 1.3125, 1.2734375, 1.2421875, 1.2421875, 1.234375, 1.21875, 1.2109375, 1.1953125, 1.1796875, 1.171875, 1.171875, 1.1640625, 1.1640625, 1.15625, 1.1484375, 1.140625, 1.1171875, 1.1015625, 1.0859375, 1.078125, 1.078125, 1.0546875, 1.046875, 1.03125, 1.015625, 1.0078125, 1.0078125, 1.0, 0.98046875, 0.98046875, 0.9765625, 0.9765625, 0.9765625, 0.97265625, 0.97265625, 0.96484375, 0.95703125, 0.95703125, 0.953125, 0.94140625, 0.9375, 0.93359375, 0.92578125, 0.921875, 0.91015625, 0.91015625, 0.90234375, 0.8984375, 0.89453125, 0.88671875, 0.8828125, 0.8828125, 0.87890625, 0.87109375, 0.86328125, 0.8515625, 0.8515625, 0.84765625, 0.84375, 0.83203125, 0.83203125, 0.82421875, 0.82421875, 0.8203125], "inds": [[1734, 56], [1299, 34], [958, 12], [1880, 40], [556, 66], [1691, 130], [271, 188], [1210, 259], [1991, 48], [1371, 131], [1887, 136], [162, 49], [1788, 14], [852, 231], [404, 279], [1074, 275], [875, 20], [1267, 156], [1997, 110], [271, 227], [1501, 26], [167, 114], [101, 33], [1726, 75], [1655, 88], [1792, 184], [753, 21], [1075, 90], [423, 189], [1822, 129], [822, 42], [7, 39], [1777, 11], [330, 163], [1326, 13], [1741, 191], [1792, 183], [1724, 18], [1882, 18], [1991, 62], [43, 89], [527, 29], [299, 43], [1847, 79], [1788, 13], [106, 121], [1890, 187], [1284, 250], [1432, 116], [1286, 54], [20, 118], [35, 87], [1382, 183], [1608, 134], [307, 167], [1284, 116], [1513, 30], [384, 181], [625, 35], [1128, 40], [1202, 254], [1890, 172], [609, 241], [1579, 14], [605, 21], [1103, 190], [1180, 148], [1473, 38], [1897, 163], [1788, 69], [1823, 40], [1173, 102], [1284, 127], [1721, 79], [1788, 32], [1219, 52], [645, 297], [1032, 49], [1351, 13], [1667, 40], [1651, 35], [1582, 32], [855, 167], [1792, 174], [479, 17], [1512, 50], [1794, 187], [773, 38], [1122, 224], [517, 252], [714, 241], [272, 21], [271, 235], [1996, 37], [1466, 125], [594, 187], [56, 17], [1154, 20], [1516, 107], [1208, 45]], "mean": 0.0079345703125}