{"vals": [8.3125, 8.0, 6.46875, 5.59375, 5.5, 5.34375, 4.96875, 4.96875, 4.5625, 4.53125, 3.71875, 3.609375, 3.59375, 3.453125, 3.4375, 3.421875, 3.375, 3.296875, 3.265625, 3.234375, 3.21875, 3.203125, 3.171875, 3.09375, 3.09375, 2.984375, 2.984375, 2.96875, 2.953125, 2.9375, 2.9375, 2.875, 2.84375, 2.765625, 2.75, 2.6875, 2.65625, 2.609375, 2.515625, 2.5, 2.4375, 2.421875, 2.40625, 2.328125, 2.3125, 2.3125, 2.3125, 2.296875, 2.28125, 2.265625, 2.234375, 2.234375, 2.203125, 2.1875, 2.1875, 2.15625, 2.15625, 2.15625, 2.125, 2.09375, 2.09375, 2.078125, 2.0625, 2.0625, 2.03125, 2.03125, 2.015625, 2.015625, 2.0, 1.9453125, 1.9375, 1.921875, 1.921875, 1.9140625, 1.9140625, 1.90625, 1.8984375, 1.875, 1.859375, 1.84375, 1.84375, 1.84375, 1.8359375, 1.8359375, 1.828125, 1.828125, 1.75, 1.75, 1.7421875, 1.7421875, 1.734375, 1.7265625, 1.7265625, 1.7109375, 1.7109375, 1.703125, 1.6953125, 1.6875, 1.6875, 1.6640625], "inds": [[716, 246], [683, 26], [1035, 23], [1792, 176], [1639, 75], [1808, 26], [512, 97], [20, 34], [480, 20], [1869, 81], [753, 21], [1748, 247], [716, 230], [1608, 134], [1319, 80], [1422, 281], [517, 152], [609, 194], [544, 70], [1180, 148], [106, 121], [1806, 17], [134, 203], [1018, 129], [1792, 175], [1325, 34], [651, 100], [677, 31], [43, 89], [1877, 144], [996, 43], [134, 47], [544, 68], [195, 15], [476, 224], [1382, 146], [1205, 248], [512, 40], [137, 183], [100, 244], [414, 30], [309, 95], [969, 25], [511, 183], [298, 219], [1459, 223], [1582, 32], [342, 48], [302, 64], [1382, 183], [1531, 111], [1328, 66], [1432, 116], [222, 85], [1091, 143], [1990, 212], [1585, 14], [1416, 28], [1355, 24], [595, 249], [1202, 254], [1805, 72], [903, 64], [556, 66], [1377, 38], [1890, 187], [476, 227], [1094, 184], [1614, 294], [103, 252], [1971, 15], [854, 50], [730, 275], [1057, 16], [1139, 37], [134, 79], [609, 172], [1382, 198], [271, 188], [1035, 75], [1726, 72], [1421, 294], [1460, 190], [932, 218], [1273, 42], [1205, 40], [359, 177], [730, 244], [1990, 252], [609, 267], [971, 50], [1772, 119], [1811, 218], [1351, 118], [895, 236], [1748, 255], [1422, 277], [1021, 72], [1328, 43], [1439, 121]], "mean": 0.018798828125}