{"vals": [4.53125, 3.625, 3.546875, 3.515625, 3.3125, 3.21875, 3.171875, 3.125, 2.84375, 2.8125, 2.703125, 2.59375, 2.515625, 2.5, 2.484375, 2.46875, 2.4375, 2.40625, 2.375, 2.328125, 2.296875, 2.28125, 2.1875, 2.125, 2.125, 1.9921875, 1.9765625, 1.96875, 1.9453125, 1.921875, 1.8984375, 1.8984375, 1.890625, 1.8515625, 1.796875, 1.7421875, 1.7421875, 1.7421875, 1.703125, 1.65625, 1.640625, 1.640625, 1.6328125, 1.6171875, 1.6171875, 1.609375, 1.578125, 1.5703125, 1.5703125, 1.5546875, 1.546875, 1.546875, 1.5234375, 1.5234375, 1.4921875, 1.484375, 1.484375, 1.484375, 1.4765625, 1.4765625, 1.46875, 1.453125, 1.4453125, 1.4375, 1.4375, 1.4296875, 1.421875, 1.421875, 1.3984375, 1.390625, 1.3671875, 1.3671875, 1.359375, 1.3515625, 1.34375, 1.3359375, 1.3203125, 1.3203125, 1.3203125, 1.3125, 1.3046875, 1.3046875, 1.3046875, 1.2890625, 1.28125, 1.265625, 1.265625, 1.2578125, 1.2578125, 1.2578125, 1.2421875, 1.2421875, 1.2421875, 1.2421875, 1.234375, 1.234375, 1.2109375, 1.203125, 1.203125, 1.1953125], "inds": [[645, 194], [972, 106], [1432, 105], [1432, 116], [793, 258], [113, 29], [222, 60], [948, 185], [1299, 34], [645, 297], [934, 65], [948, 121], [721, 15], [512, 97], [325, 37], [693, 40], [1962, 274], [363, 187], [677, 31], [1887, 136], [389, 241], [1019, 27], [1266, 299], [1748, 255], [1323, 84], [1689, 212], [1748, 250], [867, 260], [348, 56], [1069, 125], [1614, 197], [86, 93], [1013, 120], [650, 88], [862, 68], [1447, 40], [271, 124], [1904, 79], [1457, 80], [1697, 272], [15, 80], [626, 182], [1623, 94], [1304, 161], [1088, 16], [521, 36], [528, 169], [1284, 116], [1225, 258], [1288, 19], [137, 183], [480, 20], [996, 42], [768, 178], [1527, 61], [204, 69], [1816, 155], [306, 15], [1210, 259], [1359, 149], [1285, 27], [310, 105], [248, 90], [946, 82], [1321, 238], [1423, 157], [1139, 37], [512, 126], [1996, 41], [1843, 62], [783, 139], [609, 241], [539, 24], [1768, 72], [826, 224], [808, 103], [1956, 46], [26, 59], [1628, 151], [186, 14], [1962, 270], [289, 242], [1018, 117], [818, 24], [1955, 99], [590, 192], [862, 72], [106, 121], [158, 102], [1394, 21], [52, 75], [479, 17], [859, 49], [384, 238], [1511, 215], [818, 180], [1628, 154], [1719, 19], [1910, 35], [152, 98]], "mean": 0.0186767578125}