{"vals": [2.984375, 2.734375, 1.46875, 1.234375, 1.2265625, 1.1640625, 1.109375, 0.8828125, 0.82421875, 0.80078125, 0.78515625, 0.7734375, 0.7734375, 0.703125, 0.6640625, 0.625, 0.58203125, 0.578125, 0.57421875, 0.546875, 0.5390625, 0.53515625, 0.51171875, 0.48046875, 0.451171875, 0.439453125, 0.4140625, 0.412109375, 0.408203125, 0.40625, 0.384765625, 0.3828125, 0.3828125, 0.3671875, 0.35546875, 0.353515625, 0.349609375, 0.34765625, 0.345703125, 0.34375, 0.337890625, 0.33203125, 0.326171875, 0.32421875, 0.310546875, 0.3046875, 0.302734375, 0.298828125, 0.298828125, 0.296875, 0.294921875, 0.29296875, 0.28515625, 0.283203125, 0.28125, 0.275390625, 0.2734375, 0.2734375, 0.26953125, 0.26953125, 0.26953125, 0.267578125, 0.265625, 0.265625, 0.265625, 0.265625, 0.265625, 0.263671875, 0.259765625, 0.2578125, 0.2578125, 0.255859375, 0.255859375, 0.25390625, 0.251953125, 0.251953125, 0.251953125, 0.2490234375, 0.248046875, 0.24609375, 0.2431640625, 0.2392578125, 0.2392578125, 0.2314453125, 0.228515625, 0.2275390625, 0.224609375, 0.2236328125, 0.2216796875, 0.220703125, 0.220703125, 0.2177734375, 0.216796875, 0.21484375, 0.2109375, 0.2099609375, 0.2099609375, 0.208984375, 0.2080078125, 0.2080078125], "inds": [[528, 169], [1001, 53], [589, 125], [651, 19], [532, 263], [948, 121], [590, 257], [589, 126], [827, 96], [532, 265], [590, 192], [561, 40], [677, 31], [1929, 162], [681, 129], [1890, 187], [358, 219], [589, 124], [195, 183], [532, 264], [1018, 287], [1890, 264], [371, 224], [1966, 23], [27, 257], [307, 242], [316, 32], [371, 261], [1160, 33], [590, 240], [1173, 294], [106, 121], [1253, 130], [683, 26], [1234, 152], [1210, 208], [892, 81], [1205, 277], [562, 264], [609, 267], [1530, 23], [1319, 53], [58, 206], [714, 272], [1890, 249], [1154, 20], [1443, 26], [589, 157], [149, 131], [1299, 34], [590, 166], [1806, 17], [256, 35], [1890, 39], [702, 78], [100, 244], [549, 60], [724, 22], [705, 33], [1659, 12], [1431, 90], [289, 217], [1211, 41], [319, 128], [590, 138], [1421, 167], [1969, 154], [149, 218], [733, 269], [589, 66], [1611, 72], [1621, 75], [1103, 246], [356, 53], [1243, 297], [1227, 126], [1188, 279], [69, 130], [903, 64], [72, 164], [1202, 254], [104, 202], [1582, 32], [589, 127], [589, 241], [404, 182], [307, 240], [589, 189], [733, 278], [1320, 53], [1979, 179], [1284, 82], [681, 51], [1180, 231], [277, 40], [714, 178], [106, 94], [1243, 261], [926, 223], [914, 23]], "mean": 0.0011749267578125}