{"vals": [6.84375, 5.125, 3.0, 2.953125, 2.109375, 1.921875, 1.765625, 1.7265625, 1.7109375, 1.6484375, 1.4921875, 1.3515625, 1.328125, 1.28125, 1.2734375, 1.1171875, 1.1015625, 1.0703125, 1.0703125, 1.0546875, 1.0546875, 1.046875, 0.9765625, 0.95703125, 0.9453125, 0.91015625, 0.890625, 0.859375, 0.83984375, 0.8359375, 0.828125, 0.81640625, 0.80859375, 0.80078125, 0.796875, 0.79296875, 0.77734375, 0.76171875, 0.74609375, 0.7421875, 0.7421875, 0.73828125, 0.7109375, 0.703125, 0.6953125, 0.65625, 0.65625, 0.6484375, 0.640625, 0.63671875, 0.6328125, 0.625, 0.62109375, 0.62109375, 0.609375, 0.6015625, 0.57421875, 0.5703125, 0.55859375, 0.5546875, 0.546875, 0.5390625, 0.5390625, 0.5390625, 0.53515625, 0.53125, 0.53125, 0.52734375, 0.52734375, 0.5234375, 0.5234375, 0.515625, 0.51171875, 0.51171875, 0.5078125, 0.50390625, 0.494140625, 0.494140625, 0.4921875, 0.486328125, 0.486328125, 0.486328125, 0.482421875, 0.478515625, 0.478515625, 0.478515625, 0.4765625, 0.4609375, 0.458984375, 0.453125, 0.44921875, 0.44921875, 0.443359375, 0.4375, 0.4375, 0.4375, 0.427734375, 0.423828125, 0.423828125, 0.412109375], "inds": [[1382, 146], [1859, 30], [1792, 176], [271, 188], [609, 267], [1671, 15], [1792, 175], [645, 297], [793, 258], [1532, 138], [1691, 65], [1017, 19], [892, 79], [1887, 136], [1001, 46], [867, 260], [677, 31], [329, 123], [229, 282], [837, 24], [556, 66], [26, 59], [948, 121], [813, 70], [1951, 34], [609, 172], [47, 26], [1180, 148], [817, 68], [1497, 272], [768, 35], [1068, 33], [625, 45], [1708, 49], [1069, 125], [512, 109], [705, 33], [293, 87], [544, 70], [435, 91], [1996, 45], [1222, 19], [1394, 21], [1284, 116], [609, 211], [1859, 66], [1202, 254], [1001, 53], [1492, 101], [903, 64], [528, 169], [1204, 92], [43, 89], [948, 46], [1910, 35], [1614, 202], [963, 258], [204, 83], [20, 34], [490, 23], [1428, 66], [1966, 23], [1327, 178], [1691, 130], [26, 72], [1890, 172], [1327, 219], [971, 48], [81, 34], [1071, 43], [1362, 182], [1022, 49], [5, 115], [1222, 23], [801, 187], [1691, 154], [1546, 123], [1582, 29], [1811, 275], [1779, 245], [585, 24], [1670, 28], [952, 170], [1880, 40], [1046, 11], [1177, 28], [319, 50], [348, 193], [948, 41], [1103, 34], [1327, 220], [1254, 17], [971, 50], [271, 247], [730, 163], [140, 25], [1779, 247], [1545, 73], [542, 17], [268, 51]], "mean": 0.002685546875}