{"vals": [2.5625, 1.9609375, 1.609375, 1.40625, 1.34375, 1.328125, 1.2734375, 1.1171875, 1.0390625, 1.03125, 1.03125, 0.9375, 0.9296875, 0.8984375, 0.84765625, 0.7890625, 0.77734375, 0.77734375, 0.77734375, 0.76171875, 0.7578125, 0.73046875, 0.6796875, 0.66015625, 0.63671875, 0.62109375, 0.62109375, 0.6015625, 0.59765625, 0.59375, 0.59375, 0.58984375, 0.578125, 0.578125, 0.578125, 0.5703125, 0.546875, 0.54296875, 0.5390625, 0.53125, 0.53125, 0.52734375, 0.52734375, 0.5234375, 0.5234375, 0.515625, 0.5, 0.494140625, 0.48046875, 0.474609375, 0.47265625, 0.466796875, 0.46484375, 0.462890625, 0.458984375, 0.451171875, 0.451171875, 0.44921875, 0.44921875, 0.443359375, 0.439453125, 0.43359375, 0.43359375, 0.4296875, 0.427734375, 0.416015625, 0.416015625, 0.408203125, 0.40625, 0.40625, 0.3984375, 0.39453125, 0.392578125, 0.392578125, 0.392578125, 0.38671875, 0.380859375, 0.37890625, 0.369140625, 0.357421875, 0.357421875, 0.3515625, 0.3515625, 0.34765625, 0.341796875, 0.337890625, 0.3359375, 0.333984375, 0.33203125, 0.33203125, 0.330078125, 0.330078125, 0.330078125, 0.328125, 0.328125, 0.326171875, 0.326171875, 0.32421875, 0.32421875, 0.322265625], "inds": [[1890, 187], [371, 263], [645, 297], [905, 129], [1847, 97], [677, 31], [43, 131], [609, 267], [103, 252], [1792, 176], [1706, 37], [1273, 206], [1830, 66], [373, 44], [307, 44], [456, 159], [1154, 20], [1564, 41], [86, 93], [948, 121], [590, 268], [464, 209], [319, 50], [404, 182], [556, 66], [1160, 63], [705, 33], [1273, 121], [1056, 128], [371, 18], [271, 188], [1035, 23], [1997, 110], [590, 224], [1830, 17], [1614, 241], [716, 230], [247, 102], [910, 23], [1910, 35], [832, 22], [785, 48], [753, 21], [1789, 14], [1227, 126], [97, 133], [453, 273], [1128, 102], [562, 264], [27, 257], [1611, 72], [149, 147], [1649, 58], [1951, 129], [716, 246], [1286, 85], [837, 24], [862, 72], [1790, 135], [1430, 106], [193, 43], [1382, 183], [175, 294], [1566, 25], [460, 246], [645, 194], [1079, 24], [1935, 278], [1363, 51], [1266, 299], [1588, 128], [1748, 255], [1011, 154], [1546, 123], [651, 268], [1741, 188], [1443, 56], [1390, 184], [1671, 15], [1611, 150], [289, 162], [1273, 23], [294, 275], [1685, 240], [243, 293], [1691, 213], [298, 219], [175, 293], [1088, 25], [1128, 40], [1139, 37], [717, 260], [1391, 17], [1843, 35], [1902, 66], [319, 102], [903, 71], [319, 165], [1912, 285], [1823, 128]], "mean": 0.0037841796875}