{"vals": [4.5625, 1.4296875, 1.2265625, 1.171875, 1.15625, 1.1484375, 1.0703125, 1.0078125, 0.98828125, 0.9296875, 0.90625, 0.90234375, 0.8984375, 0.86328125, 0.82421875, 0.703125, 0.6875, 0.68359375, 0.671875, 0.66015625, 0.66015625, 0.66015625, 0.65234375, 0.6484375, 0.640625, 0.625, 0.6171875, 0.6171875, 0.56640625, 0.5625, 0.5546875, 0.55078125, 0.5390625, 0.53125, 0.53125, 0.51953125, 0.498046875, 0.490234375, 0.48828125, 0.48828125, 0.484375, 0.484375, 0.48046875, 0.455078125, 0.439453125, 0.43359375, 0.43359375, 0.431640625, 0.431640625, 0.42578125, 0.423828125, 0.423828125, 0.41015625, 0.41015625, 0.40234375, 0.3984375, 0.396484375, 0.396484375, 0.396484375, 0.39453125, 0.390625, 0.38671875, 0.3828125, 0.380859375, 0.37890625, 0.376953125, 0.373046875, 0.37109375, 0.3671875, 0.3671875, 0.36328125, 0.36328125, 0.35546875, 0.3515625, 0.349609375, 0.34765625, 0.34765625, 0.345703125, 0.34375, 0.337890625, 0.337890625, 0.337890625, 0.3359375, 0.333984375, 0.330078125, 0.328125, 0.326171875, 0.326171875, 0.326171875, 0.326171875, 0.32421875, 0.32421875, 0.3203125, 0.318359375, 0.318359375, 0.318359375, 0.31640625, 0.310546875, 0.306640625, 0.302734375], "inds": [[1668, 275], [556, 66], [948, 121], [945, 98], [856, 12], [1845, 219], [1148, 67], [362, 142], [1545, 73], [1341, 153], [719, 180], [1210, 208], [855, 48], [1530, 23], [135, 285], [918, 85], [842, 116], [1532, 138], [1197, 26], [959, 16], [960, 16], [957, 16], [945, 97], [1691, 130], [651, 19], [1843, 62], [1284, 116], [1077, 18], [1034, 63], [1790, 136], [852, 231], [319, 50], [1951, 152], [1524, 34], [1459, 223], [938, 30], [731, 13], [1774, 129], [530, 150], [479, 293], [867, 33], [2, 135], [634, 190], [1990, 135], [160, 15], [1791, 186], [530, 152], [1299, 34], [1055, 267], [1811, 218], [1328, 45], [1824, 56], [453, 273], [1072, 293], [1340, 101], [609, 172], [644, 22], [69, 130], [788, 139], [963, 28], [1183, 112], [518, 53], [864, 88], [1382, 183], [768, 35], [525, 27], [483, 143], [1031, 75], [730, 163], [1240, 46], [983, 221], [1328, 46], [47, 26], [910, 23], [271, 244], [1790, 134], [1058, 162], [511, 165], [903, 35], [1926, 135], [1830, 46], [1884, 63], [1090, 18], [1430, 106], [1450, 37], [1155, 125], [365, 9], [479, 17], [1772, 119], [892, 65], [626, 182], [651, 268], [1990, 252], [818, 24], [105, 69], [371, 212], [2, 70], [1514, 251], [1032, 213], [1371, 131]], "mean": 0.00360107421875}