{"vals": [6.5, 4.90625, 3.828125, 3.734375, 3.703125, 3.578125, 3.5, 3.421875, 2.984375, 2.9375, 2.921875, 2.84375, 2.734375, 2.515625, 2.375, 2.359375, 2.28125, 2.171875, 2.109375, 2.0, 2.0, 1.9921875, 1.984375, 1.9609375, 1.9609375, 1.953125, 1.9375, 1.9296875, 1.90625, 1.8984375, 1.890625, 1.875, 1.7265625, 1.6953125, 1.6875, 1.6640625, 1.6328125, 1.625, 1.59375, 1.5859375, 1.5859375, 1.5625, 1.5546875, 1.5546875, 1.5546875, 1.5546875, 1.5390625, 1.515625, 1.5078125, 1.46875, 1.4609375, 1.453125, 1.4453125, 1.3984375, 1.390625, 1.3828125, 1.3203125, 1.3203125, 1.3203125, 1.3125, 1.3046875, 1.3046875, 1.296875, 1.28125, 1.28125, 1.28125, 1.2734375, 1.265625, 1.265625, 1.25, 1.25, 1.25, 1.25, 1.2421875, 1.2421875, 1.234375, 1.234375, 1.234375, 1.1953125, 1.1953125, 1.1875, 1.1875, 1.1875, 1.1875, 1.1875, 1.1796875, 1.1796875, 1.1796875, 1.171875, 1.171875, 1.1640625, 1.15625, 1.15625, 1.1484375, 1.140625, 1.140625, 1.1328125, 1.1171875, 1.1171875, 1.1171875], "inds": [[144, 13], [849, 41], [753, 21], [1547, 18], [1273, 42], [792, 196], [1092, 26], [1331, 114], [1571, 94], [1714, 95], [1816, 155], [210, 48], [1991, 62], [210, 47], [1987, 262], [1405, 14], [272, 21], [404, 279], [43, 131], [1691, 130], [609, 194], [100, 244], [1094, 39], [1371, 131], [235, 183], [497, 278], [176, 195], [956, 272], [1997, 107], [577, 89], [1547, 101], [849, 105], [556, 66], [1105, 14], [2, 70], [716, 230], [1796, 38], [1792, 184], [1300, 22], [768, 178], [1303, 123], [1843, 62], [271, 235], [319, 219], [464, 209], [4, 33], [1074, 275], [1904, 130], [1388, 165], [1739, 125], [626, 251], [152, 99], [1401, 217], [1233, 61], [1801, 87], [1392, 23], [1720, 267], [1890, 187], [1779, 247], [1935, 75], [945, 169], [795, 116], [1135, 90], [937, 178], [99, 42], [1779, 245], [1392, 294], [1284, 116], [976, 194], [792, 195], [1468, 150], [1053, 202], [651, 100], [1128, 105], [886, 127], [1801, 82], [1288, 44], [1532, 141], [1558, 81], [1401, 218], [1067, 242], [1323, 265], [1717, 282], [1691, 237], [1014, 28], [577, 19], [1360, 47], [127, 194], [1388, 159], [496, 140], [849, 21], [1858, 123], [1628, 21], [1076, 13], [1392, 295], [1904, 52], [512, 225], [516, 53], [732, 139], [1897, 203]], "mean": 0.0179443359375}