{"vals": [10.1875, 6.84375, 6.78125, 5.28125, 4.21875, 3.890625, 3.828125, 3.71875, 3.421875, 3.3125, 3.296875, 3.140625, 3.015625, 2.9375, 2.9375, 2.921875, 2.875, 2.71875, 2.703125, 2.6875, 2.671875, 2.59375, 2.515625, 2.453125, 2.15625, 2.15625, 2.140625, 2.109375, 2.09375, 2.078125, 2.0625, 2.0625, 2.03125, 2.015625, 2.015625, 1.984375, 1.96875, 1.9140625, 1.8671875, 1.859375, 1.8515625, 1.828125, 1.828125, 1.8203125, 1.8125, 1.7890625, 1.7734375, 1.7421875, 1.7421875, 1.734375, 1.71875, 1.71875, 1.703125, 1.703125, 1.6953125, 1.6796875, 1.6640625, 1.6640625, 1.640625, 1.6328125, 1.625, 1.625, 1.609375, 1.5859375, 1.578125, 1.5546875, 1.5390625, 1.5234375, 1.5234375, 1.4921875, 1.4921875, 1.4765625, 1.46875, 1.4609375, 1.4453125, 1.4453125, 1.4375, 1.4375, 1.4140625, 1.4140625, 1.40625, 1.3984375, 1.3984375, 1.3984375, 1.3984375, 1.390625, 1.3828125, 1.375, 1.3671875, 1.3671875, 1.3671875, 1.359375, 1.3515625, 1.34375, 1.34375, 1.3359375, 1.328125, 1.328125, 1.3203125, 1.3125], "inds": [[1983, 78], [936, 145], [793, 258], [1586, 163], [1056, 129], [1288, 19], [1530, 23], [1910, 35], [501, 85], [1614, 170], [1120, 120], [831, 151], [1501, 26], [402, 130], [626, 182], [846, 35], [307, 144], [1432, 116], [1811, 56], [1586, 157], [418, 102], [1432, 212], [590, 126], [1962, 274], [958, 12], [479, 17], [167, 114], [1012, 131], [405, 43], [1453, 194], [319, 50], [972, 106], [716, 230], [479, 25], [1327, 298], [1657, 175], [1320, 87], [846, 19], [1852, 8], [1, 16], [27, 257], [471, 258], [1421, 167], [1079, 24], [1506, 17], [1397, 20], [391, 70], [1180, 30], [783, 212], [1620, 138], [609, 267], [435, 187], [1320, 33], [1792, 84], [435, 195], [1331, 121], [289, 242], [1944, 159], [1693, 29], [1202, 239], [1991, 62], [1299, 31], [828, 188], [590, 169], [818, 24], [576, 99], [844, 74], [1706, 37], [1823, 128], [1469, 160], [1012, 128], [720, 281], [1997, 110], [271, 247], [1074, 151], [384, 238], [113, 29], [1614, 202], [1287, 45], [52, 75], [716, 246], [1395, 16], [801, 106], [691, 270], [1204, 142], [793, 257], [590, 227], [1614, 171], [1219, 27], [645, 297], [1460, 37], [1602, 25], [1752, 39], [1649, 61], [910, 59], [272, 21], [1213, 90], [1324, 32], [1243, 285], [517, 252]], "mean": 0.0196533203125}