{"vals": [3.1875, 1.7109375, 1.1875, 1.09375, 1.046875, 1.0, 0.99609375, 0.953125, 0.83984375, 0.7265625, 0.70703125, 0.6171875, 0.5703125, 0.5625, 0.5625, 0.54296875, 0.54296875, 0.53125, 0.52734375, 0.515625, 0.5, 0.490234375, 0.482421875, 0.474609375, 0.462890625, 0.4609375, 0.451171875, 0.443359375, 0.435546875, 0.43359375, 0.431640625, 0.4296875, 0.427734375, 0.4140625, 0.408203125, 0.408203125, 0.40234375, 0.39453125, 0.392578125, 0.390625, 0.390625, 0.384765625, 0.376953125, 0.375, 0.365234375, 0.36328125, 0.361328125, 0.357421875, 0.353515625, 0.3515625, 0.3515625, 0.34765625, 0.34375, 0.33984375, 0.33984375, 0.3359375, 0.333984375, 0.33203125, 0.3203125, 0.318359375, 0.318359375, 0.3125, 0.3125, 0.3125, 0.310546875, 0.310546875, 0.3046875, 0.302734375, 0.30078125, 0.298828125, 0.298828125, 0.296875, 0.296875, 0.2890625, 0.287109375, 0.283203125, 0.283203125, 0.283203125, 0.283203125, 0.28125, 0.28125, 0.27734375, 0.275390625, 0.275390625, 0.2734375, 0.2734375, 0.271484375, 0.271484375, 0.271484375, 0.271484375, 0.271484375, 0.26953125, 0.267578125, 0.263671875, 0.26171875, 0.259765625, 0.255859375, 0.251953125, 0.25, 0.2490234375], "inds": [[1001, 53], [507, 119], [556, 66], [100, 244], [1371, 131], [1890, 187], [355, 82], [562, 264], [1128, 55], [1075, 103], [641, 145], [329, 123], [319, 50], [435, 187], [1531, 121], [791, 87], [256, 29], [350, 35], [316, 32], [912, 50], [528, 169], [1851, 26], [1476, 22], [918, 152], [1211, 21], [216, 192], [216, 166], [251, 17], [1139, 37], [954, 22], [299, 282], [1492, 39], [1752, 39], [1335, 54], [852, 231], [1335, 52], [1809, 24], [302, 72], [1967, 77], [1792, 93], [1983, 78], [1396, 77], [1535, 65], [1671, 15], [348, 74], [1530, 23], [355, 81], [609, 172], [479, 17], [106, 137], [457, 271], [512, 107], [1617, 110], [1792, 105], [1691, 154], [517, 252], [1582, 32], [559, 26], [1709, 22], [952, 170], [457, 273], [1887, 129], [1611, 72], [1809, 23], [606, 166], [1100, 190], [293, 24], [1063, 31], [457, 272], [43, 131], [1887, 136], [756, 166], [1035, 23], [1211, 45], [1335, 141], [882, 17], [530, 148], [1396, 48], [1205, 40], [1830, 17], [1495, 17], [616, 66], [1335, 63], [590, 249], [918, 151], [418, 26], [1341, 80], [72, 124], [1462, 18], [1519, 25], [194, 298], [1335, 151], [1346, 67], [1709, 11], [903, 35], [849, 21], [355, 91], [1335, 132], [833, 18], [1314, 54]], "mean": 0.0030364990234375}