{"vals": [11.875, 3.75, 2.5, 1.9921875, 1.9765625, 1.4375, 1.4140625, 1.40625, 1.28125, 1.2109375, 1.1640625, 1.1328125, 1.125, 1.0546875, 1.015625, 0.96875, 0.953125, 0.94921875, 0.94921875, 0.90625, 0.90625, 0.890625, 0.8828125, 0.8046875, 0.75390625, 0.73046875, 0.70703125, 0.703125, 0.6796875, 0.64453125, 0.64453125, 0.640625, 0.62109375, 0.609375, 0.60546875, 0.59375, 0.58984375, 0.55078125, 0.55078125, 0.55078125, 0.53515625, 0.51171875, 0.49609375, 0.48046875, 0.466796875, 0.458984375, 0.451171875, 0.44921875, 0.4375, 0.4375, 0.435546875, 0.427734375, 0.421875, 0.41796875, 0.41015625, 0.408203125, 0.40625, 0.40625, 0.404296875, 0.40234375, 0.3984375, 0.396484375, 0.390625, 0.38671875, 0.384765625, 0.380859375, 0.380859375, 0.37890625, 0.376953125, 0.373046875, 0.37109375, 0.369140625, 0.35546875, 0.35546875, 0.353515625, 0.3515625, 0.3515625, 0.349609375, 0.34765625, 0.34375, 0.33984375, 0.337890625, 0.3359375, 0.333984375, 0.328125, 0.322265625, 0.31640625, 0.31640625, 0.310546875, 0.30859375, 0.298828125, 0.296875, 0.291015625, 0.2890625, 0.287109375, 0.28515625, 0.283203125, 0.283203125, 0.28125, 0.28125], "inds": [[873, 121], [590, 192], [1512, 149], [609, 267], [1706, 37], [1284, 116], [1611, 72], [1880, 40], [590, 240], [1890, 187], [522, 217], [1154, 20], [1227, 126], [307, 168], [271, 188], [104, 86], [1428, 136], [319, 50], [1843, 62], [1582, 32], [599, 194], [1128, 40], [1266, 299], [329, 225], [590, 257], [166, 298], [1284, 82], [307, 209], [1722, 71], [1321, 238], [20, 58], [1991, 62], [590, 162], [418, 26], [948, 121], [1323, 84], [1103, 230], [1128, 55], [1186, 116], [634, 240], [1238, 91], [1303, 123], [1299, 34], [556, 66], [1821, 145], [1371, 131], [1103, 180], [1741, 157], [892, 272], [1951, 54], [599, 198], [1486, 14], [589, 157], [319, 226], [1103, 189], [1517, 148], [690, 178], [1657, 57], [1564, 71], [625, 45], [865, 243], [1351, 210], [406, 257], [1382, 183], [1631, 144], [590, 227], [1018, 287], [1531, 24], [1838, 152], [27, 220], [27, 257], [996, 42], [731, 123], [511, 151], [859, 189], [1238, 129], [484, 189], [271, 245], [372, 216], [307, 214], [1996, 58], [104, 175], [1103, 192], [873, 122], [307, 170], [903, 35], [1210, 197], [1032, 49], [651, 268], [729, 196], [1180, 30], [307, 251], [1382, 143], [1996, 45], [1546, 46], [407, 109], [404, 247], [1253, 120], [1657, 118], [402, 164]], "mean": 0.00186920166015625}