{"vals": [7.75, 6.25, 6.21875, 4.9375, 4.5, 4.3125, 4.0625, 3.8125, 3.625, 3.3125, 3.25, 3.09375, 3.03125, 2.78125, 2.765625, 2.75, 2.75, 2.625, 2.484375, 2.46875, 2.34375, 2.34375, 2.28125, 2.171875, 2.171875, 2.15625, 2.140625, 2.046875, 2.03125, 2.0, 2.0, 1.953125, 1.875, 1.859375, 1.8203125, 1.7734375, 1.765625, 1.734375, 1.71875, 1.7109375, 1.6796875, 1.671875, 1.6640625, 1.609375, 1.578125, 1.5703125, 1.5625, 1.5546875, 1.546875, 1.5234375, 1.515625, 1.5078125, 1.4921875, 1.484375, 1.46875, 1.46875, 1.46875, 1.4375, 1.421875, 1.40625, 1.3984375, 1.3828125, 1.375, 1.3671875, 1.3515625, 1.3359375, 1.328125, 1.3125, 1.28125, 1.2734375, 1.265625, 1.234375, 1.21875, 1.1953125, 1.1875, 1.1796875, 1.171875, 1.171875, 1.1640625, 1.15625, 1.1484375, 1.140625, 1.140625, 1.1328125, 1.109375, 1.1015625, 1.0859375, 1.0859375, 1.0546875, 1.0390625, 1.03125, 1.0078125, 1.0078125, 1.0, 0.98828125, 0.984375, 0.98046875, 0.9765625, 0.96484375, 0.96484375], "inds": [[793, 258], [716, 246], [793, 260], [1180, 148], [1792, 176], [793, 272], [1035, 23], [948, 121], [20, 34], [1001, 53], [971, 50], [1177, 28], [271, 277], [1173, 258], [1382, 183], [512, 97], [996, 43], [1273, 42], [298, 219], [793, 270], [544, 70], [1890, 187], [1830, 66], [1792, 175], [544, 68], [1680, 36], [793, 257], [996, 42], [712, 258], [853, 56], [683, 26], [556, 66], [793, 281], [885, 41], [933, 69], [106, 121], [1956, 46], [1022, 44], [1331, 114], [1904, 50], [480, 20], [793, 256], [1179, 54], [1368, 150], [1684, 47], [1348, 15], [1859, 66], [1748, 255], [1180, 70], [1421, 167], [1789, 14], [195, 15], [948, 185], [817, 205], [1806, 17], [1180, 193], [1393, 134], [1614, 46], [1951, 34], [1739, 125], [1666, 206], [362, 133], [1887, 136], [719, 180], [27, 257], [817, 68], [681, 129], [362, 129], [1232, 35], [362, 136], [1628, 21], [1795, 55], [852, 231], [609, 267], [1128, 40], [26, 59], [1614, 135], [1366, 95], [793, 279], [1897, 163], [1428, 157], [1679, 60], [13, 226], [1128, 92], [294, 158], [1904, 79], [910, 23], [272, 21], [1532, 138], [1357, 185], [793, 259], [1313, 271], [1997, 107], [1623, 91], [204, 83], [435, 202], [705, 33], [362, 137], [953, 17], [1371, 36]], "mean": 0.0107421875}