{"vals": [3.796875, 3.234375, 2.953125, 2.9375, 2.828125, 2.75, 2.71875, 2.71875, 2.703125, 2.34375, 2.09375, 1.9921875, 1.859375, 1.8125, 1.8046875, 1.6640625, 1.6484375, 1.609375, 1.5703125, 1.5234375, 1.4921875, 1.4765625, 1.4765625, 1.3828125, 1.3828125, 1.375, 1.359375, 1.296875, 1.28125, 1.203125, 1.1875, 1.1640625, 1.1484375, 1.140625, 1.1171875, 1.0625, 1.015625, 0.96484375, 0.9453125, 0.94140625, 0.94140625, 0.9140625, 0.89453125, 0.86328125, 0.86328125, 0.85546875, 0.85546875, 0.84765625, 0.84765625, 0.83203125, 0.81640625, 0.8125, 0.80859375, 0.80859375, 0.80859375, 0.8046875, 0.80078125, 0.796875, 0.796875, 0.79296875, 0.7734375, 0.7578125, 0.75390625, 0.74609375, 0.74609375, 0.73828125, 0.734375, 0.734375, 0.734375, 0.7265625, 0.7265625, 0.72265625, 0.71875, 0.71875, 0.71484375, 0.7109375, 0.703125, 0.703125, 0.703125, 0.69921875, 0.69921875, 0.69921875, 0.6953125, 0.6953125, 0.69140625, 0.6875, 0.68359375, 0.6796875, 0.67578125, 0.67578125, 0.67578125, 0.671875, 0.66796875, 0.66796875, 0.66015625, 0.6484375, 0.6484375, 0.6484375, 0.64453125, 0.640625], "inds": [[362, 142], [544, 70], [721, 285], [544, 68], [556, 66], [716, 230], [590, 257], [1792, 184], [1001, 53], [1371, 131], [1759, 67], [1792, 183], [1890, 187], [1699, 162], [1804, 291], [1202, 254], [319, 50], [645, 194], [1960, 116], [1035, 23], [1611, 72], [1859, 57], [128, 10], [1904, 79], [1806, 293], [1018, 130], [235, 181], [1331, 114], [479, 17], [1812, 165], [524, 61], [1788, 69], [874, 15], [1811, 272], [1143, 216], [1811, 56], [1432, 116], [294, 257], [948, 121], [1467, 165], [662, 158], [309, 95], [903, 64], [1128, 133], [1103, 190], [1792, 182], [865, 243], [1497, 272], [492, 13], [908, 32], [1843, 62], [1254, 17], [1019, 27], [1353, 284], [272, 21], [1792, 194], [1530, 23], [1284, 250], [1792, 180], [1792, 202], [1711, 203], [235, 183], [885, 197], [1015, 166], [924, 82], [20, 34], [1092, 128], [1522, 32], [729, 219], [162, 49], [1120, 120], [472, 112], [1983, 145], [1141, 47], [679, 21], [1619, 142], [1908, 31], [424, 75], [1906, 106], [1897, 203], [823, 176], [589, 126], [1614, 197], [455, 76], [1219, 52], [832, 97], [645, 297], [1407, 152], [1711, 59], [1187, 152], [595, 249], [483, 16], [1830, 17], [1651, 35], [479, 25], [1304, 161], [1422, 297], [1763, 239], [1371, 78], [1111, 91]], "mean": 0.00994873046875}