{"vals": [2.734375, 2.203125, 1.171875, 1.171875, 1.171875, 1.171875, 0.96875, 0.7734375, 0.7578125, 0.72265625, 0.70703125, 0.62109375, 0.60546875, 0.6015625, 0.498046875, 0.498046875, 0.490234375, 0.490234375, 0.490234375, 0.4765625, 0.453125, 0.421875, 0.419921875, 0.384765625, 0.3828125, 0.375, 0.33984375, 0.33984375, 0.3359375, 0.32421875, 0.302734375, 0.294921875, 0.26171875, 0.25, 0.2451171875, 0.2431640625, 0.2314453125, 0.2265625, 0.203125, 0.1982421875, 0.1884765625, 0.1826171875, 0.1787109375, 0.177734375, 0.173828125, 0.1689453125, 0.1650390625, 0.1591796875, 0.158203125, 0.1552734375], "inds": [[1069, 106], [1988, 245], [365, 50], [349, 50], [352, 50], [361, 50], [636, 11], [154, 150], [1992, 266], [885, 23], [1988, 264], [1344, 45], [1978, 33], [1, 16], [505, 10], [1398, 10], [48, 89], [45, 89], [46, 89], [1752, 73], [269, 50], [19, 12], [560, 109], [21, 34], [349, 175], [349, 174], [1548, 183], [1549, 183], [932, 81], [594, 64], [885, 24], [815, 21], [33, 124], [860, 258], [322, 87], [356, 29], [703, 297], [1765, 33], [1898, 240], [1663, 211], [494, 5], [703, 194], [502, 279], [288, 12], [1799, 152], [1582, 10], [594, 62], [815, 15], [1791, 6], [772, 16]]}