{"vals": [0.78125, 0.357421875, 0.19921875, 0.1728515625, 0.11767578125, 0.09814453125, 0.09326171875, 0.068359375, 0.064453125, 0.061767578125, 0.060302734375, 0.05712890625, 0.052734375, 0.052001953125, 0.052001953125, 0.05078125, 0.05029296875, 0.04833984375, 0.0478515625, 0.04443359375, 0.044189453125, 0.043212890625, 0.038330078125, 0.03515625, 0.034423828125, 0.034423828125, 0.03173828125, 0.0291748046875, 0.027587890625, 0.02734375, 0.026123046875, 0.0260009765625, 0.0247802734375, 0.0244140625, 0.0244140625, 0.02392578125, 0.0238037109375, 0.023193359375, 0.0230712890625, 0.0228271484375, 0.0228271484375, 0.0211181640625, 0.02001953125, 0.0198974609375, 0.0196533203125, 0.0196533203125, 0.0194091796875, 0.019287109375, 0.019287109375, 0.0191650390625, 0.0186767578125, 0.0186767578125, 0.0184326171875, 0.0177001953125, 0.0174560546875, 0.01708984375, 0.01708984375, 0.0169677734375, 0.0167236328125, 0.0166015625, 0.0166015625, 0.0166015625, 0.016357421875, 0.01611328125, 0.0157470703125, 0.0155029296875, 0.0155029296875, 0.01544189453125, 0.01513671875, 0.01513671875, 0.0150146484375, 0.01483154296875, 0.0145263671875, 0.01434326171875, 0.01434326171875, 0.01422119140625, 0.01422119140625, 0.01416015625, 0.01409912109375, 0.01385498046875, 0.013671875, 0.01348876953125, 0.01348876953125, 0.01348876953125, 0.013427734375, 0.01336669921875, 0.01336669921875, 0.01318359375, 0.01312255859375, 0.01312255859375, 0.01312255859375, 0.01300048828125, 0.012939453125, 0.012939453125, 0.012939453125, 0.01287841796875, 0.01287841796875, 0.01287841796875, 0.0126953125, 0.0126953125], "inds": [[1001, 53], [581, 11], [818, 23], [1284, 116], [948, 121], [1132, 11], [1579, 6], [20, 34], [1492, 101], [1624, 252], [1101, 52], [1946, 35], [1677, 240], [1629, 254], [1, 16], [18, 12], [1836, 22], [1747, 33], [556, 66], [460, 10], [1748, 74], [241, 50], [319, 174], [329, 225], [53, 15], [319, 189], [748, 80], [1371, 78], [646, 57], [1079, 24], [391, 70], [326, 92], [732, 14], [1227, 126], [589, 64], [1748, 268], [1204, 92], [543, 164], [139, 247], [1842, 34], [581, 17], [326, 83], [862, 72], [1982, 18], [1167, 19], [426, 60], [282, 245], [748, 51], [416, 95], [43, 89], [88, 10], [1702, 18], [1275, 71], [1545, 73], [1836, 19], [1486, 14], [260, 12], [203, 21], [710, 16], [1395, 16], [784, 171], [149, 179], [1897, 74], [675, 12], [22, 6], [793, 119], [186, 14], [31, 124], [753, 21], [1991, 48], [1942, 23], [1341, 28], [1253, 170], [164, 13], [528, 169], [1474, 22], [874, 15], [359, 16], [318, 18], [928, 5], [1303, 170], [1296, 26], [1887, 129], [1830, 57], [908, 32], [1566, 58], [813, 93], [149, 131], [962, 18], [407, 27], [1208, 51], [1771, 21], [1614, 241], [651, 19], [319, 175], [1713, 267], [1032, 41], [716, 71], [815, 217], [1644, 8]], "mean": 7.009506225585938e-05}