{"vals": [3.4375, 1.7421875, 1.7421875, 1.7421875, 1.328125, 1.328125, 1.328125, 1.328125, 0.76953125, 0.7578125, 0.6328125, 0.60546875, 0.54296875, 0.54296875, 0.44921875, 0.4453125, 0.431640625, 0.423828125, 0.384765625, 0.373046875, 0.365234375, 0.365234375, 0.353515625, 0.345703125, 0.345703125, 0.326171875, 0.32421875, 0.291015625, 0.28125, 0.28125, 0.2275390625, 0.224609375, 0.220703125, 0.212890625, 0.2109375, 0.20703125, 0.193359375, 0.1923828125, 0.189453125, 0.1865234375, 0.173828125, 0.173828125, 0.169921875, 0.169921875, 0.1640625, 0.1630859375, 0.162109375, 0.1611328125, 0.1552734375, 0.154296875], "inds": [[1069, 106], [45, 89], [48, 89], [46, 89], [361, 50], [352, 50], [349, 50], [365, 50], [885, 23], [636, 11], [1344, 45], [154, 150], [1549, 183], [1548, 183], [1, 16], [1988, 264], [885, 24], [1752, 73], [269, 50], [356, 29], [1398, 10], [505, 10], [19, 12], [1992, 266], [560, 109], [494, 5], [594, 64], [502, 279], [860, 258], [1931, 49], [932, 81], [703, 194], [322, 87], [1663, 211], [640, 24], [1898, 240], [1765, 33], [1, 17], [1663, 216], [1582, 10], [594, 62], [27, 34], [1341, 176], [815, 21], [409, 76], [703, 297], [213, 5], [1775, 191], [594, 61], [1799, 152]]}