{"vals": [0.337890625, 0.162109375, 0.11083984375, 0.1064453125, 0.10009765625, 0.08056640625, 0.06591796875, 0.05810546875, 0.05029296875, 0.046142578125, 0.041015625, 0.040771484375, 0.040283203125, 0.0390625, 0.036865234375, 0.036376953125, 0.034912109375, 0.03466796875, 0.031982421875, 0.0267333984375, 0.026611328125, 0.0250244140625, 0.0238037109375, 0.0234375, 0.0230712890625, 0.0224609375, 0.022216796875, 0.02197265625, 0.0208740234375, 0.0205078125, 0.020263671875, 0.01708984375, 0.0166015625, 0.016357421875, 0.016357421875, 0.0159912109375, 0.015869140625, 0.0157470703125, 0.0157470703125, 0.015380859375, 0.01513671875, 0.01507568359375, 0.0142822265625, 0.01416015625, 0.013916015625, 0.013916015625, 0.01385498046875, 0.01373291015625, 0.01373291015625, 0.01373291015625, 0.013427734375, 0.013427734375, 0.013427734375, 0.01287841796875, 0.011962890625, 0.01190185546875, 0.01177978515625, 0.01171875, 0.0115966796875, 0.0111083984375, 0.01092529296875, 0.0108642578125, 0.0107421875, 0.0106201171875, 0.01055908203125, 0.01055908203125, 0.0103759765625, 0.00994873046875, 0.00982666015625, 0.00982666015625, 0.009765625, 0.00970458984375, 0.0096435546875, 0.009521484375, 0.00933837890625, 0.00927734375, 0.009033203125, 0.00897216796875, 0.0089111328125, 0.0089111328125, 0.00860595703125, 0.00860595703125, 0.00860595703125, 0.008544921875, 0.00836181640625, 0.00830078125, 0.00823974609375, 0.0081787109375, 0.00775146484375, 0.00775146484375, 0.007720947265625, 0.007659912109375, 0.007598876953125, 0.007568359375, 0.00750732421875, 0.007476806640625, 0.007415771484375, 0.00732421875, 0.007232666015625, 0.0072021484375], "inds": [[818, 23], [1219, 12], [972, 106], [926, 145], [1677, 240], [948, 121], [469, 98], [1284, 116], [137, 123], [609, 267], [556, 66], [1880, 40], [43, 89], [581, 11], [1708, 49], [149, 39], [818, 24], [293, 87], [1303, 170], [241, 50], [1382, 183], [1791, 186], [1101, 88], [453, 5], [1208, 51], [146, 120], [1363, 34], [1677, 235], [1285, 21], [1227, 51], [585, 24], [926, 134], [1100, 50], [1202, 254], [374, 13], [149, 179], [325, 29], [714, 87], [27, 221], [905, 129], [475, 110], [967, 59], [793, 151], [1614, 202], [1225, 196], [1677, 254], [152, 104], [1387, 11], [152, 98], [1388, 11], [677, 31], [645, 194], [271, 124], [427, 130], [1897, 135], [1101, 52], [137, 183], [1579, 238], [651, 268], [963, 124], [1001, 53], [722, 113], [1, 17], [427, 184], [149, 218], [1840, 282], [1205, 176], [1890, 172], [716, 230], [149, 270], [1774, 51], [1204, 24], [26, 51], [1677, 277], [26, 34], [543, 164], [164, 13], [716, 246], [926, 169], [1489, 95], [1677, 255], [868, 60], [1476, 122], [670, 260], [1502, 218], [1072, 293], [88, 10], [791, 153], [1203, 5], [590, 257], [1167, 11], [507, 119], [35, 79], [1677, 288], [1904, 57], [618, 157], [191, 5], [918, 92], [1363, 33], [1512, 16]], "mean": 4.38690185546875e-05}