{"vals": [3.421875, 2.0, 2.0, 2.0, 2.0, 1.328125, 1.21875, 1.21875, 0.84375, 0.80078125, 0.796875, 0.5859375, 0.5859375, 0.5859375, 0.5859375, 0.5859375, 0.57421875, 0.5234375, 0.490234375, 0.474609375, 0.474609375, 0.474609375, 0.474609375, 0.46875, 0.43359375, 0.43359375, 0.427734375, 0.427734375, 0.427734375, 0.42578125, 0.404296875, 0.396484375, 0.380859375, 0.369140625, 0.341796875, 0.337890625, 0.322265625, 0.310546875, 0.310546875, 0.298828125, 0.291015625, 0.2890625, 0.283203125, 0.28125, 0.26953125, 0.263671875, 0.251953125, 0.251953125, 0.2490234375, 0.2412109375], "inds": [[1463, 33], [361, 50], [365, 50], [349, 50], [352, 50], [1988, 245], [1431, 116], [1426, 116], [113, 121], [1145, 23], [1829, 202], [743, 31], [1535, 131], [749, 31], [735, 31], [747, 31], [1235, 17], [885, 24], [23, 6], [1992, 53], [778, 53], [1988, 53], [1996, 53], [1036, 121], [1554, 11], [1555, 11], [1006, 8], [1003, 8], [1001, 8], [1988, 264], [815, 15], [453, 95], [1900, 60], [1069, 106], [576, 91], [213, 5], [594, 64], [1493, 28], [997, 44], [758, 7], [1564, 11], [275, 18], [1061, 59], [1912, 154], [772, 16], [614, 5], [1996, 237], [675, 48], [494, 5], [938, 55]]}