{"vals": [0.2890625, 0.22265625, 0.2041015625, 0.1787109375, 0.173828125, 0.09912109375, 0.08837890625, 0.08447265625, 0.078125, 0.078125, 0.07177734375, 0.06884765625, 0.0654296875, 0.050537109375, 0.04833984375, 0.047119140625, 0.046875, 0.0439453125, 0.041748046875, 0.041259765625, 0.039794921875, 0.039794921875, 0.039306640625, 0.03759765625, 0.03515625, 0.03515625, 0.03466796875, 0.033935546875, 0.033447265625, 0.033447265625, 0.0322265625, 0.031982421875, 0.028564453125, 0.0255126953125, 0.0247802734375, 0.024658203125, 0.024169921875, 0.0235595703125, 0.0235595703125, 0.02294921875, 0.02294921875, 0.022705078125, 0.0220947265625, 0.0218505859375, 0.0216064453125, 0.021484375, 0.0213623046875, 0.02099609375, 0.02099609375, 0.0208740234375, 0.020751953125, 0.0205078125, 0.0203857421875, 0.020263671875, 0.0201416015625, 0.01953125, 0.0186767578125, 0.0186767578125, 0.0185546875, 0.0184326171875, 0.018310546875, 0.018310546875, 0.01806640625, 0.017822265625, 0.0174560546875, 0.017333984375, 0.0172119140625, 0.01708984375, 0.01708984375, 0.0169677734375, 0.0167236328125, 0.0167236328125, 0.0166015625, 0.0166015625, 0.0164794921875, 0.01611328125, 0.0159912109375, 0.0159912109375, 0.015869140625, 0.0157470703125, 0.0157470703125, 0.015625, 0.01531982421875, 0.01531982421875, 0.0152587890625, 0.0152587890625, 0.01513671875, 0.01507568359375, 0.014892578125, 0.0145263671875, 0.01446533203125, 0.014404296875, 0.0142822265625, 0.01422119140625, 0.01416015625, 0.01409912109375, 0.01397705078125, 0.01397705078125, 0.01397705078125, 0.01397705078125], "inds": [[319, 50], [293, 87], [1284, 116], [753, 21], [1001, 53], [1204, 24], [1747, 34], [149, 179], [1904, 79], [1132, 11], [1836, 22], [679, 21], [325, 37], [1748, 239], [590, 240], [1639, 104], [1698, 13], [1702, 18], [1079, 24], [817, 68], [892, 79], [43, 89], [266, 24], [1141, 32], [1747, 33], [1197, 26], [963, 124], [1698, 26], [483, 16], [241, 50], [818, 23], [1243, 193], [972, 106], [585, 24], [625, 45], [1101, 52], [469, 98], [125, 20], [260, 12], [778, 27], [1698, 32], [1836, 19], [1614, 202], [106, 94], [967, 59], [856, 7], [1407, 10], [837, 24], [933, 69], [1492, 101], [137, 183], [972, 111], [863, 22], [543, 164], [329, 225], [137, 123], [1428, 153], [971, 50], [1904, 57], [193, 43], [1904, 50], [781, 29], [1983, 150], [377, 39], [1545, 73], [1792, 84], [520, 35], [1363, 34], [589, 189], [1466, 34], [133, 12], [126, 29], [368, 20], [36, 60], [372, 26], [1982, 18], [1180, 148], [1251, 27], [722, 53], [325, 29], [1331, 48], [1432, 31], [1916, 158], [903, 84], [589, 64], [1666, 15], [1826, 25], [1933, 25], [1275, 71], [1232, 15], [1253, 120], [1843, 62], [1222, 19], [1482, 15], [729, 19], [1208, 14], [748, 267], [772, 15], [543, 64], [247, 18]], "mean": 9.298324584960938e-05}