{"vals": [0.7421875, 0.546875, 0.244140625, 0.2431640625, 0.1357421875, 0.130859375, 0.1240234375, 0.1044921875, 0.1005859375, 0.09765625, 0.083984375, 0.07470703125, 0.0703125, 0.061767578125, 0.0615234375, 0.060546875, 0.055908203125, 0.0556640625, 0.055419921875, 0.054931640625, 0.054931640625, 0.05224609375, 0.0517578125, 0.051513671875, 0.051025390625, 0.050048828125, 0.0498046875, 0.049072265625, 0.04833984375, 0.04541015625, 0.044677734375, 0.04296875, 0.042724609375, 0.042724609375, 0.0419921875, 0.0419921875, 0.041259765625, 0.041015625, 0.040771484375, 0.039306640625, 0.03857421875, 0.03759765625, 0.037353515625, 0.037109375, 0.035888671875, 0.03564453125, 0.035400390625, 0.034912109375, 0.033935546875, 0.0322265625, 0.0322265625, 0.031982421875, 0.030517578125, 0.0299072265625, 0.029052734375, 0.0289306640625, 0.0283203125, 0.027587890625, 0.027587890625, 0.02734375, 0.0267333984375, 0.0257568359375, 0.025390625, 0.025390625, 0.0252685546875, 0.0245361328125, 0.0244140625, 0.02392578125, 0.0238037109375, 0.023681640625, 0.0234375, 0.0233154296875, 0.0233154296875, 0.023193359375, 0.023193359375, 0.023193359375, 0.0230712890625, 0.022705078125, 0.0225830078125, 0.0220947265625, 0.0208740234375, 0.020751953125, 0.0206298828125, 0.0205078125, 0.0203857421875, 0.0201416015625, 0.02001953125, 0.02001953125, 0.0198974609375, 0.0198974609375, 0.0198974609375, 0.019775390625, 0.0194091796875, 0.01904296875, 0.018798828125, 0.0185546875, 0.0185546875, 0.0184326171875, 0.018310546875, 0.0181884765625], "inds": [[1614, 202], [818, 23], [972, 106], [1792, 84], [1284, 116], [22, 6], [1035, 23], [1887, 27], [855, 167], [1962, 242], [241, 50], [271, 86], [325, 29], [1724, 18], [1748, 268], [20, 34], [1691, 154], [460, 10], [543, 64], [1614, 203], [106, 121], [831, 151], [1748, 232], [818, 24], [302, 292], [585, 24], [469, 200], [293, 87], [581, 11], [905, 129], [435, 202], [858, 19], [856, 5], [609, 267], [556, 66], [677, 31], [985, 18], [589, 189], [543, 51], [1389, 11], [149, 31], [903, 64], [1982, 18], [1579, 6], [1792, 107], [813, 106], [1691, 130], [933, 69], [1, 16], [1748, 272], [679, 21], [793, 151], [579, 88], [1219, 12], [908, 32], [1284, 72], [1322, 75], [1792, 105], [319, 50], [1545, 73], [1904, 79], [1180, 30], [1092, 26], [747, 35], [1564, 129], [43, 65], [645, 289], [1141, 32], [813, 105], [1428, 57], [496, 51], [589, 64], [903, 85], [1010, 16], [1012, 16], [1009, 16], [543, 62], [640, 30], [275, 4], [892, 133], [1890, 172], [1691, 153], [162, 45], [1564, 191], [716, 163], [1243, 71], [1630, 11], [88, 10], [948, 44], [53, 15], [716, 214], [387, 11], [817, 68], [747, 36], [1614, 241], [1726, 72], [1225, 258], [1830, 57], [1148, 29], [279, 31]], "mean": 0.000125885009765625}