{"vals": [0.09423828125, 0.09033203125, 0.0654296875, 0.06494140625, 0.055419921875, 0.044921875, 0.0390625, 0.031005859375, 0.0279541015625, 0.0279541015625, 0.0274658203125, 0.026611328125, 0.025146484375, 0.022216796875, 0.0216064453125, 0.021484375, 0.0213623046875, 0.0211181640625, 0.01904296875, 0.0185546875, 0.0184326171875, 0.018310546875, 0.0179443359375, 0.017822265625, 0.0177001953125, 0.017333984375, 0.0169677734375, 0.0169677734375, 0.016845703125, 0.01611328125, 0.015869140625, 0.01544189453125, 0.015380859375, 0.01507568359375, 0.0145263671875, 0.01446533203125, 0.01434326171875, 0.0137939453125, 0.013671875, 0.01361083984375, 0.013427734375, 0.01336669921875, 0.01324462890625, 0.0130615234375, 0.0130615234375, 0.01263427734375, 0.0125732421875, 0.012451171875, 0.01214599609375, 0.01171875, 0.01171875, 0.01171875, 0.0115966796875, 0.011474609375, 0.01141357421875, 0.01141357421875, 0.01116943359375, 0.0111083984375, 0.0111083984375, 0.01104736328125, 0.0108642578125, 0.01080322265625, 0.0106201171875, 0.0106201171875, 0.0106201171875, 0.0106201171875, 0.0103759765625, 0.01031494140625, 0.01025390625, 0.01025390625, 0.01019287109375, 0.00994873046875, 0.00982666015625, 0.00970458984375, 0.0091552734375, 0.0087890625, 0.0086669921875, 0.00860595703125, 0.00860595703125, 0.00848388671875, 0.0084228515625, 0.00830078125, 0.00811767578125, 0.00811767578125, 0.00811767578125, 0.00799560546875, 0.007781982421875, 0.007720947265625, 0.007720947265625, 0.0076904296875, 0.00762939453125, 0.007568359375, 0.00750732421875, 0.00750732421875, 0.007476806640625, 0.007415771484375, 0.00732421875, 0.007232666015625, 0.007171630859375, 0.007080078125], "inds": [[1140, 137], [972, 106], [1219, 12], [902, 127], [1140, 136], [1140, 141], [167, 18], [20, 34], [1946, 35], [948, 121], [1208, 45], [479, 17], [1371, 78], [1144, 48], [599, 194], [179, 109], [329, 225], [818, 23], [910, 280], [748, 178], [813, 106], [1314, 54], [1284, 116], [191, 5], [462, 125], [910, 102], [813, 137], [1904, 79], [149, 179], [1214, 6], [1371, 131], [293, 87], [1630, 11], [149, 102], [599, 198], [905, 129], [716, 246], [319, 50], [723, 55], [1, 16], [1341, 28], [293, 24], [748, 80], [1079, 24], [1748, 268], [260, 12], [246, 14], [460, 14], [581, 11], [1303, 170], [1724, 18], [167, 47], [967, 59], [149, 80], [1791, 186], [1531, 7], [1013, 120], [1531, 274], [146, 120], [813, 149], [813, 105], [1382, 183], [1054, 21], [325, 29], [1843, 62], [1140, 138], [391, 70], [149, 183], [1655, 88], [1227, 51], [149, 270], [1140, 140], [903, 71], [1539, 210], [1624, 10], [1572, 30], [1501, 26], [644, 22], [1141, 32], [1208, 51], [818, 24], [862, 55], [1588, 128], [543, 51], [98, 15], [835, 28], [149, 131], [1887, 129], [1395, 19], [892, 133], [1614, 202], [599, 196], [98, 70], [1253, 120], [106, 94], [216, 195], [1440, 15], [1830, 17], [858, 19], [817, 68]], "mean": 3.910064697265625e-05}