{"vals": [0.984375, 0.2578125, 0.1279296875, 0.09423828125, 0.0849609375, 0.07861328125, 0.06884765625, 0.064453125, 0.062255859375, 0.0615234375, 0.06103515625, 0.0546875, 0.052490234375, 0.046142578125, 0.045166015625, 0.044189453125, 0.0439453125, 0.04248046875, 0.0419921875, 0.039794921875, 0.038330078125, 0.03662109375, 0.0361328125, 0.03564453125, 0.03564453125, 0.033935546875, 0.03369140625, 0.033447265625, 0.03173828125, 0.03125, 0.0308837890625, 0.0306396484375, 0.0299072265625, 0.0294189453125, 0.0291748046875, 0.02880859375, 0.024658203125, 0.024658203125, 0.0245361328125, 0.0244140625, 0.0242919921875, 0.0240478515625, 0.02392578125, 0.023681640625, 0.023681640625, 0.0233154296875, 0.0233154296875, 0.023193359375, 0.023193359375, 0.0225830078125, 0.0218505859375, 0.0213623046875, 0.021240234375, 0.02099609375, 0.0208740234375, 0.0203857421875, 0.020263671875, 0.0201416015625, 0.0198974609375, 0.0196533203125, 0.01953125, 0.01953125, 0.019287109375, 0.01904296875, 0.0189208984375, 0.0189208984375, 0.0189208984375, 0.018798828125, 0.018798828125, 0.0184326171875, 0.017822265625, 0.017822265625, 0.0177001953125, 0.017578125, 0.01708984375, 0.016845703125, 0.0167236328125, 0.0166015625, 0.0166015625, 0.0164794921875, 0.0162353515625, 0.0162353515625, 0.01611328125, 0.01611328125, 0.01611328125, 0.0159912109375, 0.0159912109375, 0.0159912109375, 0.015869140625, 0.0157470703125, 0.015625, 0.015625, 0.01556396484375, 0.0155029296875, 0.01544189453125, 0.01544189453125, 0.015380859375, 0.0152587890625, 0.0152587890625, 0.01519775390625], "inds": [[1320, 33], [1614, 202], [556, 66], [20, 34], [1284, 116], [1010, 149], [800, 10], [1880, 40], [1843, 62], [329, 225], [1180, 30], [1273, 42], [1410, 48], [480, 20], [1001, 53], [1303, 170], [1564, 83], [528, 169], [543, 51], [1566, 58], [1792, 105], [359, 117], [818, 24], [406, 257], [818, 23], [982, 186], [1466, 34], [926, 145], [293, 24], [330, 142], [350, 36], [1748, 74], [679, 21], [882, 27], [1708, 49], [948, 121], [149, 183], [1098, 48], [1726, 72], [1207, 40], [1476, 122], [716, 163], [1381, 13], [1056, 15], [858, 19], [406, 196], [1614, 241], [1299, 34], [651, 19], [268, 87], [855, 119], [1568, 14], [683, 26], [903, 85], [1639, 73], [193, 43], [492, 13], [149, 270], [1132, 11], [1013, 14], [1614, 203], [1466, 68], [1748, 166], [1180, 170], [898, 58], [1228, 13], [855, 48], [1208, 45], [1320, 39], [149, 80], [1890, 187], [831, 157], [1653, 15], [528, 173], [716, 178], [763, 131], [1009, 257], [1267, 156], [905, 129], [874, 15], [865, 14], [149, 179], [299, 43], [677, 31], [195, 15], [1134, 154], [861, 14], [1927, 287], [877, 165], [1204, 21], [149, 218], [731, 13], [54, 112], [1019, 27], [856, 14], [1243, 193], [864, 16], [1788, 10], [329, 244], [1512, 17]], "mean": 6.771087646484375e-05}