{"vals": [0.80078125, 0.1279296875, 0.09521484375, 0.0810546875, 0.0595703125, 0.057373046875, 0.055419921875, 0.0546875, 0.050537109375, 0.046630859375, 0.04638671875, 0.038818359375, 0.035400390625, 0.032958984375, 0.032470703125, 0.03173828125, 0.030029296875, 0.0272216796875, 0.02685546875, 0.0257568359375, 0.0255126953125, 0.024169921875, 0.0228271484375, 0.0223388671875, 0.021728515625, 0.0213623046875, 0.021240234375, 0.0208740234375, 0.020751953125, 0.020751953125, 0.0203857421875, 0.0203857421875, 0.020263671875, 0.019775390625, 0.0196533203125, 0.01953125, 0.0194091796875, 0.0191650390625, 0.01904296875, 0.018798828125, 0.018798828125, 0.0185546875, 0.0181884765625, 0.0179443359375, 0.017822265625, 0.017578125, 0.0174560546875, 0.0172119140625, 0.01708984375, 0.0169677734375, 0.0166015625, 0.0162353515625, 0.0159912109375, 0.0157470703125, 0.015625, 0.015625, 0.01556396484375, 0.01544189453125, 0.015380859375, 0.0152587890625, 0.01513671875, 0.01416015625, 0.01416015625, 0.01416015625, 0.0140380859375, 0.0140380859375, 0.01385498046875, 0.01385498046875, 0.0137939453125, 0.01373291015625, 0.01348876953125, 0.01336669921875, 0.01312255859375, 0.01312255859375, 0.0130615234375, 0.01300048828125, 0.012939453125, 0.01287841796875, 0.01263427734375, 0.01263427734375, 0.01226806640625, 0.01220703125, 0.01214599609375, 0.01214599609375, 0.011962890625, 0.0118408203125, 0.01177978515625, 0.01165771484375, 0.0115966796875, 0.01129150390625, 0.01129150390625, 0.01104736328125, 0.01068115234375, 0.01068115234375, 0.01043701171875, 0.0103759765625, 0.01031494140625, 0.0101318359375, 0.01007080078125, 0.010009765625], "inds": [[1614, 202], [293, 87], [512, 109], [1299, 34], [1614, 203], [1227, 51], [167, 18], [1314, 54], [892, 79], [1296, 26], [1284, 116], [319, 50], [972, 106], [329, 225], [609, 267], [88, 10], [1545, 73], [1001, 53], [1079, 24], [543, 51], [1703, 232], [716, 246], [355, 79], [1887, 129], [1132, 11], [1741, 191], [1399, 9], [1443, 26], [1280, 21], [1748, 272], [1180, 30], [241, 50], [585, 24], [1219, 12], [645, 297], [528, 150], [1101, 52], [528, 6], [1748, 239], [1748, 268], [247, 66], [639, 21], [1205, 176], [677, 31], [543, 164], [748, 250], [1382, 183], [1747, 33], [480, 20], [1180, 148], [325, 29], [1822, 129], [137, 123], [852, 40], [1341, 28], [919, 8], [1219, 47], [1982, 18], [1830, 57], [905, 129], [1208, 14], [1774, 51], [651, 100], [302, 292], [817, 68], [1208, 51], [1991, 48], [1679, 60], [1880, 40], [1222, 19], [625, 45], [471, 15], [87, 204], [1377, 269], [275, 4], [256, 35], [857, 9], [1912, 15], [651, 19], [1702, 18], [1080, 18], [309, 20], [1566, 62], [826, 105], [462, 20], [1410, 48], [1830, 17], [1713, 267], [1492, 101], [785, 48], [149, 218], [325, 37], [1658, 23], [1421, 167], [1792, 93], [967, 59], [1978, 14], [652, 11], [1474, 22], [1208, 13]], "mean": 5.793571472167969e-05}