{"vals": [0.259765625, 0.228515625, 0.0791015625, 0.0712890625, 0.06396484375, 0.047607421875, 0.046142578125, 0.043701171875, 0.04150390625, 0.030517578125, 0.0283203125, 0.0250244140625, 0.0240478515625, 0.023193359375, 0.0224609375, 0.022216796875, 0.0218505859375, 0.0216064453125, 0.0196533203125, 0.018798828125, 0.018798828125, 0.0186767578125, 0.0181884765625, 0.0177001953125, 0.0174560546875, 0.0166015625, 0.0164794921875, 0.0159912109375, 0.0157470703125, 0.01556396484375, 0.0155029296875, 0.0150146484375, 0.01446533203125, 0.01409912109375, 0.013671875, 0.0135498046875, 0.01348876953125, 0.012939453125, 0.01287841796875, 0.0126953125, 0.01251220703125, 0.01239013671875, 0.01214599609375, 0.0120849609375, 0.01202392578125, 0.01202392578125, 0.01190185546875, 0.0118408203125, 0.0115966796875, 0.011474609375, 0.0113525390625, 0.01123046875, 0.01080322265625, 0.0107421875, 0.01068115234375, 0.0106201171875, 0.01055908203125, 0.010498046875, 0.01043701171875, 0.01025390625, 0.00994873046875, 0.00982666015625, 0.009765625, 0.00958251953125, 0.009521484375, 0.009521484375, 0.00946044921875, 0.00927734375, 0.009033203125, 0.00897216796875, 0.0087890625, 0.0087890625, 0.0086669921875, 0.008544921875, 0.00848388671875, 0.00848388671875, 0.0084228515625, 0.00836181640625, 0.008056640625, 0.0079345703125, 0.0079345703125, 0.00787353515625, 0.00787353515625, 0.0078125, 0.007781982421875, 0.007781982421875, 0.00775146484375, 0.007598876953125, 0.007568359375, 0.007537841796875, 0.007537841796875, 0.0074462890625, 0.00726318359375, 0.00726318359375, 0.007171630859375, 0.00714111328125, 0.007049560546875, 0.0068359375, 0.0068359375, 0.006805419921875], "inds": [[972, 106], [1382, 183], [589, 189], [1296, 26], [1079, 24], [1614, 202], [1280, 21], [1982, 18], [1101, 52], [972, 111], [241, 50], [267, 244], [271, 188], [1001, 53], [1960, 14], [1219, 12], [1253, 120], [1545, 73], [677, 31], [1702, 18], [318, 18], [325, 37], [271, 86], [908, 32], [146, 120], [391, 70], [1933, 25], [149, 179], [1407, 10], [1284, 116], [694, 132], [1409, 14], [900, 69], [1314, 54], [890, 111], [43, 65], [543, 64], [1735, 250], [1273, 42], [1708, 49], [837, 25], [1202, 254], [1604, 124], [1440, 15], [753, 21], [435, 91], [665, 213], [319, 50], [710, 16], [528, 150], [1771, 21], [581, 11], [967, 59], [137, 123], [1145, 15], [167, 18], [1830, 17], [784, 62], [892, 79], [1979, 20], [1141, 32], [974, 251], [266, 24], [1614, 241], [1539, 5], [1158, 17], [883, 22], [590, 257], [948, 121], [35, 79], [1836, 22], [784, 66], [1020, 79], [1890, 264], [1141, 35], [645, 297], [1859, 66], [1733, 221], [865, 243], [818, 23], [1790, 135], [589, 64], [1521, 28], [162, 49], [1093, 13], [2, 31], [1747, 34], [1672, 186], [933, 55], [1992, 26], [255, 21], [1945, 188], [1531, 274], [1822, 129], [1690, 17], [447, 22], [1253, 157], [106, 137], [1978, 14], [933, 69]], "mean": 3.504753112792969e-05}