{"vals": [0.470703125, 0.4609375, 0.2158203125, 0.1474609375, 0.123046875, 0.11962890625, 0.11328125, 0.0966796875, 0.09033203125, 0.08642578125, 0.0849609375, 0.080078125, 0.07373046875, 0.07275390625, 0.0703125, 0.0693359375, 0.06787109375, 0.06787109375, 0.06591796875, 0.0654296875, 0.06298828125, 0.0615234375, 0.05810546875, 0.0576171875, 0.056396484375, 0.053466796875, 0.053466796875, 0.05126953125, 0.05029296875, 0.049072265625, 0.048828125, 0.04736328125, 0.04736328125, 0.04541015625, 0.044921875, 0.04296875, 0.042724609375, 0.04248046875, 0.042236328125, 0.041748046875, 0.041259765625, 0.041259765625, 0.040771484375, 0.039794921875, 0.03955078125, 0.03857421875, 0.03662109375, 0.036376953125, 0.035888671875, 0.035888671875, 0.03564453125, 0.03466796875, 0.033935546875, 0.032958984375, 0.03271484375, 0.032470703125, 0.03173828125, 0.03173828125, 0.03125, 0.0311279296875, 0.0311279296875, 0.0308837890625, 0.03076171875, 0.0306396484375, 0.0303955078125, 0.030029296875, 0.0296630859375, 0.029541015625, 0.0291748046875, 0.02880859375, 0.0286865234375, 0.028564453125, 0.0284423828125, 0.0284423828125, 0.0281982421875, 0.028076171875, 0.028076171875, 0.02783203125, 0.0277099609375, 0.0274658203125, 0.027099609375, 0.02685546875, 0.02685546875, 0.0264892578125, 0.0263671875, 0.0262451171875, 0.026123046875, 0.026123046875, 0.02587890625, 0.0257568359375, 0.0255126953125, 0.025146484375, 0.025146484375, 0.0250244140625, 0.0247802734375, 0.024658203125, 0.024658203125, 0.0245361328125, 0.0242919921875, 0.0240478515625], "inds": [[106, 121], [1284, 116], [645, 194], [1202, 239], [406, 196], [1202, 254], [1092, 26], [824, 105], [1128, 40], [349, 223], [1566, 25], [712, 124], [543, 51], [1204, 92], [293, 24], [645, 297], [1564, 129], [674, 43], [386, 179], [1724, 18], [293, 86], [1620, 149], [793, 151], [293, 45], [1904, 50], [579, 157], [149, 183], [1770, 64], [293, 57], [319, 50], [1614, 181], [504, 92], [325, 19], [1708, 49], [1202, 245], [1724, 82], [299, 43], [1768, 64], [1131, 229], [149, 270], [972, 106], [1639, 17], [892, 133], [1902, 66], [330, 142], [1914, 65], [53, 15], [1440, 15], [1382, 183], [651, 268], [406, 78], [1202, 194], [1962, 242], [149, 131], [435, 175], [149, 179], [818, 23], [674, 225], [1566, 37], [590, 240], [674, 58], [1614, 234], [926, 145], [1620, 75], [435, 41], [1542, 31], [817, 68], [1202, 96], [1624, 47], [1443, 26], [543, 86], [475, 236], [1732, 231], [579, 88], [293, 34], [948, 121], [903, 64], [1069, 125], [855, 197], [149, 147], [1794, 29], [1904, 88], [435, 202], [634, 115], [435, 91], [1914, 82], [1629, 271], [845, 183], [1914, 42], [1180, 193], [926, 297], [1732, 140], [293, 87], [1, 16], [1564, 156], [504, 78], [651, 232], [512, 109], [1421, 167], [528, 92]], "mean": 0.00012683868408203125}