{"vals": [0.2734375, 0.208984375, 0.2060546875, 0.162109375, 0.11328125, 0.10498046875, 0.10009765625, 0.099609375, 0.0966796875, 0.0927734375, 0.0888671875, 0.0712890625, 0.06982421875, 0.06640625, 0.060546875, 0.059814453125, 0.0537109375, 0.053466796875, 0.052978515625, 0.052001953125, 0.0517578125, 0.0498046875, 0.04833984375, 0.047607421875, 0.04736328125, 0.046630859375, 0.044677734375, 0.044189453125, 0.042724609375, 0.042236328125, 0.0419921875, 0.041015625, 0.039306640625, 0.03759765625, 0.037109375, 0.036865234375, 0.035400390625, 0.03466796875, 0.034423828125, 0.031982421875, 0.031494140625, 0.0311279296875, 0.03076171875, 0.0301513671875, 0.0299072265625, 0.0299072265625, 0.02978515625, 0.029052734375, 0.0283203125, 0.0281982421875, 0.028076171875, 0.0279541015625, 0.02783203125, 0.0274658203125, 0.0274658203125, 0.0267333984375, 0.0263671875, 0.0260009765625, 0.025634765625, 0.025634765625, 0.0255126953125, 0.0252685546875, 0.025146484375, 0.0250244140625, 0.024658203125, 0.0244140625, 0.0242919921875, 0.024169921875, 0.0238037109375, 0.0238037109375, 0.0235595703125, 0.0233154296875, 0.023193359375, 0.023193359375, 0.02294921875, 0.0228271484375, 0.0224609375, 0.0223388671875, 0.0223388671875, 0.0223388671875, 0.0220947265625, 0.0220947265625, 0.02197265625, 0.02197265625, 0.0218505859375, 0.021728515625, 0.021728515625, 0.0216064453125, 0.0216064453125, 0.021484375, 0.021240234375, 0.021240234375, 0.0211181640625, 0.0211181640625, 0.0211181640625, 0.0208740234375, 0.0208740234375, 0.020751953125, 0.020751953125, 0.0206298828125], "inds": [[319, 50], [1128, 40], [903, 35], [985, 18], [1284, 116], [1304, 161], [325, 37], [1843, 62], [1208, 51], [507, 119], [1382, 183], [271, 188], [626, 182], [1001, 53], [293, 86], [562, 264], [528, 169], [1128, 55], [813, 70], [1100, 190], [948, 185], [167, 33], [891, 36], [1204, 92], [1564, 83], [1982, 18], [469, 236], [817, 68], [1748, 255], [496, 171], [1567, 87], [963, 101], [1079, 24], [1987, 180], [1991, 62], [1566, 37], [239, 55], [609, 272], [1962, 270], [1890, 172], [503, 12], [1333, 128], [971, 42], [1564, 129], [1983, 196], [651, 223], [517, 252], [895, 18], [443, 233], [353, 21], [222, 17], [674, 43], [355, 136], [1722, 71], [307, 167], [507, 120], [852, 231], [1748, 250], [379, 16], [435, 10], [1018, 130], [20, 58], [329, 123], [1467, 208], [1517, 281], [1546, 288], [1566, 25], [1382, 228], [384, 238], [293, 87], [1331, 114], [167, 32], [1545, 73], [1145, 17], [1, 16], [785, 48], [1467, 209], [1298, 216], [1467, 206], [985, 33], [1658, 23], [175, 251], [302, 205], [171, 76], [609, 172], [1128, 133], [948, 46], [162, 61], [1789, 203], [479, 17], [319, 226], [528, 150], [609, 293], [967, 199], [27, 257], [475, 237], [43, 65], [1897, 203], [818, 23], [609, 241]], "mean": 0.000244140625}