{"vals": [0.2099609375, 0.1015625, 0.042724609375, 0.0240478515625, 0.0189208984375, 0.0159912109375, 0.0152587890625, 0.014892578125, 0.01422119140625, 0.01422119140625, 0.01397705078125, 0.0128173828125, 0.01190185546875, 0.01123046875, 0.01068115234375, 0.0106201171875, 0.010498046875, 0.01031494140625, 0.010009765625, 0.00958251953125, 0.00946044921875, 0.00933837890625, 0.00927734375, 0.0091552734375, 0.0089111328125, 0.0087890625, 0.00872802734375, 0.008544921875, 0.0084228515625, 0.00823974609375, 0.008056640625, 0.0078125, 0.00762939453125, 0.007537841796875, 0.00750732421875, 0.0069580078125, 0.00689697265625, 0.00689697265625, 0.00689697265625, 0.006622314453125, 0.006561279296875, 0.006561279296875, 0.00653076171875, 0.006378173828125, 0.006256103515625, 0.0062255859375, 0.0062255859375, 0.006134033203125, 0.006103515625, 0.006072998046875, 0.005950927734375, 0.005889892578125, 0.005615234375, 0.005584716796875, 0.005523681640625, 0.005462646484375, 0.00543212890625, 0.00543212890625, 0.00543212890625, 0.005401611328125, 0.00531005859375, 0.005279541015625, 0.005218505859375, 0.005218505859375, 0.005218505859375, 0.005218505859375, 0.005218505859375, 0.005218505859375, 0.00518798828125, 0.00518798828125, 0.005157470703125, 0.005126953125, 0.005126953125, 0.005126953125, 0.00506591796875, 0.00506591796875, 0.0050048828125, 0.0050048828125, 0.0048828125, 0.004852294921875, 0.0047607421875, 0.0047607421875, 0.004730224609375, 0.00469970703125, 0.004638671875, 0.004638671875, 0.004608154296875, 0.004608154296875, 0.00457763671875, 0.004547119140625, 0.004547119140625, 0.0045166015625, 0.004486083984375, 0.004425048828125, 0.004425048828125, 0.004425048828125, 0.00439453125, 0.00439453125, 0.004364013671875, 0.004364013671875], "inds": [[1, 16], [818, 23], [319, 50], [793, 151], [1718, 30], [590, 249], [1843, 62], [1079, 24], [1296, 26], [149, 179], [1298, 216], [1111, 91], [404, 279], [1410, 48], [831, 151], [837, 25], [277, 40], [1315, 28], [1298, 217], [877, 99], [471, 15], [1897, 74], [1566, 37], [1880, 40], [903, 35], [1219, 12], [1947, 19], [1985, 60], [625, 45], [404, 277], [1442, 229], [948, 121], [945, 98], [1691, 130], [948, 69], [134, 177], [1746, 17], [355, 91], [751, 64], [1792, 84], [1211, 41], [1734, 56], [507, 119], [1349, 19], [1371, 131], [35, 83], [1983, 69], [645, 289], [1128, 55], [1742, 81], [1721, 79], [298, 219], [818, 218], [1143, 80], [1101, 52], [1739, 125], [852, 231], [353, 21], [158, 82], [1128, 72], [1726, 72], [1914, 298], [1092, 26], [345, 183], [1827, 19], [1139, 37], [1028, 214], [486, 19], [556, 66], [27, 120], [609, 267], [824, 105], [1382, 183], [1702, 18], [1074, 151], [738, 17], [1105, 23], [1588, 295], [1382, 177], [131, 52], [1428, 57], [483, 143], [1955, 177], [716, 74], [368, 21], [1208, 51], [134, 203], [855, 250], [355, 82], [426, 61], [785, 48], [1133, 79], [1299, 34], [721, 15], [1789, 217], [281, 13], [512, 107], [646, 225], [1056, 128], [1303, 123]], "mean": 4.6253204345703125e-05}