{"vals": [0.134765625, 0.0264892578125, 0.0250244140625, 0.0179443359375, 0.01458740234375, 0.01153564453125, 0.01141357421875, 0.01025390625, 0.00897216796875, 0.0089111328125, 0.0081787109375, 0.00799560546875, 0.00714111328125, 0.007080078125, 0.007080078125, 0.00701904296875, 0.0068359375, 0.00653076171875, 0.0064697265625, 0.006439208984375, 0.005859375, 0.005645751953125, 0.005615234375, 0.005218505859375, 0.005126953125, 0.005126953125, 0.00506591796875, 0.00506591796875, 0.0050048828125, 0.00494384765625, 0.004852294921875, 0.00482177734375, 0.00482177734375, 0.00482177734375, 0.00469970703125, 0.00469970703125, 0.00469970703125, 0.004669189453125, 0.004608154296875, 0.004547119140625, 0.004547119140625, 0.004486083984375, 0.00445556640625, 0.004425048828125, 0.004425048828125, 0.00433349609375, 0.004302978515625, 0.0042724609375, 0.004180908203125, 0.004150390625, 0.004119873046875, 0.004119873046875, 0.00408935546875, 0.004058837890625, 0.0040283203125, 0.003997802734375, 0.00396728515625, 0.00396728515625, 0.003936767578125, 0.003936767578125, 0.003936767578125, 0.00390625, 0.0038299560546875, 0.0037994384765625, 0.003692626953125, 0.0036773681640625, 0.0036468505859375, 0.003631591796875, 0.0035247802734375, 0.003509521484375, 0.0034942626953125, 0.00347900390625, 0.0034332275390625, 0.00341796875, 0.0034027099609375, 0.0033721923828125, 0.0033721923828125, 0.00335693359375, 0.0033416748046875, 0.0033416748046875, 0.0033416748046875, 0.003326416015625, 0.0033111572265625, 0.0033111572265625, 0.0033111572265625, 0.0032501220703125, 0.0032501220703125, 0.00323486328125, 0.00323486328125, 0.0032196044921875, 0.0032196044921875, 0.0032196044921875, 0.0031890869140625, 0.0031585693359375, 0.003143310546875, 0.003143310546875, 0.0031280517578125, 0.003082275390625, 0.0030670166015625, 0.0030670166015625], "inds": [[1284, 116], [1, 16], [1410, 48], [1843, 62], [1371, 131], [1128, 40], [677, 31], [1421, 167], [1880, 40], [1079, 24], [1823, 128], [842, 138], [1141, 41], [20, 34], [1748, 272], [625, 45], [391, 70], [651, 100], [134, 177], [307, 167], [609, 267], [466, 93], [702, 78], [1811, 74], [1088, 25], [106, 117], [1512, 17], [1074, 275], [137, 183], [274, 50], [27, 252], [271, 235], [171, 70], [1973, 209], [1180, 30], [1792, 84], [1128, 55], [1792, 93], [1585, 14], [512, 109], [837, 24], [1191, 91], [801, 164], [1397, 23], [972, 111], [562, 264], [974, 264], [435, 202], [1847, 97], [841, 25], [1100, 190], [1748, 277], [579, 157], [1432, 116], [818, 23], [948, 121], [134, 203], [1428, 57], [222, 85], [910, 280], [1032, 49], [1092, 26], [1566, 37], [817, 68], [1382, 183], [1088, 23], [1768, 140], [69, 212], [616, 226], [544, 70], [1947, 283], [634, 240], [1472, 19], [1530, 23], [134, 45], [1022, 44], [1611, 72], [1626, 89], [938, 30], [702, 55], [1088, 22], [1331, 121], [353, 21], [1564, 41], [1562, 19], [704, 299], [1492, 101], [293, 24], [1132, 11], [404, 247], [971, 46], [1951, 54], [241, 109], [149, 80], [903, 35], [985, 18], [343, 65], [1497, 272], [1847, 105], [1339, 61]], "mean": 4.291534423828125e-05}