{"vals": [0.1728515625, 0.054443359375, 0.04443359375, 0.030517578125, 0.024658203125, 0.0244140625, 0.0242919921875, 0.024169921875, 0.0208740234375, 0.019775390625, 0.0191650390625, 0.01708984375, 0.0164794921875, 0.015869140625, 0.014404296875, 0.01416015625, 0.01409912109375, 0.0140380859375, 0.01397705078125, 0.0137939453125, 0.01348876953125, 0.01300048828125, 0.01220703125, 0.01165771484375, 0.01116943359375, 0.0108642578125, 0.0107421875, 0.0106201171875, 0.0106201171875, 0.0106201171875, 0.01025390625, 0.0093994140625, 0.0091552734375, 0.009033203125, 0.0087890625, 0.0084228515625, 0.00836181640625, 0.00823974609375, 0.00811767578125, 0.007537841796875, 0.007476806640625, 0.00714111328125, 0.00701904296875, 0.006927490234375, 0.00689697265625, 0.006866455078125, 0.0068359375, 0.00677490234375, 0.006683349609375, 0.00665283203125, 0.006500244140625, 0.006317138671875, 0.00628662109375, 0.00616455078125, 0.00616455078125, 0.006072998046875, 0.00592041015625, 0.00592041015625, 0.005889892578125, 0.005767822265625, 0.0057373046875, 0.005706787109375, 0.005706787109375, 0.005584716796875, 0.005584716796875, 0.0054931640625, 0.005340576171875, 0.005340576171875, 0.005340576171875, 0.005279541015625, 0.005279541015625, 0.005218505859375, 0.0050048828125, 0.0050048828125, 0.004974365234375, 0.004913330078125, 0.004852294921875, 0.0047607421875, 0.0047607421875, 0.0047607421875, 0.00469970703125, 0.004669189453125, 0.004608154296875, 0.00457763671875, 0.004547119140625, 0.0045166015625, 0.0045166015625, 0.004486083984375, 0.00439453125, 0.004364013671875, 0.004364013671875, 0.00433349609375, 0.00433349609375, 0.004302978515625, 0.0042724609375, 0.004241943359375, 0.00421142578125, 0.004150390625, 0.004150390625, 0.004058837890625], "inds": [[1284, 116], [645, 194], [1823, 128], [422, 22], [818, 23], [996, 42], [293, 24], [948, 121], [1724, 18], [20, 34], [1079, 24], [1202, 254], [1611, 72], [852, 231], [817, 68], [329, 225], [625, 45], [818, 24], [149, 270], [106, 121], [1128, 40], [1204, 92], [517, 252], [679, 21], [1702, 18], [1792, 84], [271, 188], [521, 36], [1823, 126], [645, 297], [1535, 65], [1299, 31], [971, 42], [318, 18], [1880, 40], [298, 219], [1566, 37], [1331, 114], [1092, 26], [149, 102], [512, 109], [1180, 30], [1269, 90], [721, 10], [1128, 72], [479, 17], [149, 131], [355, 113], [1640, 156], [239, 55], [162, 153], [521, 34], [1386, 171], [1792, 93], [367, 181], [325, 37], [1296, 26], [1583, 211], [1614, 181], [1410, 48], [1620, 149], [1724, 82], [818, 163], [1109, 26], [903, 71], [788, 152], [27, 257], [349, 223], [406, 257], [1639, 158], [1145, 15], [1382, 177], [1417, 75], [43, 206], [319, 50], [556, 66], [1180, 70], [365, 16], [1983, 141], [1564, 129], [1180, 193], [1382, 183], [1173, 258], [1179, 67], [512, 107], [1782, 43], [1500, 111], [644, 22], [1, 16], [1983, 173], [307, 274], [1566, 25], [1074, 275], [892, 133], [280, 46], [1941, 172], [1320, 74], [1128, 59], [293, 86], [996, 43]], "mean": 4.2438507080078125e-05}