{"vals": [0.0211181640625, 0.0203857421875, 0.01556396484375, 0.0145263671875, 0.01348876953125, 0.01324462890625, 0.01263427734375, 0.01153564453125, 0.01123046875, 0.0101318359375, 0.0098876953125, 0.00946044921875, 0.00933837890625, 0.009033203125, 0.0089111328125, 0.00860595703125, 0.0084228515625, 0.008056640625, 0.00787353515625, 0.00762939453125, 0.00762939453125, 0.0074462890625, 0.00738525390625, 0.007080078125, 0.006744384765625, 0.006622314453125, 0.006622314453125, 0.00653076171875, 0.006378173828125, 0.00634765625, 0.00634765625, 0.00628662109375, 0.006256103515625, 0.006256103515625, 0.006134033203125, 0.005889892578125, 0.00567626953125, 0.005584716796875, 0.005584716796875, 0.00555419921875, 0.005523681640625, 0.005401611328125, 0.00537109375, 0.005279541015625, 0.005279541015625, 0.005279541015625, 0.005218505859375, 0.005157470703125, 0.005126953125, 0.005096435546875, 0.0050048828125, 0.00494384765625, 0.00494384765625, 0.004913330078125, 0.0047607421875, 0.004638671875, 0.0045166015625, 0.0045166015625, 0.004486083984375, 0.004425048828125, 0.00439453125, 0.00439453125, 0.00433349609375, 0.004241943359375, 0.00421142578125, 0.004180908203125, 0.004180908203125, 0.004180908203125, 0.004180908203125, 0.004119873046875, 0.003997802734375, 0.003997802734375, 0.003997802734375, 0.00396728515625, 0.00396728515625, 0.0038909912109375, 0.0038909912109375, 0.00384521484375, 0.0038299560546875, 0.0037841796875, 0.0037384033203125, 0.003692626953125, 0.00360107421875, 0.0035247802734375, 0.0034942626953125, 0.0034637451171875, 0.0034332275390625, 0.0034027099609375, 0.0033416748046875, 0.0033111572265625, 0.003265380859375, 0.0032501220703125, 0.0032501220703125, 0.0032501220703125, 0.00323486328125, 0.00323486328125, 0.003204345703125, 0.0031585693359375, 0.0031280517578125, 0.0031280517578125], "inds": [[626, 182], [590, 249], [817, 68], [1744, 264], [1111, 91], [329, 225], [1744, 262], [386, 179], [948, 121], [517, 252], [1284, 116], [616, 226], [1862, 207], [1744, 263], [562, 264], [721, 189], [325, 37], [1243, 261], [609, 267], [1101, 91], [1304, 161], [459, 279], [462, 70], [1001, 53], [149, 131], [1323, 265], [289, 162], [579, 88], [1273, 42], [1675, 249], [1183, 112], [589, 126], [855, 48], [427, 268], [1111, 90], [1382, 183], [609, 211], [1792, 84], [801, 164], [590, 240], [1467, 206], [298, 219], [1259, 32], [667, 297], [634, 240], [868, 60], [406, 257], [905, 129], [1086, 271], [1566, 25], [454, 72], [1897, 203], [1347, 288], [195, 52], [289, 217], [1086, 272], [1492, 101], [813, 277], [813, 274], [1243, 179], [1143, 216], [651, 232], [602, 259], [289, 242], [1298, 285], [1890, 187], [435, 271], [831, 282], [455, 182], [1887, 136], [590, 241], [134, 177], [22, 38], [1238, 91], [1744, 284], [289, 160], [1774, 129], [793, 217], [1204, 92], [1792, 206], [1582, 32], [241, 110], [106, 140], [1923, 242], [862, 55], [1347, 295], [1505, 247], [667, 259], [1253, 120], [1564, 83], [1299, 34], [1100, 89], [405, 43], [963, 124], [1739, 125], [645, 297], [851, 194], [1128, 102], [1608, 134], [996, 42]], "mean": 4.363059997558594e-05}