{"vals": [0.0703125, 0.025146484375, 0.0223388671875, 0.0198974609375, 0.015625, 0.01470947265625, 0.013916015625, 0.01385498046875, 0.01226806640625, 0.01214599609375, 0.01141357421875, 0.010986328125, 0.01068115234375, 0.010498046875, 0.0093994140625, 0.0093994140625, 0.0093994140625, 0.00897216796875, 0.00860595703125, 0.00848388671875, 0.00836181640625, 0.00823974609375, 0.00823974609375, 0.00787353515625, 0.007781982421875, 0.007720947265625, 0.007537841796875, 0.00738525390625, 0.00738525390625, 0.00732421875, 0.00726318359375, 0.00714111328125, 0.007110595703125, 0.007049560546875, 0.0069580078125, 0.0068359375, 0.006805419921875, 0.006683349609375, 0.00665283203125, 0.006561279296875, 0.006500244140625, 0.0064697265625, 0.006256103515625, 0.006103515625, 0.006072998046875, 0.005889892578125, 0.005767822265625, 0.005706787109375, 0.005645751953125, 0.005401611328125, 0.00537109375, 0.00537109375, 0.00531005859375, 0.0052490234375, 0.0052490234375, 0.0052490234375, 0.00518798828125, 0.00506591796875, 0.005035400390625, 0.0050048828125, 0.004974365234375, 0.0048828125, 0.0048828125, 0.00482177734375, 0.00482177734375, 0.0047607421875, 0.004669189453125, 0.004669189453125, 0.004669189453125, 0.00457763671875, 0.004547119140625, 0.0045166015625, 0.004486083984375, 0.004486083984375, 0.004486083984375, 0.00445556640625, 0.004425048828125, 0.004425048828125, 0.00439453125, 0.00439453125, 0.00433349609375, 0.00433349609375, 0.004302978515625, 0.00421142578125, 0.00421142578125, 0.00421142578125, 0.00421142578125, 0.004180908203125, 0.004150390625, 0.004150390625, 0.0040283203125, 0.0040283203125, 0.0040283203125, 0.003997802734375, 0.003936767578125, 0.00390625, 0.00390625, 0.003875732421875, 0.0038604736328125, 0.003814697265625], "inds": [[1284, 116], [1823, 128], [590, 249], [1880, 40], [512, 109], [1079, 24], [106, 121], [1843, 62], [837, 24], [818, 163], [1748, 272], [1421, 167], [1092, 26], [996, 42], [959, 16], [960, 16], [957, 16], [948, 270], [1, 16], [1154, 20], [1823, 40], [1382, 183], [579, 88], [1128, 40], [325, 37], [985, 18], [818, 180], [405, 219], [353, 42], [1173, 258], [329, 225], [1706, 37], [27, 257], [167, 33], [818, 23], [818, 182], [716, 230], [1959, 11], [1267, 156], [293, 24], [35, 79], [1296, 26], [1982, 18], [202, 109], [43, 131], [974, 264], [1566, 62], [1623, 94], [195, 52], [1823, 126], [562, 264], [609, 267], [210, 48], [1299, 31], [1001, 53], [1059, 124], [1686, 57], [1281, 91], [1991, 62], [517, 252], [1111, 91], [1591, 105], [1623, 93], [388, 186], [106, 137], [1904, 50], [1145, 15], [355, 91], [1782, 115], [98, 159], [106, 140], [1691, 154], [271, 279], [600, 49], [948, 152], [1430, 106], [818, 24], [902, 90], [600, 40], [1497, 272], [435, 202], [556, 66], [1022, 44], [645, 297], [491, 47], [195, 251], [1371, 131], [1918, 40], [1543, 89], [210, 47], [1448, 284], [289, 151], [524, 40], [70, 196], [534, 287], [817, 68], [1246, 252], [681, 57], [479, 17], [1377, 38]], "mean": 4.982948303222656e-05}