{"vals": [0.1396484375, 0.10546875, 0.0693359375, 0.042724609375, 0.03369140625, 0.0267333984375, 0.0264892578125, 0.0235595703125, 0.0234375, 0.02294921875, 0.0211181640625, 0.0159912109375, 0.0159912109375, 0.01373291015625, 0.01312255859375, 0.01287841796875, 0.01275634765625, 0.01190185546875, 0.01190185546875, 0.01177978515625, 0.01171875, 0.01165771484375, 0.01153564453125, 0.01153564453125, 0.01153564453125, 0.01153564453125, 0.0113525390625, 0.01104736328125, 0.010986328125, 0.010498046875, 0.01025390625, 0.010009765625, 0.00994873046875, 0.009765625, 0.00970458984375, 0.0096435546875, 0.0093994140625, 0.00933837890625, 0.00927734375, 0.00927734375, 0.00909423828125, 0.009033203125, 0.009033203125, 0.00885009765625, 0.0087890625, 0.0087890625, 0.00872802734375, 0.00872802734375, 0.0086669921875, 0.008544921875, 0.0084228515625, 0.00836181640625, 0.00836181640625, 0.00830078125, 0.0081787109375, 0.00811767578125, 0.008056640625, 0.00799560546875, 0.00787353515625, 0.00787353515625, 0.00775146484375, 0.007720947265625, 0.007720947265625, 0.007598876953125, 0.007476806640625, 0.0074462890625, 0.0074462890625, 0.0074462890625, 0.00738525390625, 0.007293701171875, 0.007232666015625, 0.007232666015625, 0.0072021484375, 0.007171630859375, 0.007171630859375, 0.00714111328125, 0.00701904296875, 0.00701904296875, 0.00701904296875, 0.00701904296875, 0.006988525390625, 0.006988525390625, 0.006988525390625, 0.0069580078125, 0.006927490234375, 0.006866455078125, 0.006866455078125, 0.006866455078125, 0.0068359375, 0.006805419921875, 0.006805419921875, 0.00677490234375, 0.00665283203125, 0.006591796875, 0.00653076171875, 0.006500244140625, 0.00640869140625, 0.00640869140625, 0.006378173828125, 0.006378173828125], "inds": [[1284, 116], [1843, 62], [20, 34], [590, 249], [1299, 34], [948, 121], [329, 225], [512, 109], [862, 72], [1410, 48], [1100, 190], [149, 218], [590, 240], [404, 279], [5, 115], [1382, 183], [1210, 208], [1128, 40], [307, 240], [1983, 141], [1173, 256], [43, 206], [1128, 109], [1128, 133], [1752, 39], [1941, 172], [1328, 43], [590, 257], [600, 33], [867, 260], [387, 76], [862, 55], [271, 188], [464, 209], [1466, 50], [1026, 81], [435, 91], [1569, 149], [853, 72], [1800, 159], [463, 126], [1091, 143], [350, 36], [1275, 133], [1782, 115], [590, 268], [1924, 298], [1984, 151], [149, 270], [1238, 91], [204, 78], [35, 142], [289, 127], [1991, 62], [905, 129], [1623, 141], [289, 217], [907, 174], [1383, 210], [1887, 129], [616, 226], [475, 237], [418, 102], [167, 114], [1852, 157], [690, 243], [1841, 246], [149, 102], [1708, 49], [43, 131], [1887, 136], [974, 264], [289, 242], [1383, 209], [813, 70], [106, 140], [1841, 192], [512, 125], [903, 35], [1253, 117], [77, 228], [1614, 197], [1134, 168], [293, 199], [77, 227], [626, 251], [106, 137], [1630, 41], [1890, 172], [1623, 165], [645, 297], [1382, 228], [1996, 45], [1120, 120], [361, 281], [690, 178], [609, 267], [802, 85], [3, 69], [529, 197]], "mean": 9.1552734375e-05}