{"vals": [0.0303955078125, 0.029541015625, 0.029296875, 0.0191650390625, 0.0172119140625, 0.0169677734375, 0.0169677734375, 0.0164794921875, 0.01531982421875, 0.01416015625, 0.0140380859375, 0.01397705078125, 0.01348876953125, 0.01348876953125, 0.01220703125, 0.0120849609375, 0.01171875, 0.01165771484375, 0.01141357421875, 0.01104736328125, 0.01104736328125, 0.0107421875, 0.01068115234375, 0.010498046875, 0.010009765625, 0.009521484375, 0.00927734375, 0.0091552734375, 0.0086669921875, 0.0086669921875, 0.00860595703125, 0.008544921875, 0.0084228515625, 0.00830078125, 0.0081787109375, 0.0081787109375, 0.00799560546875, 0.007781982421875, 0.00775146484375, 0.007720947265625, 0.007598876953125, 0.007598876953125, 0.007568359375, 0.007568359375, 0.007537841796875, 0.007537841796875, 0.00750732421875, 0.00750732421875, 0.007476806640625, 0.0074462890625, 0.007415771484375, 0.00732421875, 0.00732421875, 0.007293701171875, 0.0072021484375, 0.00714111328125, 0.007110595703125, 0.00701904296875, 0.0069580078125, 0.006927490234375, 0.00689697265625, 0.0067138671875, 0.006561279296875, 0.006561279296875, 0.006439208984375, 0.006378173828125, 0.00634765625, 0.006317138671875, 0.006317138671875, 0.00628662109375, 0.00628662109375, 0.006195068359375, 0.00616455078125, 0.00616455078125, 0.006103515625, 0.00604248046875, 0.005950927734375, 0.005950927734375, 0.00592041015625, 0.00592041015625, 0.005889892578125, 0.005889892578125, 0.005859375, 0.00579833984375, 0.005767822265625, 0.005645751953125, 0.005645751953125, 0.005645751953125, 0.005615234375, 0.00555419921875, 0.005523681640625, 0.005523681640625, 0.005523681640625, 0.005340576171875, 0.005340576171875, 0.0052490234375, 0.005218505859375, 0.005218505859375, 0.005218505859375, 0.005218505859375], "inds": [[948, 121], [1516, 58], [716, 230], [677, 31], [740, 33], [1410, 48], [753, 21], [435, 254], [1756, 72], [106, 140], [1992, 26], [1823, 128], [556, 66], [355, 79], [972, 111], [100, 244], [1545, 73], [106, 139], [1392, 23], [609, 267], [43, 116], [1611, 72], [952, 170], [1079, 24], [272, 21], [293, 114], [26, 72], [562, 264], [435, 271], [426, 61], [1747, 34], [1397, 23], [1876, 146], [1931, 10], [5, 115], [348, 56], [453, 75], [1382, 235], [682, 25], [355, 91], [651, 100], [818, 163], [1286, 52], [27, 257], [681, 214], [1653, 15], [1335, 141], [1240, 292], [197, 188], [1811, 262], [1951, 94], [1032, 185], [426, 60], [512, 126], [1517, 281], [1088, 15], [1792, 93], [974, 264], [72, 124], [167, 33], [645, 297], [295, 238], [297, 48], [1019, 27], [1128, 40], [1343, 35], [140, 25], [1145, 15], [766, 146], [801, 291], [90, 28], [35, 79], [1335, 54], [762, 33], [139, 287], [1243, 261], [1300, 88], [1866, 59], [818, 23], [958, 148], [762, 31], [271, 247], [319, 207], [1582, 38], [683, 26], [289, 217], [963, 265], [15, 17], [533, 24], [1811, 56], [957, 16], [959, 16], [960, 16], [1679, 60], [1720, 267], [1390, 184], [325, 37], [609, 172], [162, 61], [1393, 89]], "mean": 6.771087646484375e-05}