{"vals": [0.0927734375, 0.044189453125, 0.022705078125, 0.020263671875, 0.0181884765625, 0.017822265625, 0.01513671875, 0.01312255859375, 0.0126953125, 0.01239013671875, 0.011962890625, 0.01153564453125, 0.01153564453125, 0.01123046875, 0.010986328125, 0.0106201171875, 0.0106201171875, 0.010498046875, 0.0101318359375, 0.01007080078125, 0.0096435546875, 0.009521484375, 0.00921630859375, 0.00909423828125, 0.00897216796875, 0.00885009765625, 0.0087890625, 0.0086669921875, 0.00860595703125, 0.008544921875, 0.00848388671875, 0.0084228515625, 0.0084228515625, 0.00830078125, 0.00830078125, 0.00830078125, 0.0081787109375, 0.00799560546875, 0.0079345703125, 0.00787353515625, 0.00787353515625, 0.007720947265625, 0.007720947265625, 0.007476806640625, 0.007415771484375, 0.00738525390625, 0.007110595703125, 0.006927490234375, 0.0068359375, 0.006805419921875, 0.006805419921875, 0.00677490234375, 0.006744384765625, 0.006683349609375, 0.006561279296875, 0.006378173828125, 0.006378173828125, 0.00634765625, 0.00628662109375, 0.006195068359375, 0.00616455078125, 0.00616455078125, 0.006134033203125, 0.006134033203125, 0.006072998046875, 0.006072998046875, 0.006072998046875, 0.00604248046875, 0.0059814453125, 0.005859375, 0.005859375, 0.005828857421875, 0.0057373046875, 0.005615234375, 0.005584716796875, 0.00555419921875, 0.005523681640625, 0.005462646484375, 0.005462646484375, 0.005401611328125, 0.005401611328125, 0.00537109375, 0.00531005859375, 0.00531005859375, 0.005279541015625, 0.0052490234375, 0.005218505859375, 0.005218505859375, 0.00518798828125, 0.005157470703125, 0.005096435546875, 0.005096435546875, 0.00506591796875, 0.005035400390625, 0.0050048828125, 0.0050048828125, 0.004974365234375, 0.004974365234375, 0.004974365234375, 0.00494384765625], "inds": [[1371, 131], [1173, 258], [1416, 28], [948, 121], [1233, 61], [1079, 24], [512, 109], [1154, 22], [2, 70], [350, 253], [5, 41], [1246, 252], [350, 254], [490, 206], [350, 252], [134, 177], [625, 45], [906, 44], [974, 264], [753, 21], [406, 257], [609, 172], [435, 202], [1284, 116], [1952, 265], [402, 130], [76, 133], [10, 162], [1630, 41], [556, 66], [1927, 268], [852, 231], [851, 194], [37, 108], [293, 24], [10, 163], [27, 257], [46, 226], [1076, 176], [392, 263], [392, 264], [1224, 23], [1298, 217], [188, 25], [1090, 49], [1507, 234], [52, 75], [544, 70], [131, 52], [1586, 26], [1460, 60], [900, 190], [677, 31], [1222, 19], [499, 159], [1273, 96], [6, 275], [1296, 26], [1963, 39], [1497, 272], [1349, 19], [1614, 241], [980, 279], [730, 276], [1004, 124], [818, 163], [1899, 113], [370, 32], [1120, 120], [1652, 73], [1361, 73], [54, 116], [1589, 279], [22, 184], [1880, 40], [647, 88], [216, 285], [1198, 115], [1460, 54], [1753, 44], [1103, 246], [1076, 13], [577, 18], [1496, 282], [1505, 74], [35, 79], [1811, 56], [868, 60], [1200, 20], [1843, 62], [767, 65], [315, 17], [1113, 165], [20, 34], [1754, 86], [182, 210], [288, 95], [1632, 22], [230, 243], [525, 27]], "mean": 8.106231689453125e-05}