{"vals": [0.05029296875, 0.0289306640625, 0.025634765625, 0.0247802734375, 0.02099609375, 0.0208740234375, 0.0206298828125, 0.0205078125, 0.0201416015625, 0.017578125, 0.017578125, 0.0167236328125, 0.0162353515625, 0.01611328125, 0.0145263671875, 0.01397705078125, 0.013671875, 0.0135498046875, 0.01263427734375, 0.01220703125, 0.011962890625, 0.01165771484375, 0.0115966796875, 0.01129150390625, 0.01123046875, 0.01116943359375, 0.01055908203125, 0.01055908203125, 0.010498046875, 0.01025390625, 0.01019287109375, 0.00927734375, 0.009033203125, 0.00897216796875, 0.00897216796875, 0.00885009765625, 0.00885009765625, 0.0087890625, 0.0087890625, 0.00848388671875, 0.0084228515625, 0.00836181640625, 0.00830078125, 0.0081787109375, 0.008056640625, 0.0079345703125, 0.0079345703125, 0.00775146484375, 0.007720947265625, 0.007720947265625, 0.007720947265625, 0.00762939453125, 0.00762939453125, 0.007598876953125, 0.007415771484375, 0.007354736328125, 0.0072021484375, 0.0072021484375, 0.007080078125, 0.007080078125, 0.007049560546875, 0.0069580078125, 0.00689697265625, 0.006805419921875, 0.00677490234375, 0.006622314453125, 0.006622314453125, 0.006591796875, 0.006591796875, 0.006561279296875, 0.006561279296875, 0.006561279296875, 0.00653076171875, 0.00653076171875, 0.006439208984375, 0.006439208984375, 0.00640869140625, 0.00634765625, 0.00628662109375, 0.0062255859375, 0.006195068359375, 0.006195068359375, 0.00616455078125, 0.00616455078125, 0.006103515625, 0.006072998046875, 0.00604248046875, 0.006011962890625, 0.0059814453125, 0.0059814453125, 0.0059814453125, 0.005950927734375, 0.005889892578125, 0.005859375, 0.005859375, 0.00579833984375, 0.005767822265625, 0.005767822265625, 0.005706787109375, 0.005706787109375], "inds": [[479, 17], [1284, 116], [1383, 210], [1679, 60], [1383, 209], [651, 268], [677, 31], [319, 50], [625, 45], [589, 126], [459, 279], [948, 121], [1303, 123], [1100, 190], [1582, 32], [1296, 26], [1092, 26], [325, 37], [1456, 170], [1113, 72], [1749, 62], [1691, 130], [1564, 83], [1492, 101], [1128, 40], [274, 50], [1904, 50], [149, 270], [1630, 78], [1982, 18], [237, 103], [1204, 92], [106, 117], [1904, 79], [1890, 187], [1047, 269], [590, 249], [1811, 56], [280, 51], [1608, 134], [1140, 167], [1705, 231], [59, 248], [1381, 119], [106, 140], [590, 192], [1823, 40], [462, 70], [1917, 220], [1600, 42], [769, 205], [606, 166], [107, 243], [972, 115], [1022, 44], [653, 100], [1152, 267], [1545, 73], [1548, 70], [1266, 299], [716, 230], [1880, 40], [149, 131], [1811, 275], [43, 131], [1319, 285], [56, 147], [1371, 131], [1303, 157], [149, 147], [1345, 284], [1023, 125], [1074, 275], [272, 21], [1117, 85], [426, 60], [1497, 272], [1320, 74], [1416, 28], [35, 89], [1139, 37], [1847, 97], [903, 35], [1811, 262], [333, 126], [40, 176], [890, 111], [1862, 207], [913, 145], [1927, 268], [852, 231], [1897, 135], [1319, 284], [1349, 19], [813, 70], [1555, 212], [871, 57], [149, 183], [1246, 252], [1253, 120]], "mean": 9.632110595703125e-05}