{"vals": [0.0859375, 0.031982421875, 0.0311279296875, 0.0302734375, 0.0296630859375, 0.0294189453125, 0.027587890625, 0.026123046875, 0.0257568359375, 0.025634765625, 0.025390625, 0.0228271484375, 0.021484375, 0.0211181640625, 0.020751953125, 0.0205078125, 0.0198974609375, 0.0196533203125, 0.0191650390625, 0.01904296875, 0.0179443359375, 0.0177001953125, 0.0174560546875, 0.0172119140625, 0.01708984375, 0.01708984375, 0.01708984375, 0.0169677734375, 0.0169677734375, 0.016845703125, 0.0167236328125, 0.0167236328125, 0.0166015625, 0.0166015625, 0.0164794921875, 0.016357421875, 0.0162353515625, 0.0159912109375, 0.015625, 0.01544189453125, 0.01531982421875, 0.01531982421875, 0.01513671875, 0.01495361328125, 0.01495361328125, 0.01470947265625, 0.01470947265625, 0.0145263671875, 0.0145263671875, 0.0145263671875, 0.01446533203125, 0.01434326171875, 0.01422119140625, 0.01397705078125, 0.013916015625, 0.01385498046875, 0.01385498046875, 0.01373291015625, 0.013671875, 0.01348876953125, 0.013427734375, 0.013427734375, 0.0133056640625, 0.01324462890625, 0.01324462890625, 0.01318359375, 0.01318359375, 0.0130615234375, 0.0130615234375, 0.01300048828125, 0.0128173828125, 0.01239013671875, 0.01239013671875, 0.01239013671875, 0.01239013671875, 0.0123291015625, 0.01226806640625, 0.01214599609375, 0.01214599609375, 0.01214599609375, 0.01202392578125, 0.01202392578125, 0.01202392578125, 0.011962890625, 0.01190185546875, 0.01190185546875, 0.01177978515625, 0.01165771484375, 0.0115966796875, 0.01153564453125, 0.01153564453125, 0.01141357421875, 0.01141357421875, 0.0113525390625, 0.0113525390625, 0.01129150390625, 0.01116943359375, 0.0111083984375, 0.01104736328125, 0.010986328125], "inds": [[406, 196], [1962, 242], [149, 270], [579, 88], [106, 121], [1204, 92], [1164, 16], [149, 183], [1452, 13], [645, 297], [469, 236], [329, 225], [972, 106], [579, 157], [645, 194], [1691, 130], [1559, 19], [936, 47], [33, 12], [125, 21], [1513, 19], [349, 223], [354, 26], [1754, 30], [1050, 20], [1347, 26], [738, 22], [1626, 18], [1367, 10], [57, 83], [113, 30], [1524, 18], [1040, 20], [556, 66], [1218, 20], [241, 55], [1924, 21], [475, 236], [1863, 17], [149, 147], [1192, 14], [1787, 17], [1082, 17], [149, 179], [716, 163], [1843, 62], [892, 79], [1357, 18], [17, 35], [246, 15], [1486, 15], [1890, 264], [879, 14], [1034, 29], [651, 232], [435, 187], [293, 87], [1629, 271], [1564, 83], [1525, 18], [149, 131], [346, 26], [1095, 20], [651, 268], [1145, 15], [1131, 229], [1299, 31], [1576, 18], [1995, 12], [217, 11], [1170, 29], [824, 105], [1560, 20], [166, 13], [528, 169], [820, 27], [242, 14], [934, 14], [1170, 31], [1051, 11], [721, 23], [220, 12], [1044, 12], [250, 18], [1854, 14], [1690, 17], [479, 17], [324, 12], [406, 136], [279, 16], [201, 12], [1046, 12], [1327, 229], [1989, 35], [406, 254], [828, 22], [1950, 16], [390, 14], [910, 280], [931, 13]], "mean": 6.723403930664062e-05}