{"vals": [0.28125, 0.1552734375, 0.08984375, 0.08251953125, 0.055419921875, 0.052978515625, 0.050537109375, 0.050048828125, 0.048828125, 0.045166015625, 0.044677734375, 0.044189453125, 0.04345703125, 0.0400390625, 0.0380859375, 0.03466796875, 0.033935546875, 0.03369140625, 0.033447265625, 0.031494140625, 0.0302734375, 0.0301513671875, 0.029541015625, 0.0294189453125, 0.0294189453125, 0.0289306640625, 0.0284423828125, 0.0283203125, 0.027587890625, 0.0263671875, 0.0262451171875, 0.0255126953125, 0.0250244140625, 0.024658203125, 0.0234375, 0.0228271484375, 0.022705078125, 0.022216796875, 0.02197265625, 0.0218505859375, 0.021484375, 0.02099609375, 0.0206298828125, 0.0201416015625, 0.02001953125, 0.0198974609375, 0.0196533203125, 0.0196533203125, 0.01953125, 0.0194091796875, 0.0194091796875, 0.0191650390625, 0.017822265625, 0.0172119140625, 0.0169677734375, 0.016845703125, 0.0167236328125, 0.0164794921875, 0.0162353515625, 0.0162353515625, 0.015869140625, 0.0157470703125, 0.01519775390625, 0.01519775390625, 0.01507568359375, 0.014892578125, 0.014892578125, 0.01470947265625, 0.0146484375, 0.0146484375, 0.01434326171875, 0.01416015625, 0.01416015625, 0.01416015625, 0.01385498046875, 0.01385498046875, 0.0137939453125, 0.01361083984375, 0.01348876953125, 0.0133056640625, 0.01324462890625, 0.0130615234375, 0.0130615234375, 0.01300048828125, 0.0126953125, 0.01263427734375, 0.0125732421875, 0.012451171875, 0.0123291015625, 0.01220703125, 0.0120849609375, 0.01190185546875, 0.01177978515625, 0.01165771484375, 0.01153564453125, 0.01153564453125, 0.01141357421875, 0.0113525390625, 0.0113525390625, 0.0113525390625], "inds": [[1284, 116], [106, 121], [625, 45], [329, 225], [149, 80], [1079, 24], [1284, 72], [149, 131], [149, 183], [1092, 26], [645, 194], [149, 102], [1904, 50], [329, 123], [543, 51], [892, 79], [1022, 44], [293, 24], [1948, 42], [1273, 42], [562, 264], [504, 92], [106, 112], [1238, 31], [454, 31], [517, 252], [149, 270], [149, 147], [1204, 92], [579, 157], [793, 151], [330, 142], [325, 19], [1564, 83], [406, 78], [1748, 181], [590, 249], [459, 259], [1748, 110], [1284, 171], [1933, 25], [579, 88], [1331, 114], [895, 18], [716, 53], [716, 107], [1748, 138], [1614, 241], [1564, 19], [1443, 56], [824, 105], [948, 121], [1960, 14], [818, 163], [721, 10], [948, 69], [1275, 71], [198, 29], [1299, 31], [289, 127], [1614, 153], [1210, 116], [1180, 30], [459, 258], [1128, 40], [609, 267], [1948, 43], [1296, 26], [469, 236], [309, 27], [716, 135], [971, 27], [1134, 161], [1489, 95], [379, 16], [325, 37], [1614, 181], [1204, 24], [1702, 18], [645, 297], [1614, 197], [1303, 123], [1920, 51], [1484, 233], [1566, 37], [818, 23], [768, 60], [149, 179], [1618, 12], [1792, 93], [1614, 222], [1287, 45], [963, 155], [1629, 271], [921, 223], [1450, 9], [1128, 109], [239, 55], [90, 28], [507, 119]], "mean": 0.00010776519775390625}