{"vals": [0.059814453125, 0.044677734375, 0.043701171875, 0.04150390625, 0.036865234375, 0.0289306640625, 0.0279541015625, 0.0277099609375, 0.0233154296875, 0.02294921875, 0.0225830078125, 0.0213623046875, 0.02099609375, 0.0208740234375, 0.0189208984375, 0.018798828125, 0.016357421875, 0.015869140625, 0.01531982421875, 0.01513671875, 0.0150146484375, 0.0146484375, 0.0146484375, 0.01434326171875, 0.0142822265625, 0.01422119140625, 0.013916015625, 0.01373291015625, 0.0135498046875, 0.01300048828125, 0.012939453125, 0.0126953125, 0.01220703125, 0.01214599609375, 0.01214599609375, 0.01202392578125, 0.01177978515625, 0.01153564453125, 0.0111083984375, 0.01104736328125, 0.01068115234375, 0.0106201171875, 0.010498046875, 0.01043701171875, 0.01043701171875, 0.010009765625, 0.00982666015625, 0.009765625, 0.0096435546875, 0.00946044921875, 0.0093994140625, 0.00933837890625, 0.00921630859375, 0.00921630859375, 0.0091552734375, 0.0091552734375, 0.009033203125, 0.0089111328125, 0.0089111328125, 0.00885009765625, 0.00872802734375, 0.0086669921875, 0.00848388671875, 0.00836181640625, 0.00836181640625, 0.00830078125, 0.00830078125, 0.00811767578125, 0.00799560546875, 0.0079345703125, 0.0078125, 0.0078125, 0.00762939453125, 0.007598876953125, 0.007568359375, 0.007415771484375, 0.007415771484375, 0.007415771484375, 0.007354736328125, 0.00726318359375, 0.00714111328125, 0.00714111328125, 0.00714111328125, 0.007110595703125, 0.007049560546875, 0.00701904296875, 0.006988525390625, 0.006866455078125, 0.00677490234375, 0.00677490234375, 0.006744384765625, 0.006622314453125, 0.006622314453125, 0.006622314453125, 0.006561279296875, 0.006561279296875, 0.00653076171875, 0.00640869140625, 0.006378173828125, 0.00634765625], "inds": [[1296, 26], [1079, 24], [479, 17], [325, 37], [1382, 183], [1982, 18], [1284, 116], [293, 24], [289, 127], [106, 121], [406, 196], [579, 88], [149, 102], [149, 270], [329, 123], [1092, 26], [20, 34], [818, 180], [556, 66], [625, 45], [149, 183], [1204, 92], [818, 182], [609, 267], [716, 163], [1493, 30], [913, 29], [149, 80], [1306, 13], [818, 163], [768, 60], [1792, 84], [1297, 30], [645, 297], [350, 35], [1679, 60], [1497, 272], [1904, 50], [149, 131], [681, 57], [1416, 28], [1611, 72], [406, 78], [1521, 28], [1310, 13], [1299, 31], [1649, 12], [1667, 40], [271, 188], [1629, 271], [1712, 17], [1154, 22], [1706, 37], [1564, 83], [1397, 23], [1771, 21], [1202, 239], [475, 236], [1552, 32], [1691, 130], [1859, 66], [1960, 14], [1902, 194], [827, 33], [280, 52], [1741, 191], [1284, 72], [255, 21], [1202, 293], [293, 45], [948, 121], [469, 236], [972, 106], [759, 16], [1000, 10], [818, 178], [1777, 11], [1473, 38], [1273, 42], [462, 20], [1828, 18], [1145, 15], [1778, 33], [35, 83], [1822, 191], [427, 191], [355, 113], [609, 172], [149, 218], [1476, 22], [730, 276], [1410, 48], [333, 126], [875, 20], [1691, 153], [1141, 47], [1962, 242], [318, 18], [1709, 22], [1948, 42]], "mean": 5.650520324707031e-05}