{"vals": [0.04150390625, 0.03173828125, 0.02490234375, 0.0247802734375, 0.021728515625, 0.0198974609375, 0.01953125, 0.0184326171875, 0.01708984375, 0.01458740234375, 0.01348876953125, 0.013427734375, 0.0133056640625, 0.0130615234375, 0.0125732421875, 0.012451171875, 0.0123291015625, 0.011962890625, 0.01177978515625, 0.01165771484375, 0.01141357421875, 0.01141357421875, 0.010986328125, 0.01068115234375, 0.01019287109375, 0.0101318359375, 0.010009765625, 0.00982666015625, 0.00982666015625, 0.00982666015625, 0.00970458984375, 0.00970458984375, 0.00946044921875, 0.00946044921875, 0.00933837890625, 0.009033203125, 0.0089111328125, 0.0084228515625, 0.0081787109375, 0.0081787109375, 0.00799560546875, 0.0078125, 0.00775146484375, 0.007568359375, 0.00738525390625, 0.007354736328125, 0.00732421875, 0.007171630859375, 0.00701904296875, 0.006988525390625, 0.0069580078125, 0.006927490234375, 0.00689697265625, 0.006866455078125, 0.006744384765625, 0.006683349609375, 0.006683349609375, 0.006683349609375, 0.00665283203125, 0.006622314453125, 0.00653076171875, 0.00653076171875, 0.006500244140625, 0.0064697265625, 0.006439208984375, 0.0062255859375, 0.00616455078125, 0.006134033203125, 0.006011962890625, 0.0059814453125, 0.00592041015625, 0.005889892578125, 0.005889892578125, 0.005859375, 0.00579833984375, 0.005767822265625, 0.0057373046875, 0.00567626953125, 0.005615234375, 0.0054931640625, 0.0054931640625, 0.005462646484375, 0.005401611328125, 0.005218505859375, 0.005218505859375, 0.005218505859375, 0.00518798828125, 0.00518798828125, 0.005157470703125, 0.005157470703125, 0.005126953125, 0.005126953125, 0.005126953125, 0.00506591796875, 0.005035400390625, 0.0050048828125, 0.004974365234375, 0.00494384765625, 0.004913330078125, 0.004852294921875], "inds": [[562, 264], [625, 45], [1296, 26], [1299, 31], [325, 37], [852, 231], [1430, 106], [1275, 71], [1202, 254], [1756, 72], [1771, 21], [426, 131], [1079, 24], [1517, 281], [106, 121], [1092, 26], [947, 27], [299, 282], [1322, 191], [459, 259], [1566, 37], [307, 242], [1982, 18], [1933, 25], [1960, 14], [329, 123], [1284, 116], [1409, 14], [1092, 151], [817, 10], [20, 58], [948, 121], [194, 120], [768, 60], [1948, 42], [1566, 25], [271, 188], [589, 189], [1180, 30], [1859, 66], [289, 286], [1811, 258], [1161, 15], [1552, 32], [318, 18], [329, 225], [280, 52], [1145, 15], [579, 88], [1825, 296], [1459, 223], [52, 75], [35, 72], [406, 196], [651, 268], [1749, 62], [716, 53], [1410, 48], [556, 66], [1618, 12], [149, 102], [199, 166], [14, 91], [1085, 29], [1273, 96], [1918, 35], [293, 24], [852, 129], [1189, 98], [255, 21], [1071, 101], [1329, 76], [424, 207], [1521, 28], [1103, 180], [1545, 73], [974, 264], [905, 133], [435, 187], [277, 40], [1359, 16], [1418, 60], [1727, 238], [818, 23], [454, 121], [1265, 158], [289, 287], [1267, 156], [333, 126], [948, 44], [268, 72], [307, 240], [379, 16], [289, 162], [820, 27], [426, 130], [712, 124], [1275, 115], [43, 124], [134, 45]], "mean": 7.200241088867188e-05}