{"vals": [0.1513671875, 0.0556640625, 0.041748046875, 0.0281982421875, 0.0281982421875, 0.0263671875, 0.024658203125, 0.0213623046875, 0.0174560546875, 0.016845703125, 0.0164794921875, 0.01519775390625, 0.01519775390625, 0.01470947265625, 0.013916015625, 0.013671875, 0.013427734375, 0.01300048828125, 0.01263427734375, 0.0120849609375, 0.011962890625, 0.01190185546875, 0.01190185546875, 0.01165771484375, 0.01153564453125, 0.011474609375, 0.01080322265625, 0.01080322265625, 0.0106201171875, 0.0106201171875, 0.01019287109375, 0.0098876953125, 0.0098876953125, 0.00958251953125, 0.00946044921875, 0.00933837890625, 0.0091552734375, 0.009033203125, 0.00885009765625, 0.0087890625, 0.00872802734375, 0.00860595703125, 0.008544921875, 0.00830078125, 0.00811767578125, 0.008056640625, 0.00799560546875, 0.0078125, 0.007781982421875, 0.0076904296875, 0.007568359375, 0.00750732421875, 0.0074462890625, 0.00738525390625, 0.00732421875, 0.007293701171875, 0.007293701171875, 0.007232666015625, 0.007232666015625, 0.007171630859375, 0.007049560546875, 0.006988525390625, 0.00689697265625, 0.006866455078125, 0.006866455078125, 0.00677490234375, 0.006744384765625, 0.006744384765625, 0.006561279296875, 0.00653076171875, 0.006500244140625, 0.006500244140625, 0.0064697265625, 0.00640869140625, 0.006317138671875, 0.0062255859375, 0.0062255859375, 0.006103515625, 0.006072998046875, 0.006072998046875, 0.00604248046875, 0.006011962890625, 0.005950927734375, 0.005859375, 0.005859375, 0.005859375, 0.005859375, 0.005828857421875, 0.00579833984375, 0.00579833984375, 0.005767822265625, 0.0057373046875, 0.0057373046875, 0.0057373046875, 0.00567626953125, 0.00567626953125, 0.005615234375, 0.005523681640625, 0.005523681640625, 0.005523681640625], "inds": [[1843, 62], [1100, 190], [818, 163], [818, 180], [818, 182], [702, 55], [609, 267], [501, 85], [1145, 17], [20, 34], [1284, 116], [1497, 272], [1517, 281], [1371, 131], [818, 258], [948, 46], [581, 11], [1092, 26], [1298, 216], [1982, 18], [903, 84], [1531, 291], [974, 264], [149, 270], [818, 178], [768, 178], [1611, 72], [106, 140], [590, 257], [319, 50], [479, 48], [1492, 101], [1300, 88], [590, 249], [985, 18], [1466, 79], [590, 268], [1125, 223], [1718, 30], [1517, 14], [1296, 26], [479, 49], [818, 276], [976, 14], [818, 262], [1349, 19], [556, 66], [479, 50], [818, 181], [167, 114], [1993, 178], [1145, 15], [330, 142], [319, 113], [1933, 25], [293, 87], [289, 162], [1811, 74], [818, 169], [702, 54], [1270, 152], [1752, 39], [1566, 37], [1792, 175], [46, 226], [438, 123], [1443, 56], [1092, 128], [1288, 17], [426, 60], [702, 78], [455, 76], [792, 160], [702, 47], [609, 211], [1502, 222], [167, 108], [70, 192], [149, 289], [702, 61], [1532, 138], [753, 21], [480, 20], [167, 112], [106, 137], [948, 224], [1897, 135], [389, 241], [948, 270], [1708, 72], [869, 111], [106, 121], [1319, 284], [1748, 255], [824, 105], [1284, 72], [271, 235], [1689, 212], [702, 56], [702, 45]], "mean": 7.915496826171875e-05}