{"vals": [0.03125, 0.0281982421875, 0.0233154296875, 0.014404296875, 0.01318359375, 0.01312255859375, 0.01300048828125, 0.012451171875, 0.0123291015625, 0.01025390625, 0.01025390625, 0.01007080078125, 0.01007080078125, 0.009765625, 0.00921630859375, 0.009033203125, 0.00836181640625, 0.00811767578125, 0.008056640625, 0.0076904296875, 0.00750732421875, 0.007354736328125, 0.007293701171875, 0.0068359375, 0.00665283203125, 0.006500244140625, 0.006072998046875, 0.00604248046875, 0.00579833984375, 0.005645751953125, 0.00555419921875, 0.0054931640625, 0.00543212890625, 0.00537109375, 0.005218505859375, 0.005096435546875, 0.00506591796875, 0.004974365234375, 0.004974365234375, 0.00494384765625, 0.004730224609375, 0.00469970703125, 0.00457763671875, 0.0045166015625, 0.0045166015625, 0.00433349609375, 0.00433349609375, 0.0042724609375, 0.004241943359375, 0.004180908203125, 0.004180908203125, 0.004150390625, 0.004150390625, 0.004119873046875, 0.004119873046875, 0.004119873046875, 0.004119873046875, 0.004058837890625, 0.004058837890625, 0.0040283203125, 0.0040283203125, 0.003997802734375, 0.003936767578125, 0.003936767578125, 0.0038604736328125, 0.0038299560546875, 0.0038299560546875, 0.0037841796875, 0.003753662109375, 0.0036773681640625, 0.003631591796875, 0.003631591796875, 0.00360107421875, 0.0035247802734375, 0.0035247802734375, 0.003509521484375, 0.003509521484375, 0.003448486328125, 0.0034027099609375, 0.003387451171875, 0.0033416748046875, 0.0033416748046875, 0.003326416015625, 0.0032958984375, 0.0032958984375, 0.003265380859375, 0.0031890869140625, 0.003143310546875, 0.00311279296875, 0.00311279296875, 0.003082275390625, 0.0030670166015625, 0.0030517578125, 0.0030517578125, 0.0030364990234375, 0.003021240234375, 0.003021240234375, 0.0030059814453125, 0.0030059814453125, 0.0029754638671875], "inds": [[702, 55], [1843, 62], [1517, 281], [1705, 118], [176, 67], [480, 20], [176, 66], [702, 78], [702, 54], [507, 119], [329, 225], [235, 181], [351, 86], [274, 50], [1569, 149], [1792, 175], [702, 61], [1368, 150], [788, 84], [1623, 94], [942, 236], [1880, 40], [35, 79], [1960, 14], [1792, 176], [905, 129], [106, 140], [1410, 48], [1375, 85], [1632, 179], [1604, 265], [680, 104], [480, 277], [702, 56], [1623, 93], [740, 33], [1227, 104], [1437, 72], [813, 70], [905, 159], [1298, 217], [1450, 68], [1234, 152], [602, 259], [645, 289], [1991, 62], [204, 78], [702, 79], [1891, 68], [1705, 128], [571, 98], [1987, 180], [1811, 287], [35, 105], [1569, 166], [106, 121], [609, 211], [235, 182], [1930, 162], [917, 240], [1385, 280], [1187, 152], [1546, 288], [634, 240], [329, 123], [1308, 273], [1298, 216], [1007, 170], [918, 73], [1227, 51], [1284, 116], [1001, 53], [134, 177], [1591, 60], [1811, 286], [1187, 151], [235, 183], [1519, 76], [1074, 275], [528, 169], [862, 72], [1467, 208], [667, 105], [1467, 209], [507, 120], [705, 38], [1375, 86], [216, 192], [1744, 180], [234, 174], [402, 164], [74, 66], [702, 48], [151, 198], [282, 75], [1582, 233], [1115, 114], [1197, 26], [1744, 200], [683, 104]], "mean": 5.14984130859375e-05}