{"vals": [0.06396484375, 0.05712890625, 0.04833984375, 0.043212890625, 0.039306640625, 0.039306640625, 0.038818359375, 0.03857421875, 0.037109375, 0.036376953125, 0.035400390625, 0.033447265625, 0.031982421875, 0.031982421875, 0.0296630859375, 0.028564453125, 0.0281982421875, 0.028076171875, 0.0279541015625, 0.0277099609375, 0.0277099609375, 0.0267333984375, 0.0264892578125, 0.0257568359375, 0.0252685546875, 0.0252685546875, 0.0242919921875, 0.023681640625, 0.023193359375, 0.0230712890625, 0.0220947265625, 0.021484375, 0.0211181640625, 0.0208740234375, 0.02001953125, 0.0198974609375, 0.0198974609375, 0.019775390625, 0.019775390625, 0.01953125, 0.019287109375, 0.019287109375, 0.0191650390625, 0.0191650390625, 0.0191650390625, 0.01904296875, 0.0189208984375, 0.0185546875, 0.0185546875, 0.0179443359375, 0.0174560546875, 0.017333984375, 0.017333984375, 0.01708984375, 0.0166015625, 0.016357421875, 0.0162353515625, 0.01611328125, 0.0159912109375, 0.0157470703125, 0.0155029296875, 0.01495361328125, 0.0147705078125, 0.0147705078125, 0.014404296875, 0.0142822265625, 0.0140380859375, 0.0140380859375, 0.01385498046875, 0.0137939453125, 0.0137939453125, 0.01361083984375, 0.0135498046875, 0.0135498046875, 0.01348876953125, 0.013427734375, 0.013427734375, 0.013427734375, 0.013427734375, 0.01336669921875, 0.01336669921875, 0.0133056640625, 0.0133056640625, 0.01318359375, 0.01318359375, 0.01312255859375, 0.0130615234375, 0.01300048828125, 0.012451171875, 0.01239013671875, 0.01239013671875, 0.0123291015625, 0.01226806640625, 0.01202392578125, 0.01202392578125, 0.011962890625, 0.011962890625, 0.011962890625, 0.01171875, 0.01165771484375], "inds": [[149, 183], [330, 142], [106, 121], [543, 51], [645, 194], [1614, 181], [1321, 238], [149, 80], [149, 147], [1566, 25], [625, 45], [609, 267], [1843, 62], [149, 270], [1284, 116], [793, 151], [293, 24], [329, 225], [1748, 181], [149, 102], [469, 200], [562, 264], [1748, 232], [677, 31], [645, 289], [149, 131], [294, 275], [1410, 48], [1782, 43], [1657, 188], [1022, 44], [716, 53], [1629, 271], [1620, 253], [1542, 31], [1962, 242], [1614, 241], [20, 67], [149, 218], [1614, 197], [134, 177], [459, 279], [910, 280], [824, 105], [289, 217], [1745, 124], [855, 197], [293, 86], [406, 196], [651, 232], [293, 45], [579, 88], [885, 49], [1614, 153], [1433, 97], [1564, 83], [1298, 216], [967, 199], [1822, 189], [590, 257], [463, 72], [868, 60], [948, 121], [1545, 20], [1614, 294], [1782, 40], [1811, 275], [504, 92], [1745, 125], [963, 101], [1614, 291], [645, 297], [716, 74], [1748, 110], [869, 111], [198, 29], [1371, 131], [1564, 147], [716, 178], [1298, 217], [1432, 60], [1284, 72], [793, 125], [159, 19], [963, 159], [716, 107], [892, 79], [349, 223], [1099, 26], [355, 130], [195, 251], [1888, 233], [716, 86], [1748, 89], [1757, 207], [293, 57], [289, 127], [1748, 120], [74, 66], [1724, 40]], "mean": 0.00019359588623046875}