{"vals": [0.162109375, 0.1328125, 0.083984375, 0.07470703125, 0.06494140625, 0.051513671875, 0.04150390625, 0.041259765625, 0.03515625, 0.033203125, 0.031494140625, 0.0299072265625, 0.02783203125, 0.0223388671875, 0.0218505859375, 0.0218505859375, 0.0216064453125, 0.0213623046875, 0.0211181640625, 0.02099609375, 0.0208740234375, 0.0206298828125, 0.0206298828125, 0.0205078125, 0.0201416015625, 0.02001953125, 0.0198974609375, 0.0198974609375, 0.019775390625, 0.01953125, 0.0194091796875, 0.019287109375, 0.0189208984375, 0.0186767578125, 0.0184326171875, 0.0184326171875, 0.018310546875, 0.018310546875, 0.01806640625, 0.01806640625, 0.0177001953125, 0.0169677734375, 0.0169677734375, 0.016845703125, 0.0162353515625, 0.01611328125, 0.01611328125, 0.0157470703125, 0.015625, 0.015625, 0.0155029296875, 0.01544189453125, 0.01507568359375, 0.0147705078125, 0.01470947265625, 0.0146484375, 0.0145263671875, 0.0145263671875, 0.0145263671875, 0.0145263671875, 0.01446533203125, 0.014404296875, 0.014404296875, 0.01422119140625, 0.01422119140625, 0.01422119140625, 0.01422119140625, 0.01416015625, 0.01397705078125, 0.01397705078125, 0.013671875, 0.0135498046875, 0.0133056640625, 0.0133056640625, 0.0133056640625, 0.01324462890625, 0.0130615234375, 0.0130615234375, 0.012939453125, 0.01287841796875, 0.0128173828125, 0.01275634765625, 0.0126953125, 0.01263427734375, 0.012451171875, 0.01214599609375, 0.011962890625, 0.01190185546875, 0.0118408203125, 0.0118408203125, 0.01177978515625, 0.01177978515625, 0.01171875, 0.01165771484375, 0.01153564453125, 0.011474609375, 0.0113525390625, 0.01123046875, 0.01123046875, 0.01116943359375], "inds": [[1273, 42], [651, 268], [355, 91], [1941, 172], [1843, 62], [1238, 91], [1517, 281], [289, 217], [1600, 42], [1815, 34], [1092, 214], [1942, 193], [714, 263], [1392, 294], [1179, 164], [1173, 258], [1684, 47], [1566, 62], [35, 83], [556, 66], [435, 187], [562, 264], [1128, 212], [1240, 175], [162, 76], [918, 175], [180, 139], [1749, 62], [134, 48], [604, 41], [106, 140], [1462, 37], [1045, 48], [350, 135], [106, 139], [298, 219], [27, 240], [844, 47], [273, 33], [271, 272], [1869, 287], [1021, 38], [30, 229], [507, 119], [1099, 72], [1022, 65], [194, 120], [771, 45], [1128, 109], [1469, 236], [1705, 268], [1459, 223], [905, 160], [5, 94], [1811, 286], [1, 31], [1204, 92], [81, 34], [1774, 130], [1092, 26], [289, 287], [1284, 116], [134, 177], [948, 270], [1198, 263], [1125, 139], [1323, 292], [330, 165], [905, 216], [1055, 287], [1585, 211], [977, 146], [1319, 284], [531, 25], [590, 224], [891, 201], [1103, 230], [589, 189], [1890, 293], [1273, 96], [769, 101], [4, 37], [1725, 36], [1021, 39], [904, 175], [280, 112], [1092, 170], [870, 268], [1072, 293], [1096, 48], [370, 32], [1080, 229], [1045, 56], [1811, 287], [35, 79], [316, 239], [408, 254], [1128, 226], [191, 248], [1904, 79]], "mean": 0.00013828277587890625}