{"vals": [0.04248046875, 0.040283203125, 0.0390625, 0.03759765625, 0.037109375, 0.027099609375, 0.0245361328125, 0.0186767578125, 0.0177001953125, 0.0167236328125, 0.016357421875, 0.01611328125, 0.015625, 0.01495361328125, 0.01495361328125, 0.0145263671875, 0.0133056640625, 0.01263427734375, 0.0120849609375, 0.01202392578125, 0.011962890625, 0.011962890625, 0.01116943359375, 0.0107421875, 0.0106201171875, 0.010498046875, 0.01031494140625, 0.01007080078125, 0.0091552734375, 0.00909423828125, 0.00885009765625, 0.0086669921875, 0.00836181640625, 0.00836181640625, 0.00830078125, 0.00830078125, 0.00830078125, 0.00830078125, 0.00811767578125, 0.00811767578125, 0.008056640625, 0.008056640625, 0.0079345703125, 0.00787353515625, 0.0078125, 0.00762939453125, 0.007537841796875, 0.0074462890625, 0.007415771484375, 0.00738525390625, 0.00738525390625, 0.00732421875, 0.007293701171875, 0.00726318359375, 0.007232666015625, 0.007232666015625, 0.0072021484375, 0.0069580078125, 0.00689697265625, 0.00689697265625, 0.006866455078125, 0.006866455078125, 0.00677490234375, 0.0067138671875, 0.006683349609375, 0.006591796875, 0.006591796875, 0.00653076171875, 0.00653076171875, 0.006500244140625, 0.006500244140625, 0.006500244140625, 0.006500244140625, 0.00640869140625, 0.00634765625, 0.00634765625, 0.006317138671875, 0.0062255859375, 0.00604248046875, 0.006011962890625, 0.0059814453125, 0.00592041015625, 0.005859375, 0.00579833984375, 0.0057373046875, 0.005706787109375, 0.00567626953125, 0.00567626953125, 0.005645751953125, 0.005615234375, 0.005615234375, 0.00555419921875, 0.0054931640625, 0.0054931640625, 0.00543212890625, 0.00543212890625, 0.005401611328125, 0.00537109375, 0.005340576171875, 0.005340576171875], "inds": [[1517, 281], [1284, 116], [556, 66], [1001, 53], [562, 264], [289, 242], [667, 297], [1880, 40], [1100, 190], [1973, 209], [43, 92], [1887, 136], [319, 92], [307, 240], [817, 68], [1811, 56], [590, 249], [1304, 161], [216, 195], [216, 192], [319, 50], [1300, 88], [1705, 118], [35, 79], [1128, 55], [1418, 241], [1227, 51], [543, 251], [1173, 256], [524, 40], [1018, 183], [1128, 133], [1390, 184], [404, 279], [793, 176], [426, 60], [948, 69], [625, 45], [504, 136], [86, 272], [852, 231], [543, 193], [651, 268], [1385, 280], [609, 267], [329, 225], [1956, 46], [406, 291], [1996, 58], [948, 121], [216, 191], [5, 115], [1058, 202], [286, 237], [175, 197], [394, 176], [609, 211], [1273, 42], [418, 26], [307, 274], [1985, 60], [1128, 194], [1744, 15], [1935, 237], [1792, 93], [849, 105], [1414, 203], [1210, 156], [1467, 261], [498, 273], [1320, 74], [26, 59], [355, 113], [677, 31], [307, 242], [1811, 218], [142, 161], [588, 131], [435, 254], [72, 124], [333, 179], [626, 182], [406, 287], [1225, 267], [667, 296], [1303, 157], [1267, 156], [70, 150], [307, 256], [1763, 100], [77, 199], [197, 277], [543, 218], [4, 33], [1128, 210], [974, 264], [525, 131], [137, 183], [847, 187], [1890, 172]], "mean": 9.489059448242188e-05}