{"vals": [0.08544921875, 0.05517578125, 0.0537109375, 0.05322265625, 0.04248046875, 0.042236328125, 0.041748046875, 0.04052734375, 0.0390625, 0.035888671875, 0.03466796875, 0.033935546875, 0.03271484375, 0.031494140625, 0.02783203125, 0.0267333984375, 0.0267333984375, 0.0255126953125, 0.02490234375, 0.02490234375, 0.0244140625, 0.023681640625, 0.0233154296875, 0.0203857421875, 0.0201416015625, 0.0191650390625, 0.0191650390625, 0.018798828125, 0.01806640625, 0.0172119140625, 0.0172119140625, 0.01708984375, 0.016845703125, 0.0166015625, 0.0159912109375, 0.0159912109375, 0.015869140625, 0.015869140625, 0.01544189453125, 0.01507568359375, 0.01495361328125, 0.014892578125, 0.0146484375, 0.0145263671875, 0.01422119140625, 0.01416015625, 0.01397705078125, 0.0135498046875, 0.0135498046875, 0.0135498046875, 0.01348876953125, 0.01336669921875, 0.01336669921875, 0.0133056640625, 0.01324462890625, 0.01300048828125, 0.01300048828125, 0.01300048828125, 0.01300048828125, 0.01300048828125, 0.01300048828125, 0.012939453125, 0.012939453125, 0.0128173828125, 0.0126953125, 0.01263427734375, 0.01251220703125, 0.01251220703125, 0.012451171875, 0.01239013671875, 0.01239013671875, 0.0120849609375, 0.01202392578125, 0.0118408203125, 0.0118408203125, 0.01177978515625, 0.01177978515625, 0.01177978515625, 0.01171875, 0.01171875, 0.01165771484375, 0.01153564453125, 0.01141357421875, 0.0113525390625, 0.01123046875, 0.01092529296875, 0.0108642578125, 0.0108642578125, 0.01068115234375, 0.01068115234375, 0.01055908203125, 0.01055908203125, 0.010498046875, 0.01031494140625, 0.01031494140625, 0.01025390625, 0.01025390625, 0.01019287109375, 0.0101318359375, 0.0101318359375], "inds": [[1120, 120], [609, 267], [1628, 21], [818, 163], [740, 33], [404, 279], [106, 137], [818, 182], [106, 140], [1120, 119], [1273, 42], [1056, 129], [1580, 71], [818, 180], [1288, 17], [289, 127], [1013, 14], [501, 85], [1298, 217], [817, 205], [1298, 216], [544, 150], [1500, 111], [942, 236], [679, 21], [1304, 161], [501, 84], [325, 37], [459, 279], [1101, 91], [1480, 147], [1243, 49], [404, 277], [1763, 100], [87, 204], [319, 219], [492, 182], [194, 120], [1744, 264], [844, 182], [818, 178], [43, 131], [862, 55], [905, 160], [1326, 36], [1473, 284], [90, 165], [609, 172], [1997, 110], [1366, 171], [1407, 133], [450, 51], [480, 20], [309, 95], [1711, 151], [1898, 144], [1324, 44], [731, 123], [1303, 123], [1284, 116], [813, 292], [1467, 206], [366, 86], [1971, 207], [1819, 61], [1540, 49], [742, 272], [1971, 209], [1237, 125], [1288, 19], [1180, 148], [1210, 208], [479, 17], [1791, 17], [1573, 72], [1795, 55], [1436, 169], [1744, 263], [1744, 118], [1540, 60], [818, 169], [1623, 126], [1917, 220], [1517, 281], [90, 161], [299, 282], [22, 30], [1120, 111], [1180, 30], [1443, 56], [890, 111], [937, 33], [1447, 67], [1100, 89], [367, 32], [1709, 221], [175, 251], [1467, 205], [1407, 117], [766, 146]], "mean": 0.00011539459228515625}