{"vals": [0.0869140625, 0.06787109375, 0.06591796875, 0.05908203125, 0.053955078125, 0.05126953125, 0.04296875, 0.036376953125, 0.03564453125, 0.0322265625, 0.0296630859375, 0.0284423828125, 0.027587890625, 0.02685546875, 0.0257568359375, 0.0244140625, 0.024169921875, 0.022705078125, 0.02197265625, 0.021728515625, 0.0216064453125, 0.0211181640625, 0.02099609375, 0.02099609375, 0.020263671875, 0.020263671875, 0.0201416015625, 0.0198974609375, 0.019775390625, 0.019775390625, 0.019775390625, 0.019287109375, 0.0191650390625, 0.01904296875, 0.0189208984375, 0.0184326171875, 0.018310546875, 0.0181884765625, 0.01806640625, 0.0179443359375, 0.0179443359375, 0.01708984375, 0.0169677734375, 0.016845703125, 0.0167236328125, 0.0164794921875, 0.0164794921875, 0.01611328125, 0.0157470703125, 0.015625, 0.015625, 0.015625, 0.01556396484375, 0.01544189453125, 0.015380859375, 0.01513671875, 0.01495361328125, 0.014892578125, 0.01483154296875, 0.01470947265625, 0.01458740234375, 0.0145263671875, 0.01422119140625, 0.01409912109375, 0.01385498046875, 0.01385498046875, 0.01373291015625, 0.013671875, 0.01348876953125, 0.01348876953125, 0.013427734375, 0.013427734375, 0.01336669921875, 0.0133056640625, 0.01324462890625, 0.01300048828125, 0.01300048828125, 0.01300048828125, 0.01287841796875, 0.01287841796875, 0.01287841796875, 0.0128173828125, 0.01275634765625, 0.0126953125, 0.0126953125, 0.0126953125, 0.01263427734375, 0.0125732421875, 0.0125732421875, 0.01239013671875, 0.01239013671875, 0.0123291015625, 0.0123291015625, 0.01226806640625, 0.01220703125, 0.0120849609375, 0.01202392578125, 0.011962890625, 0.01190185546875, 0.0118408203125], "inds": [[634, 240], [1272, 297], [167, 33], [100, 244], [600, 39], [1943, 261], [1517, 281], [106, 121], [1647, 299], [609, 267], [1312, 267], [1321, 238], [289, 242], [1579, 175], [945, 281], [3, 69], [1888, 233], [1303, 123], [677, 31], [307, 240], [1210, 294], [1982, 18], [1284, 116], [974, 264], [667, 297], [54, 116], [525, 266], [681, 282], [1538, 73], [444, 251], [1079, 24], [1074, 275], [801, 164], [1141, 41], [689, 243], [905, 160], [1941, 172], [1272, 296], [1266, 299], [1902, 194], [712, 292], [945, 220], [1923, 242], [1243, 261], [1173, 258], [1377, 59], [1273, 172], [504, 136], [1423, 130], [459, 259], [1267, 156], [1409, 160], [330, 163], [905, 133], [868, 60], [515, 194], [1705, 65], [600, 40], [1206, 168], [330, 165], [329, 273], [1657, 175], [706, 243], [1908, 85], [655, 220], [588, 253], [1032, 49], [319, 136], [1933, 25], [852, 231], [1459, 223], [1748, 272], [1512, 147], [1444, 132], [1122, 64], [1826, 178], [387, 76], [1184, 211], [731, 227], [1018, 183], [948, 69], [1748, 277], [1811, 275], [501, 84], [511, 165], [591, 48], [3, 181], [1160, 99], [289, 127], [1915, 274], [605, 296], [1996, 45], [333, 179], [1823, 40], [54, 130], [946, 153], [77, 227], [418, 192], [1973, 209], [1093, 285]], "mean": 0.00023174285888671875}