{"vals": [0.220703125, 0.1865234375, 0.171875, 0.150390625, 0.13671875, 0.1259765625, 0.09130859375, 0.09130859375, 0.09033203125, 0.087890625, 0.08642578125, 0.0810546875, 0.0810546875, 0.0810546875, 0.0810546875, 0.0771484375, 0.0732421875, 0.07177734375, 0.0703125, 0.06982421875, 0.06884765625, 0.068359375, 0.0654296875, 0.0654296875, 0.06494140625, 0.06298828125, 0.06298828125, 0.06005859375, 0.05908203125, 0.05908203125, 0.05810546875, 0.056640625, 0.05615234375, 0.055908203125, 0.0556640625, 0.054931640625, 0.052001953125, 0.04931640625, 0.049072265625, 0.049072265625, 0.048828125, 0.048828125, 0.048583984375, 0.048095703125, 0.04736328125, 0.046142578125, 0.04541015625, 0.04541015625, 0.044921875, 0.044677734375, 0.04443359375, 0.044189453125, 0.0439453125, 0.043701171875, 0.04345703125, 0.04248046875, 0.04248046875, 0.0419921875, 0.041015625, 0.04052734375, 0.04052734375, 0.03955078125, 0.039306640625, 0.039306640625, 0.03857421875, 0.03857421875, 0.03857421875, 0.03857421875, 0.038330078125, 0.0380859375, 0.0380859375, 0.037841796875, 0.037841796875, 0.037841796875, 0.037841796875, 0.036865234375, 0.036865234375, 0.036376953125, 0.035888671875, 0.035400390625, 0.035400390625, 0.035400390625, 0.03515625, 0.034912109375, 0.03466796875, 0.03466796875, 0.034423828125, 0.034423828125, 0.034423828125, 0.0341796875, 0.03369140625, 0.033447265625, 0.033447265625, 0.033447265625, 0.032470703125, 0.032470703125, 0.031982421875, 0.031982421875, 0.031982421875, 0.03173828125], "inds": [[149, 183], [149, 147], [106, 121], [543, 51], [1204, 92], [579, 88], [716, 53], [149, 131], [651, 232], [1079, 24], [330, 142], [1748, 232], [1748, 110], [1296, 26], [1748, 181], [1022, 44], [1639, 73], [716, 107], [1748, 89], [1691, 130], [1614, 181], [1748, 138], [1371, 131], [579, 157], [1566, 25], [293, 24], [716, 74], [149, 270], [765, 28], [106, 112], [722, 61], [716, 135], [1291, 28], [1770, 64], [149, 102], [716, 86], [1614, 197], [1299, 31], [824, 105], [1748, 120], [972, 106], [1497, 272], [1614, 241], [963, 155], [645, 194], [1768, 64], [1564, 19], [1724, 82], [268, 51], [1914, 82], [1, 16], [293, 45], [1141, 11], [556, 66], [1207, 40], [1962, 242], [293, 86], [625, 45], [1410, 48], [463, 72], [149, 80], [158, 82], [1394, 21], [1914, 65], [1015, 18], [1587, 107], [1297, 30], [948, 121], [1614, 256], [1748, 77], [1331, 114], [716, 178], [406, 196], [1327, 229], [1904, 50], [1624, 47], [1331, 19], [1052, 26], [712, 124], [1614, 222], [1069, 125], [1382, 136], [1092, 26], [1874, 65], [1982, 18], [475, 236], [1614, 294], [22, 16], [1564, 83], [716, 163], [868, 60], [299, 43], [198, 29], [289, 217], [716, 117], [670, 73], [1914, 209], [1466, 68], [1383, 21], [859, 16]], "mean": 0.0002841949462890625}