{"vals": [0.08251953125, 0.0498046875, 0.049560546875, 0.048828125, 0.0400390625, 0.038330078125, 0.037109375, 0.03466796875, 0.033447265625, 0.027587890625, 0.0267333984375, 0.0255126953125, 0.0252685546875, 0.0240478515625, 0.0233154296875, 0.0233154296875, 0.0230712890625, 0.0225830078125, 0.0211181640625, 0.0203857421875, 0.020263671875, 0.02001953125, 0.019775390625, 0.01904296875, 0.0186767578125, 0.017822265625, 0.0174560546875, 0.0172119140625, 0.016845703125, 0.016357421875, 0.0159912109375, 0.0159912109375, 0.015625, 0.01531982421875, 0.01531982421875, 0.01513671875, 0.01495361328125, 0.01470947265625, 0.01458740234375, 0.01434326171875, 0.01409912109375, 0.0140380859375, 0.01385498046875, 0.01361083984375, 0.0135498046875, 0.013427734375, 0.013427734375, 0.01336669921875, 0.01300048828125, 0.01300048828125, 0.012939453125, 0.0128173828125, 0.01275634765625, 0.01275634765625, 0.0125732421875, 0.0125732421875, 0.01251220703125, 0.01239013671875, 0.01226806640625, 0.01220703125, 0.01190185546875, 0.0118408203125, 0.01177978515625, 0.01171875, 0.01153564453125, 0.0113525390625, 0.01129150390625, 0.0111083984375, 0.01104736328125, 0.0107421875, 0.01068115234375, 0.01068115234375, 0.01055908203125, 0.010498046875, 0.01043701171875, 0.0103759765625, 0.01025390625, 0.01019287109375, 0.01019287109375, 0.0101318359375, 0.010009765625, 0.010009765625, 0.010009765625, 0.010009765625, 0.0098876953125, 0.009765625, 0.00970458984375, 0.00958251953125, 0.00958251953125, 0.00958251953125, 0.009521484375, 0.0093994140625, 0.0093994140625, 0.0093994140625, 0.00933837890625, 0.00933837890625, 0.00921630859375, 0.0091552734375, 0.0091552734375, 0.009033203125], "inds": [[289, 217], [43, 131], [645, 194], [289, 162], [543, 196], [289, 242], [239, 55], [677, 31], [1273, 42], [319, 50], [927, 40], [1997, 107], [1233, 61], [1843, 62], [1319, 41], [1238, 91], [645, 297], [1997, 110], [1313, 294], [1467, 206], [1467, 205], [1122, 224], [1902, 194], [406, 291], [511, 88], [562, 264], [1628, 21], [1266, 299], [626, 182], [35, 83], [1698, 109], [791, 68], [844, 47], [1904, 52], [1467, 209], [1748, 277], [589, 126], [319, 92], [1303, 123], [1346, 67], [1887, 136], [1120, 120], [307, 167], [1312, 192], [1297, 30], [1832, 146], [477, 97], [307, 240], [1517, 281], [106, 121], [905, 129], [818, 163], [418, 192], [463, 126], [1874, 97], [1434, 141], [1100, 186], [418, 26], [1832, 145], [1916, 26], [433, 37], [406, 287], [1267, 156], [418, 102], [604, 41], [355, 130], [1390, 250], [1243, 153], [1904, 51], [307, 242], [1908, 85], [536, 268], [1522, 90], [919, 78], [116, 113], [427, 273], [1281, 91], [1095, 84], [1900, 246], [817, 205], [1013, 14], [1320, 61], [1423, 130], [479, 17], [228, 79], [1841, 246], [1304, 170], [1420, 17], [5, 106], [1204, 92], [927, 37], [897, 19], [1935, 247], [406, 257], [1143, 109], [1890, 172], [289, 127], [862, 55], [700, 45], [791, 77]], "mean": 0.000141143798828125}