{"vals": [0.150390625, 0.11962890625, 0.0673828125, 0.06005859375, 0.04931640625, 0.045166015625, 0.042724609375, 0.040771484375, 0.040771484375, 0.039794921875, 0.038330078125, 0.038330078125, 0.037841796875, 0.03515625, 0.034423828125, 0.033447265625, 0.031005859375, 0.0306396484375, 0.0302734375, 0.0299072265625, 0.02978515625, 0.029541015625, 0.02880859375, 0.028564453125, 0.02783203125, 0.0277099609375, 0.02734375, 0.0263671875, 0.0260009765625, 0.0257568359375, 0.0252685546875, 0.025146484375, 0.0244140625, 0.024169921875, 0.0240478515625, 0.0233154296875, 0.02294921875, 0.0228271484375, 0.0225830078125, 0.0223388671875, 0.0223388671875, 0.0223388671875, 0.022216796875, 0.0220947265625, 0.0220947265625, 0.0220947265625, 0.0220947265625, 0.02197265625, 0.02197265625, 0.0218505859375, 0.0218505859375, 0.0206298828125, 0.0206298828125, 0.0205078125, 0.020263671875, 0.0198974609375, 0.0196533203125, 0.0196533203125, 0.0196533203125, 0.0191650390625, 0.018798828125, 0.0186767578125, 0.0186767578125, 0.0185546875, 0.0185546875, 0.0185546875, 0.018310546875, 0.0181884765625, 0.01806640625, 0.01806640625, 0.01806640625, 0.0179443359375, 0.017822265625, 0.017578125, 0.0174560546875, 0.01708984375, 0.01708984375, 0.0169677734375, 0.016845703125, 0.0167236328125, 0.0167236328125, 0.0167236328125, 0.0166015625, 0.0166015625, 0.0166015625, 0.0164794921875, 0.0164794921875, 0.0164794921875, 0.016357421875, 0.0162353515625, 0.01611328125, 0.0159912109375, 0.0159912109375, 0.0159912109375, 0.0159912109375, 0.0157470703125, 0.0157470703125, 0.0157470703125, 0.0157470703125, 0.0157470703125], "inds": [[679, 21], [1296, 26], [134, 177], [1079, 24], [818, 163], [1982, 18], [1390, 184], [1013, 14], [1173, 258], [1134, 161], [393, 298], [1841, 192], [35, 83], [1960, 14], [543, 51], [106, 140], [293, 57], [1914, 82], [289, 127], [1614, 291], [1128, 212], [1154, 43], [325, 37], [710, 179], [293, 34], [293, 86], [1092, 26], [1467, 206], [149, 270], [1985, 60], [831, 143], [1304, 161], [1933, 25], [1469, 236], [690, 243], [558, 188], [289, 258], [20, 67], [216, 192], [907, 174], [674, 43], [329, 59], [1734, 99], [677, 31], [1299, 31], [1291, 28], [1566, 25], [1961, 68], [84, 89], [638, 14], [716, 230], [149, 80], [289, 257], [1265, 158], [1467, 205], [426, 61], [963, 28], [134, 283], [1996, 128], [513, 206], [1887, 136], [1614, 170], [1132, 11], [948, 121], [507, 119], [386, 179], [919, 62], [307, 240], [729, 19], [1131, 229], [149, 102], [1303, 123], [1241, 261], [435, 271], [904, 175], [1761, 26], [1103, 246], [768, 60], [216, 191], [1888, 133], [403, 83], [842, 138], [1139, 37], [1090, 49], [1725, 36], [1303, 148], [24, 205], [1859, 27], [590, 249], [1614, 197], [1614, 234], [1303, 128], [1771, 21], [149, 131], [1614, 153], [1521, 28], [1370, 44], [255, 21], [833, 21], [651, 268]], "mean": 0.0003147125244140625}