{"vals": [0.024169921875, 0.0186767578125, 0.0179443359375, 0.01519775390625, 0.01434326171875, 0.01226806640625, 0.0108642578125, 0.0108642578125, 0.0107421875, 0.01025390625, 0.01025390625, 0.01019287109375, 0.00958251953125, 0.00946044921875, 0.0091552734375, 0.00872802734375, 0.00836181640625, 0.00811767578125, 0.0079345703125, 0.0079345703125, 0.0079345703125, 0.007568359375, 0.00750732421875, 0.006988525390625, 0.006866455078125, 0.00677490234375, 0.006378173828125, 0.00616455078125, 0.005828857421875, 0.00579833984375, 0.0057373046875, 0.005706787109375, 0.005462646484375, 0.00537109375, 0.005340576171875, 0.00531005859375, 0.005279541015625, 0.0052490234375, 0.0052490234375, 0.005218505859375, 0.005218505859375, 0.005157470703125, 0.005096435546875, 0.005035400390625, 0.005035400390625, 0.0050048828125, 0.0050048828125, 0.004974365234375, 0.0048828125, 0.0048828125, 0.00482177734375, 0.004730224609375, 0.004730224609375, 0.00469970703125, 0.004608154296875, 0.004608154296875, 0.004608154296875, 0.004608154296875, 0.00457763671875, 0.00457763671875, 0.004486083984375, 0.004486083984375, 0.004486083984375, 0.00445556640625, 0.004364013671875, 0.004364013671875, 0.004364013671875, 0.004302978515625, 0.004241943359375, 0.00421142578125, 0.00421142578125, 0.004180908203125, 0.004119873046875, 0.004119873046875, 0.004058837890625, 0.004058837890625, 0.0040283203125, 0.0040283203125, 0.003997802734375, 0.003997802734375, 0.00396728515625, 0.003936767578125, 0.0038909912109375, 0.0038909912109375, 0.0038909912109375, 0.003875732421875, 0.0038604736328125, 0.003814697265625, 0.003814697265625, 0.003814697265625, 0.0037994384765625, 0.003753662109375, 0.0037384033203125, 0.0037078857421875, 0.003692626953125, 0.0036773681640625, 0.0036773681640625, 0.003662109375, 0.003631591796875, 0.00360107421875], "inds": [[1269, 20], [1382, 228], [1497, 272], [590, 257], [1904, 79], [1371, 131], [74, 245], [480, 20], [606, 166], [289, 127], [272, 21], [826, 213], [895, 236], [144, 13], [1973, 209], [1414, 206], [590, 249], [289, 217], [282, 144], [1074, 275], [1033, 94], [1796, 247], [1341, 28], [996, 42], [778, 54], [469, 200], [1219, 47], [181, 76], [1178, 91], [877, 14], [907, 174], [26, 59], [972, 106], [1125, 139], [897, 19], [35, 79], [1351, 158], [1564, 147], [1354, 50], [1343, 35], [637, 162], [1945, 186], [1956, 46], [634, 240], [354, 28], [1947, 283], [149, 102], [1795, 55], [1562, 240], [148, 58], [1303, 123], [121, 70], [760, 157], [1467, 208], [905, 129], [181, 75], [100, 244], [266, 85], [1721, 182], [1500, 107], [88, 10], [291, 62], [1482, 13], [679, 276], [1204, 92], [1420, 189], [945, 281], [1178, 94], [1768, 54], [1569, 225], [1100, 186], [1210, 208], [1691, 130], [1171, 71], [1792, 172], [1566, 58], [1037, 272], [492, 155], [1770, 54], [609, 267], [329, 225], [1945, 235], [181, 70], [927, 153], [991, 176], [692, 201], [1890, 49], [957, 54], [1178, 92], [1679, 60], [966, 255], [287, 266], [940, 141], [1222, 19], [1745, 125], [59, 191], [21, 181], [1631, 94], [678, 210], [1120, 120]], "mean": 7.486343383789062e-05}