{"vals": [0.03369140625, 0.02880859375, 0.026611328125, 0.025146484375, 0.024658203125, 0.0223388671875, 0.0216064453125, 0.021240234375, 0.0201416015625, 0.0196533203125, 0.0196533203125, 0.0157470703125, 0.01556396484375, 0.0146484375, 0.01422119140625, 0.013427734375, 0.01287841796875, 0.01263427734375, 0.0120849609375, 0.01153564453125, 0.01129150390625, 0.01123046875, 0.01116943359375, 0.01116943359375, 0.0111083984375, 0.01092529296875, 0.01080322265625, 0.01055908203125, 0.01055908203125, 0.01043701171875, 0.0103759765625, 0.00982666015625, 0.009765625, 0.0096435546875, 0.0096435546875, 0.00958251953125, 0.00946044921875, 0.00933837890625, 0.0091552734375, 0.00885009765625, 0.00885009765625, 0.0087890625, 0.00872802734375, 0.00860595703125, 0.008544921875, 0.0084228515625, 0.00836181640625, 0.00823974609375, 0.0081787109375, 0.00811767578125, 0.008056640625, 0.00799560546875, 0.00799560546875, 0.00787353515625, 0.0078125, 0.00775146484375, 0.007720947265625, 0.007720947265625, 0.0076904296875, 0.00762939453125, 0.00762939453125, 0.007568359375, 0.007354736328125, 0.00732421875, 0.007232666015625, 0.0072021484375, 0.0069580078125, 0.006927490234375, 0.0068359375, 0.006805419921875, 0.00677490234375, 0.0067138671875, 0.0067138671875, 0.006683349609375, 0.006683349609375, 0.00653076171875, 0.00653076171875, 0.006500244140625, 0.006439208984375, 0.00640869140625, 0.006378173828125, 0.006378173828125, 0.00634765625, 0.00634765625, 0.00628662109375, 0.006256103515625, 0.0062255859375, 0.00616455078125, 0.006103515625, 0.006103515625, 0.006103515625, 0.006072998046875, 0.0059814453125, 0.005950927734375, 0.005950927734375, 0.00592041015625, 0.00592041015625, 0.00592041015625, 0.005889892578125, 0.005859375], "inds": [[350, 35], [1219, 47], [1382, 183], [716, 230], [1459, 223], [92, 194], [1326, 36], [897, 172], [1243, 49], [968, 115], [1996, 45], [897, 37], [1580, 71], [289, 217], [1748, 272], [1205, 260], [37, 94], [985, 18], [995, 52], [204, 83], [20, 34], [1411, 234], [922, 208], [1564, 147], [968, 111], [716, 246], [1997, 42], [418, 26], [426, 161], [1200, 291], [1315, 72], [1666, 206], [882, 186], [1806, 293], [813, 70], [1705, 231], [606, 166], [634, 218], [287, 266], [294, 275], [1254, 202], [1103, 192], [1894, 211], [1989, 34], [1796, 247], [922, 209], [148, 279], [1368, 150], [1467, 214], [1246, 163], [1792, 172], [92, 193], [1092, 214], [1315, 73], [375, 273], [438, 160], [134, 177], [332, 232], [896, 213], [1945, 219], [106, 117], [1242, 260], [1018, 183], [1862, 207], [981, 30], [1912, 41], [1564, 180], [974, 264], [862, 72], [93, 147], [123, 232], [1610, 214], [1092, 26], [1524, 103], [1590, 279], [426, 60], [148, 69], [1524, 100], [1173, 258], [391, 70], [191, 248], [1859, 66], [1512, 16], [205, 220], [1238, 89], [1357, 290], [72, 124], [426, 160], [529, 252], [1173, 255], [134, 45], [1852, 157], [5, 248], [170, 210], [320, 82], [1843, 62], [1445, 45], [875, 20], [1096, 168], [1347, 97]], "mean": 7.963180541992188e-05}