{"vals": [0.07080078125, 0.052734375, 0.052001953125, 0.051513671875, 0.05078125, 0.04248046875, 0.03955078125, 0.037109375, 0.03125, 0.0284423828125, 0.0262451171875, 0.025634765625, 0.0242919921875, 0.0225830078125, 0.0218505859375, 0.01904296875, 0.018798828125, 0.0179443359375, 0.017822265625, 0.0177001953125, 0.0177001953125, 0.0169677734375, 0.0167236328125, 0.0166015625, 0.016357421875, 0.0159912109375, 0.0159912109375, 0.0159912109375, 0.0157470703125, 0.01513671875, 0.0146484375, 0.01416015625, 0.01409912109375, 0.013916015625, 0.013671875, 0.0133056640625, 0.01318359375, 0.012939453125, 0.01275634765625, 0.01275634765625, 0.0125732421875, 0.0123291015625, 0.01226806640625, 0.01226806640625, 0.01214599609375, 0.011962890625, 0.011962890625, 0.01190185546875, 0.01171875, 0.0115966796875, 0.01153564453125, 0.01153564453125, 0.011474609375, 0.011474609375, 0.01141357421875, 0.0113525390625, 0.01129150390625, 0.01129150390625, 0.01123046875, 0.0106201171875, 0.01055908203125, 0.01055908203125, 0.01043701171875, 0.0103759765625, 0.0103759765625, 0.01031494140625, 0.0101318359375, 0.0101318359375, 0.010009765625, 0.010009765625, 0.00982666015625, 0.00982666015625, 0.0096435546875, 0.009521484375, 0.00946044921875, 0.0093994140625, 0.00933837890625, 0.00927734375, 0.00909423828125, 0.00909423828125, 0.00897216796875, 0.00897216796875, 0.0089111328125, 0.0089111328125, 0.0089111328125, 0.00885009765625, 0.0087890625, 0.0086669921875, 0.0086669921875, 0.008544921875, 0.00848388671875, 0.0084228515625, 0.00836181640625, 0.00836181640625, 0.0081787109375, 0.0081787109375, 0.0081787109375, 0.008056640625, 0.0079345703125, 0.00787353515625], "inds": [[721, 70], [391, 70], [579, 88], [1926, 128], [134, 48], [242, 59], [1719, 61], [1626, 55], [815, 71], [543, 51], [721, 189], [343, 47], [1079, 24], [343, 73], [343, 30], [1171, 96], [134, 49], [1626, 44], [1287, 45], [391, 69], [343, 31], [53, 287], [815, 72], [1200, 205], [355, 234], [1626, 100], [847, 196], [1626, 67], [1028, 207], [815, 234], [1269, 99], [137, 109], [579, 157], [732, 149], [510, 233], [1926, 295], [355, 204], [1440, 73], [426, 61], [589, 165], [391, 47], [329, 225], [589, 253], [1299, 31], [325, 37], [1020, 79], [926, 126], [651, 232], [1265, 158], [1950, 68], [492, 75], [406, 196], [1849, 245], [278, 114], [299, 89], [1189, 184], [391, 175], [974, 49], [20, 67], [721, 45], [447, 216], [391, 68], [158, 150], [1, 89], [1926, 213], [520, 56], [1262, 210], [674, 43], [481, 212], [1440, 89], [6, 212], [1982, 18], [1020, 84], [1410, 48], [413, 243], [1028, 214], [602, 259], [242, 270], [815, 114], [1052, 263], [447, 150], [1440, 67], [1126, 30], [895, 202], [1916, 292], [1433, 213], [1826, 63], [137, 39], [971, 50], [1926, 192], [235, 153], [1702, 260], [1566, 25], [1849, 244], [732, 37], [299, 117], [1669, 170], [1624, 47], [1, 62], [926, 297]], "mean": 8.916854858398438e-05}