{"vals": [0.11767578125, 0.06396484375, 0.0458984375, 0.043212890625, 0.0286865234375, 0.02392578125, 0.0216064453125, 0.021484375, 0.021484375, 0.02099609375, 0.0206298828125, 0.0203857421875, 0.0189208984375, 0.0185546875, 0.0181884765625, 0.0181884765625, 0.0179443359375, 0.017822265625, 0.0167236328125, 0.0162353515625, 0.01544189453125, 0.0152587890625, 0.01470947265625, 0.01458740234375, 0.0145263671875, 0.014404296875, 0.01434326171875, 0.0142822265625, 0.01385498046875, 0.01348876953125, 0.01336669921875, 0.0133056640625, 0.01318359375, 0.01251220703125, 0.0123291015625, 0.0120849609375, 0.0118408203125, 0.01171875, 0.01165771484375, 0.0113525390625, 0.0113525390625, 0.0111083984375, 0.0111083984375, 0.010986328125, 0.0108642578125, 0.01080322265625, 0.01068115234375, 0.01068115234375, 0.010498046875, 0.01043701171875, 0.0103759765625, 0.01031494140625, 0.01025390625, 0.0101318359375, 0.01007080078125, 0.0098876953125, 0.00970458984375, 0.0096435546875, 0.009521484375, 0.00933837890625, 0.00933837890625, 0.00921630859375, 0.00921630859375, 0.00921630859375, 0.0091552734375, 0.0091552734375, 0.0087890625, 0.0087890625, 0.0087890625, 0.0087890625, 0.00872802734375, 0.00872802734375, 0.0086669921875, 0.0086669921875, 0.0086669921875, 0.0086669921875, 0.008544921875, 0.0084228515625, 0.00836181640625, 0.00830078125, 0.00823974609375, 0.00811767578125, 0.008056640625, 0.00799560546875, 0.0079345703125, 0.0079345703125, 0.00787353515625, 0.00787353515625, 0.0078125, 0.0078125, 0.0078125, 0.00775146484375, 0.007720947265625, 0.007720947265625, 0.007659912109375, 0.007659912109375, 0.00762939453125, 0.00762939453125, 0.00762939453125, 0.007598876953125], "inds": [[239, 55], [20, 184], [271, 247], [1253, 137], [443, 233], [46, 226], [1956, 242], [20, 112], [1887, 136], [1701, 48], [1346, 67], [1566, 58], [355, 91], [435, 198], [83, 147], [464, 209], [767, 62], [162, 76], [1256, 223], [162, 61], [1550, 94], [1492, 39], [1180, 30], [1244, 151], [979, 49], [1550, 95], [609, 172], [20, 125], [924, 150], [1249, 82], [525, 27], [1447, 67], [831, 197], [1467, 261], [528, 169], [20, 162], [355, 113], [1180, 148], [1888, 30], [948, 121], [1843, 62], [1273, 81], [359, 64], [427, 260], [977, 146], [1109, 115], [1585, 14], [610, 162], [924, 151], [1344, 185], [1273, 72], [457, 70], [867, 33], [443, 128], [1569, 149], [443, 100], [1456, 170], [1113, 45], [1989, 112], [913, 233], [813, 277], [758, 49], [1471, 190], [948, 142], [1782, 77], [350, 254], [1173, 255], [1382, 143], [329, 123], [1128, 75], [1944, 108], [81, 91], [584, 43], [1795, 55], [1426, 88], [514, 124], [1109, 114], [1225, 267], [1789, 52], [1859, 66], [1574, 67], [100, 244], [1128, 55], [1648, 92], [1122, 64], [192, 77], [42, 57], [1774, 183], [1737, 91], [435, 202], [1737, 90], [1192, 296], [1804, 106], [1745, 124], [966, 88], [948, 143], [271, 188], [350, 253], [443, 114], [1569, 225]], "mean": 0.00012969970703125}