{"vals": [0.306640625, 0.267578125, 0.146484375, 0.1064453125, 0.10205078125, 0.076171875, 0.07373046875, 0.068359375, 0.062255859375, 0.056396484375, 0.052490234375, 0.05126953125, 0.050537109375, 0.050048828125, 0.050048828125, 0.0419921875, 0.037353515625, 0.037109375, 0.033447265625, 0.033447265625, 0.032958984375, 0.03271484375, 0.0322265625, 0.031494140625, 0.031494140625, 0.03125, 0.030029296875, 0.0296630859375, 0.029296875, 0.02880859375, 0.028564453125, 0.0281982421875, 0.0277099609375, 0.0277099609375, 0.0274658203125, 0.0272216796875, 0.0267333984375, 0.0264892578125, 0.0262451171875, 0.025146484375, 0.0250244140625, 0.0247802734375, 0.024658203125, 0.0242919921875, 0.0234375, 0.023193359375, 0.0230712890625, 0.02294921875, 0.0225830078125, 0.0218505859375, 0.021240234375, 0.0208740234375, 0.020263671875, 0.0198974609375, 0.0196533203125, 0.0191650390625, 0.01904296875, 0.0189208984375, 0.0185546875, 0.018310546875, 0.0181884765625, 0.0179443359375, 0.0179443359375, 0.0172119140625, 0.01708984375, 0.0167236328125, 0.0166015625, 0.0162353515625, 0.01611328125, 0.01611328125, 0.0159912109375, 0.0157470703125, 0.01556396484375, 0.01519775390625, 0.01519775390625, 0.01513671875, 0.0150146484375, 0.01483154296875, 0.01458740234375, 0.01422119140625, 0.01409912109375, 0.0140380859375, 0.01397705078125, 0.0137939453125, 0.01361083984375, 0.0135498046875, 0.01348876953125, 0.01336669921875, 0.01336669921875, 0.01336669921875, 0.0130615234375, 0.0130615234375, 0.01287841796875, 0.01251220703125, 0.01239013671875, 0.01226806640625, 0.01226806640625, 0.01226806640625, 0.01214599609375, 0.0120849609375], "inds": [[1718, 30], [1382, 235], [913, 29], [698, 42], [192, 77], [1154, 22], [1466, 79], [1667, 40], [913, 28], [818, 180], [1298, 216], [818, 182], [271, 247], [1145, 17], [1667, 35], [1382, 234], [1368, 154], [202, 109], [698, 41], [1416, 28], [192, 80], [130, 25], [312, 13], [577, 19], [1042, 165], [1718, 29], [1725, 36], [1466, 80], [1226, 108], [192, 129], [1710, 17], [139, 47], [808, 103], [1532, 141], [106, 140], [906, 44], [1666, 182], [1599, 27], [1226, 109], [1488, 15], [1368, 153], [679, 21], [1599, 28], [818, 178], [312, 14], [1382, 236], [1504, 21], [1368, 152], [1297, 30], [1273, 42], [444, 15], [1341, 82], [862, 72], [1789, 14], [1340, 32], [39, 100], [1035, 54], [577, 18], [1997, 110], [1843, 62], [339, 89], [22, 184], [818, 181], [818, 169], [820, 36], [847, 262], [312, 15], [609, 172], [338, 218], [39, 16], [1202, 293], [1430, 106], [579, 88], [1741, 213], [368, 44], [377, 51], [1685, 240], [377, 52], [1604, 215], [1494, 32], [1163, 20], [355, 82], [698, 43], [444, 14], [556, 66], [272, 21], [1246, 34], [1983, 86], [1725, 35], [767, 42], [1070, 266], [544, 242], [1667, 42], [1416, 27], [1511, 15], [1767, 279], [1708, 74], [393, 205], [353, 21], [1395, 19]], "mean": 0.00015926361083984375}