{"vals": [0.06396484375, 0.046142578125, 0.04052734375, 0.0267333984375, 0.0225830078125, 0.0208740234375, 0.02001953125, 0.01806640625, 0.017822265625, 0.0166015625, 0.016357421875, 0.01446533203125, 0.013671875, 0.01226806640625, 0.01226806640625, 0.01220703125, 0.01190185546875, 0.01153564453125, 0.010986328125, 0.010986328125, 0.01092529296875, 0.01068115234375, 0.01055908203125, 0.01043701171875, 0.01025390625, 0.01019287109375, 0.0101318359375, 0.0101318359375, 0.01007080078125, 0.00958251953125, 0.00933837890625, 0.00921630859375, 0.00921630859375, 0.0091552734375, 0.0091552734375, 0.0091552734375, 0.00909423828125, 0.00897216796875, 0.00897216796875, 0.00885009765625, 0.00885009765625, 0.00885009765625, 0.0087890625, 0.00848388671875, 0.0084228515625, 0.00836181640625, 0.00823974609375, 0.0081787109375, 0.0081787109375, 0.0079345703125, 0.00787353515625, 0.0078125, 0.0078125, 0.007781982421875, 0.0076904296875, 0.007598876953125, 0.007568359375, 0.00750732421875, 0.007476806640625, 0.007476806640625, 0.00732421875, 0.00732421875, 0.007232666015625, 0.007171630859375, 0.00714111328125, 0.007080078125, 0.0069580078125, 0.006927490234375, 0.006866455078125, 0.006866455078125, 0.0068359375, 0.006683349609375, 0.006622314453125, 0.006591796875, 0.006591796875, 0.006591796875, 0.00653076171875, 0.006500244140625, 0.00634765625, 0.006256103515625, 0.00616455078125, 0.006134033203125, 0.006103515625, 0.006103515625, 0.006072998046875, 0.006072998046875, 0.00604248046875, 0.006011962890625, 0.005950927734375, 0.005950927734375, 0.00592041015625, 0.00592041015625, 0.00592041015625, 0.005889892578125, 0.005859375, 0.005828857421875, 0.005828857421875, 0.005828857421875, 0.00579833984375, 0.005767822265625], "inds": [[645, 194], [600, 39], [679, 21], [329, 225], [667, 148], [20, 67], [1973, 209], [1111, 91], [1890, 264], [579, 88], [3, 69], [1304, 161], [938, 30], [948, 121], [634, 240], [406, 260], [818, 23], [868, 60], [1947, 19], [1, 62], [1859, 66], [1705, 200], [449, 49], [1705, 118], [447, 22], [1188, 279], [131, 52], [1920, 51], [1430, 106], [353, 21], [601, 54], [963, 101], [865, 12], [793, 151], [1860, 143], [1887, 136], [1515, 49], [1111, 90], [1141, 227], [831, 143], [1296, 26], [250, 16], [355, 113], [27, 120], [1566, 25], [716, 230], [659, 185], [242, 170], [1, 81], [1303, 170], [148, 58], [289, 127], [1331, 114], [1904, 71], [134, 45], [1566, 58], [1267, 156], [1402, 100], [1726, 72], [1795, 55], [1614, 153], [972, 106], [1180, 30], [1798, 261], [1, 16], [1325, 21], [730, 163], [716, 246], [1020, 28], [1697, 195], [1908, 85], [1219, 12], [512, 109], [552, 35], [788, 84], [1268, 20], [667, 83], [391, 70], [106, 23], [705, 33], [1620, 149], [541, 63], [1410, 48], [400, 91], [818, 163], [600, 38], [765, 28], [716, 264], [643, 23], [215, 232], [714, 52], [1782, 43], [418, 94], [1811, 287], [307, 167], [1914, 202], [793, 147], [1202, 96], [1724, 82], [1238, 111]], "mean": 0.0001087188720703125}