{"vals": [0.048583984375, 0.036865234375, 0.036865234375, 0.03662109375, 0.035400390625, 0.031494140625, 0.03125, 0.02978515625, 0.029541015625, 0.028076171875, 0.026123046875, 0.02587890625, 0.02587890625, 0.0245361328125, 0.023193359375, 0.022216796875, 0.0218505859375, 0.021484375, 0.0213623046875, 0.0211181640625, 0.02099609375, 0.0205078125, 0.0205078125, 0.0203857421875, 0.019287109375, 0.0189208984375, 0.0177001953125, 0.0172119140625, 0.0169677734375, 0.0166015625, 0.0166015625, 0.016357421875, 0.01611328125, 0.01519775390625, 0.01507568359375, 0.014892578125, 0.0147705078125, 0.014404296875, 0.0140380859375, 0.01397705078125, 0.0137939453125, 0.0137939453125, 0.0137939453125, 0.01348876953125, 0.01348876953125, 0.01336669921875, 0.01300048828125, 0.0128173828125, 0.0125732421875, 0.01251220703125, 0.0123291015625, 0.0123291015625, 0.0120849609375, 0.01177978515625, 0.01177978515625, 0.01171875, 0.01171875, 0.01171875, 0.0115966796875, 0.0115966796875, 0.01153564453125, 0.01153564453125, 0.0113525390625, 0.0113525390625, 0.0113525390625, 0.010986328125, 0.0108642578125, 0.01080322265625, 0.0107421875, 0.0107421875, 0.0106201171875, 0.0106201171875, 0.0106201171875, 0.01055908203125, 0.010498046875, 0.010498046875, 0.01043701171875, 0.0103759765625, 0.0103759765625, 0.01019287109375, 0.0101318359375, 0.0101318359375, 0.0101318359375, 0.0101318359375, 0.010009765625, 0.010009765625, 0.00994873046875, 0.00994873046875, 0.00994873046875, 0.0098876953125, 0.0098876953125, 0.009765625, 0.009765625, 0.00970458984375, 0.0096435546875, 0.00958251953125, 0.009521484375, 0.009521484375, 0.00946044921875, 0.00933837890625], "inds": [[859, 43], [1495, 17], [1718, 30], [1079, 24], [1566, 62], [609, 172], [974, 264], [698, 40], [651, 232], [242, 59], [391, 70], [648, 54], [476, 23], [851, 40], [27, 252], [447, 22], [343, 47], [495, 18], [47, 26], [1660, 20], [1622, 14], [1253, 170], [881, 24], [27, 234], [520, 69], [1028, 284], [1202, 254], [1924, 298], [1160, 43], [1626, 55], [1134, 161], [1103, 246], [1170, 31], [406, 260], [903, 84], [1069, 125], [1099, 26], [1111, 91], [242, 98], [20, 67], [167, 33], [859, 48], [1204, 92], [859, 45], [974, 251], [1826, 251], [298, 219], [1133, 24], [526, 147], [235, 153], [432, 103], [1638, 59], [1346, 34], [1111, 90], [1566, 58], [520, 56], [1521, 28], [520, 239], [730, 131], [1859, 27], [1284, 250], [1680, 26], [1893, 13], [343, 178], [1219, 55], [12, 19], [1515, 243], [1566, 37], [1915, 79], [1853, 252], [1859, 66], [106, 140], [1461, 69], [353, 42], [1915, 136], [1335, 52], [1758, 137], [1426, 248], [996, 42], [491, 18], [6, 236], [1107, 101], [859, 52], [1951, 55], [1776, 216], [1982, 18], [1348, 25], [1719, 109], [579, 88], [1719, 61], [1826, 202], [516, 42], [1546, 46], [718, 273], [1776, 219], [242, 97], [1802, 44], [1565, 278], [1719, 18], [1275, 71]], "mean": 0.00021266937255859375}