{"vals": [0.0322265625, 0.02392578125, 0.0208740234375, 0.0177001953125, 0.01708984375, 0.01287841796875, 0.01263427734375, 0.01263427734375, 0.01214599609375, 0.0120849609375, 0.01177978515625, 0.01129150390625, 0.01123046875, 0.01123046875, 0.01116943359375, 0.01104736328125, 0.01055908203125, 0.010498046875, 0.01031494140625, 0.0098876953125, 0.009765625, 0.009765625, 0.009521484375, 0.0093994140625, 0.00909423828125, 0.00909423828125, 0.009033203125, 0.0089111328125, 0.0089111328125, 0.0087890625, 0.00848388671875, 0.00830078125, 0.0081787109375, 0.00799560546875, 0.0078125, 0.007537841796875, 0.007415771484375, 0.00732421875, 0.007080078125, 0.007080078125, 0.00701904296875, 0.006988525390625, 0.0069580078125, 0.0067138671875, 0.006683349609375, 0.006622314453125, 0.006561279296875, 0.00640869140625, 0.00640869140625, 0.00640869140625, 0.00634765625, 0.006317138671875, 0.006256103515625, 0.00616455078125, 0.00604248046875, 0.005950927734375, 0.005950927734375, 0.00592041015625, 0.005859375, 0.005859375, 0.005828857421875, 0.005767822265625, 0.005767822265625, 0.005767822265625, 0.005767822265625, 0.005584716796875, 0.00555419921875, 0.00555419921875, 0.005523681640625, 0.00543212890625, 0.00543212890625, 0.00531005859375, 0.00531005859375, 0.0052490234375, 0.005218505859375, 0.005157470703125, 0.005126953125, 0.005035400390625, 0.005035400390625, 0.005035400390625, 0.0050048828125, 0.00494384765625, 0.004913330078125, 0.004913330078125, 0.0048828125, 0.0048828125, 0.004852294921875, 0.004852294921875, 0.00482177734375, 0.004730224609375, 0.004730224609375, 0.004730224609375, 0.004608154296875, 0.004608154296875, 0.004608154296875, 0.004608154296875, 0.004608154296875, 0.004608154296875, 0.004608154296875, 0.004547119140625], "inds": [[1902, 194], [1679, 60], [435, 202], [1198, 115], [1368, 150], [996, 41], [1989, 112], [294, 275], [1843, 62], [1371, 131], [606, 166], [1382, 183], [182, 113], [1360, 146], [1198, 147], [1701, 203], [729, 91], [1796, 103], [852, 231], [435, 91], [361, 224], [435, 254], [1859, 143], [113, 88], [297, 46], [996, 43], [690, 243], [1874, 87], [562, 264], [35, 79], [819, 154], [10, 34], [1811, 275], [1328, 43], [867, 260], [84, 89], [905, 133], [1489, 95], [404, 279], [1300, 88], [72, 124], [1947, 46], [1414, 27], [972, 239], [1100, 186], [859, 189], [1904, 79], [1494, 32], [216, 285], [1876, 59], [1535, 65], [1238, 91], [948, 121], [1832, 91], [831, 282], [590, 150], [1111, 90], [1085, 30], [1634, 77], [297, 48], [1079, 24], [1197, 26], [1853, 61], [1817, 98], [1650, 24], [1466, 79], [466, 93], [1835, 60], [1999, 65], [406, 257], [1420, 17], [1985, 60], [435, 253], [1839, 169], [418, 26], [1591, 105], [1070, 299], [1989, 111], [694, 37], [1320, 87], [528, 171], [603, 229], [1905, 74], [1733, 17], [137, 183], [1600, 20], [272, 21], [1611, 72], [874, 50], [1467, 212], [1544, 74], [577, 93], [53, 229], [625, 45], [1999, 66], [339, 89], [588, 278], [606, 154], [1265, 25], [868, 118]], "mean": 0.00010824203491210938}