{"vals": [0.024658203125, 0.0235595703125, 0.0234375, 0.0203857421875, 0.0159912109375, 0.01324462890625, 0.01324462890625, 0.01263427734375, 0.01116943359375, 0.0106201171875, 0.01055908203125, 0.01019287109375, 0.010009765625, 0.00970458984375, 0.00933837890625, 0.00927734375, 0.0089111328125, 0.0087890625, 0.00860595703125, 0.008544921875, 0.00848388671875, 0.0084228515625, 0.0084228515625, 0.00799560546875, 0.00787353515625, 0.00775146484375, 0.00775146484375, 0.0076904296875, 0.00738525390625, 0.00714111328125, 0.006866455078125, 0.00665283203125, 0.006561279296875, 0.006500244140625, 0.00640869140625, 0.006317138671875, 0.00604248046875, 0.0059814453125, 0.005950927734375, 0.005950927734375, 0.005859375, 0.0057373046875, 0.0057373046875, 0.00567626953125, 0.005615234375, 0.005615234375, 0.005584716796875, 0.00555419921875, 0.00555419921875, 0.00537109375, 0.005340576171875, 0.005340576171875, 0.005340576171875, 0.005279541015625, 0.0052490234375, 0.005218505859375, 0.005218505859375, 0.005126953125, 0.005096435546875, 0.00506591796875, 0.0050048828125, 0.004974365234375, 0.00494384765625, 0.004913330078125, 0.0048828125, 0.004791259765625, 0.004791259765625, 0.00469970703125, 0.004669189453125, 0.004638671875, 0.004608154296875, 0.00457763671875, 0.004547119140625, 0.004547119140625, 0.004547119140625, 0.004547119140625, 0.004547119140625, 0.00439453125, 0.00439453125, 0.00433349609375, 0.00433349609375, 0.004302978515625, 0.0042724609375, 0.0042724609375, 0.0042724609375, 0.004241943359375, 0.00421142578125, 0.00421142578125, 0.004180908203125, 0.004180908203125, 0.004150390625, 0.004150390625, 0.004119873046875, 0.00408935546875, 0.004058837890625, 0.004058837890625, 0.0040283203125, 0.0040283203125, 0.003997802734375, 0.003997802734375], "inds": [[1922, 230], [235, 153], [869, 111], [211, 233], [1321, 238], [865, 243], [357, 277], [919, 212], [43, 124], [1734, 235], [434, 257], [1058, 266], [536, 165], [186, 117], [1187, 263], [1750, 256], [626, 299], [589, 151], [1469, 236], [1456, 197], [1713, 26], [536, 100], [919, 140], [330, 142], [91, 274], [1705, 268], [1332, 220], [1304, 161], [67, 175], [1596, 263], [1796, 247], [1075, 190], [1832, 146], [760, 155], [537, 111], [1045, 295], [459, 58], [1380, 116], [1281, 158], [914, 100], [1531, 193], [1512, 126], [1388, 240], [1388, 241], [454, 19], [1238, 19], [1558, 49], [626, 140], [386, 171], [222, 55], [1305, 103], [587, 167], [138, 227], [1048, 147], [1582, 130], [289, 244], [1832, 145], [537, 239], [1127, 238], [1923, 106], [926, 126], [929, 177], [453, 93], [1332, 246], [803, 238], [20, 184], [904, 175], [992, 36], [681, 284], [1582, 129], [823, 161], [1735, 283], [1102, 261], [40, 235], [371, 212], [70, 106], [518, 156], [305, 296], [447, 290], [1214, 239], [1406, 107], [20, 67], [43, 122], [1936, 238], [4, 205], [1600, 263], [1107, 259], [589, 157], [1117, 140], [1398, 295], [1614, 274], [1581, 122], [1413, 272], [1347, 263], [1476, 169], [379, 247], [1590, 139], [15, 238], [778, 215], [1929, 185]], "mean": 3.0040740966796875e-05}