{"vals": [0.03271484375, 0.0303955078125, 0.02294921875, 0.016845703125, 0.016845703125, 0.0137939453125, 0.01336669921875, 0.01239013671875, 0.0115966796875, 0.0113525390625, 0.01043701171875, 0.009521484375, 0.00933837890625, 0.00921630859375, 0.0091552734375, 0.0086669921875, 0.00823974609375, 0.008056640625, 0.0079345703125, 0.0078125, 0.007659912109375, 0.00762939453125, 0.00738525390625, 0.006988525390625, 0.00689697265625, 0.006683349609375, 0.006561279296875, 0.00653076171875, 0.0064697265625, 0.0064697265625, 0.00634765625, 0.0062255859375, 0.0062255859375, 0.006195068359375, 0.006011962890625, 0.00592041015625, 0.005889892578125, 0.005859375, 0.005859375, 0.005828857421875, 0.005828857421875, 0.005706787109375, 0.005706787109375, 0.005706787109375, 0.005645751953125, 0.005615234375, 0.005615234375, 0.00555419921875, 0.00555419921875, 0.005523681640625, 0.005462646484375, 0.00543212890625, 0.005340576171875, 0.005340576171875, 0.005340576171875, 0.005279541015625, 0.0052490234375, 0.00506591796875, 0.00494384765625, 0.00494384765625, 0.004913330078125, 0.0048828125, 0.004852294921875, 0.004852294921875, 0.00482177734375, 0.00482177734375, 0.004791259765625, 0.0047607421875, 0.004730224609375, 0.00469970703125, 0.00469970703125, 0.00469970703125, 0.004638671875, 0.004638671875, 0.004608154296875, 0.004608154296875, 0.004608154296875, 0.004608154296875, 0.00457763671875, 0.00457763671875, 0.00457763671875, 0.00457763671875, 0.004486083984375, 0.004486083984375, 0.004486083984375, 0.004486083984375, 0.004486083984375, 0.00445556640625, 0.00445556640625, 0.004425048828125, 0.00439453125, 0.00439453125, 0.00433349609375, 0.004241943359375, 0.004241943359375, 0.004241943359375, 0.004241943359375, 0.00421142578125, 0.00421142578125, 0.004180908203125], "inds": [[1890, 264], [1, 81], [242, 261], [343, 206], [1, 253], [242, 210], [929, 100], [1, 150], [1600, 141], [1450, 239], [112, 225], [899, 286], [4, 141], [1, 255], [902, 90], [492, 182], [1351, 187], [1137, 115], [590, 249], [346, 285], [424, 290], [1265, 158], [1978, 187], [242, 262], [1511, 273], [929, 177], [1641, 79], [477, 275], [1978, 180], [447, 79], [993, 233], [1824, 282], [1053, 74], [1428, 157], [515, 194], [581, 165], [211, 235], [1, 74], [1, 94], [182, 171], [1144, 202], [1279, 182], [711, 185], [581, 78], [335, 111], [236, 210], [1773, 80], [1089, 185], [1926, 226], [721, 157], [1438, 189], [813, 277], [1450, 238], [1, 109], [543, 283], [1569, 225], [343, 146], [1271, 142], [668, 259], [289, 244], [603, 229], [408, 287], [1691, 247], [1, 295], [1225, 125], [1, 62], [1, 116], [654, 192], [1784, 145], [1, 73], [1210, 279], [788, 84], [343, 278], [463, 244], [402, 164], [169, 165], [1440, 89], [504, 239], [1630, 270], [1951, 245], [1719, 286], [134, 177], [43, 206], [638, 227], [1416, 223], [134, 49], [1020, 84], [202, 109], [1803, 215], [1, 195], [899, 285], [1600, 135], [520, 202], [445, 159], [463, 271], [325, 242], [1966, 270], [634, 240], [1113, 78], [68, 126]], "mean": 4.38690185546875e-05}