{"vals": [0.04736328125, 0.0262451171875, 0.021240234375, 0.0164794921875, 0.0150146484375, 0.013916015625, 0.01348876953125, 0.01300048828125, 0.012451171875, 0.01177978515625, 0.01165771484375, 0.011474609375, 0.01123046875, 0.01116943359375, 0.0106201171875, 0.01043701171875, 0.01031494140625, 0.01007080078125, 0.010009765625, 0.00982666015625, 0.0096435546875, 0.009521484375, 0.0093994140625, 0.0093994140625, 0.0093994140625, 0.0091552734375, 0.00885009765625, 0.0087890625, 0.00872802734375, 0.0086669921875, 0.00860595703125, 0.00830078125, 0.00811767578125, 0.008056640625, 0.00799560546875, 0.00787353515625, 0.00775146484375, 0.007720947265625, 0.00762939453125, 0.00762939453125, 0.00762939453125, 0.007537841796875, 0.007476806640625, 0.007476806640625, 0.0074462890625, 0.0074462890625, 0.00726318359375, 0.007232666015625, 0.0072021484375, 0.007171630859375, 0.00714111328125, 0.007110595703125, 0.006988525390625, 0.006927490234375, 0.00689697265625, 0.006805419921875, 0.006683349609375, 0.00665283203125, 0.00665283203125, 0.006622314453125, 0.006591796875, 0.006591796875, 0.006591796875, 0.006591796875, 0.006561279296875, 0.00653076171875, 0.0064697265625, 0.006378173828125, 0.00634765625, 0.00628662109375, 0.0062255859375, 0.0062255859375, 0.006195068359375, 0.00616455078125, 0.00616455078125, 0.00616455078125, 0.006103515625, 0.006103515625, 0.006072998046875, 0.006072998046875, 0.00604248046875, 0.006011962890625, 0.00592041015625, 0.005889892578125, 0.00579833984375, 0.0057373046875, 0.0057373046875, 0.0057373046875, 0.005706787109375, 0.005706787109375, 0.005645751953125, 0.005645751953125, 0.005645751953125, 0.005615234375, 0.005615234375, 0.005584716796875, 0.00555419921875, 0.0054931640625, 0.0054931640625, 0.0054931640625], "inds": [[590, 240], [590, 224], [100, 244], [1248, 104], [1904, 50], [1997, 110], [590, 257], [874, 183], [131, 52], [116, 140], [1204, 92], [1018, 117], [1101, 91], [1992, 146], [1212, 20], [1273, 42], [329, 225], [222, 284], [173, 275], [1154, 43], [479, 17], [1941, 172], [825, 26], [403, 219], [349, 223], [1243, 261], [63, 208], [1238, 281], [1996, 270], [1997, 107], [1420, 17], [326, 56], [1210, 290], [609, 272], [569, 273], [978, 62], [1079, 24], [1093, 284], [945, 281], [965, 267], [1309, 88], [297, 48], [1373, 97], [1629, 271], [666, 230], [158, 82], [1511, 12], [1285, 27], [1687, 229], [760, 43], [609, 211], [1983, 141], [1425, 114], [1344, 124], [1753, 44], [1754, 237], [1100, 89], [1989, 112], [1960, 210], [104, 55], [134, 37], [666, 272], [590, 241], [563, 172], [683, 104], [116, 298], [1196, 144], [1018, 183], [942, 211], [1687, 227], [598, 291], [47, 26], [742, 149], [1687, 228], [1686, 167], [1023, 143], [1145, 245], [1141, 35], [1929, 264], [1796, 298], [831, 282], [400, 91], [1992, 182], [590, 249], [195, 121], [1394, 21], [875, 220], [825, 131], [1284, 250], [1992, 178], [211, 142], [1060, 160], [1351, 283], [552, 35], [924, 82], [1650, 103], [658, 298], [1344, 202], [742, 181], [1292, 271]], "mean": 0.0001544952392578125}