{"vals": [0.08935546875, 0.061767578125, 0.050048828125, 0.02392578125, 0.0223388671875, 0.02197265625, 0.02197265625, 0.0194091796875, 0.0194091796875, 0.01904296875, 0.0184326171875, 0.018310546875, 0.0181884765625, 0.0172119140625, 0.01611328125, 0.0159912109375, 0.0155029296875, 0.014404296875, 0.01409912109375, 0.01409912109375, 0.01397705078125, 0.0135498046875, 0.0135498046875, 0.0126953125, 0.0125732421875, 0.01251220703125, 0.01239013671875, 0.01220703125, 0.0118408203125, 0.01177978515625, 0.01165771484375, 0.0113525390625, 0.0113525390625, 0.0111083984375, 0.0107421875, 0.0106201171875, 0.010498046875, 0.01043701171875, 0.01031494140625, 0.01025390625, 0.01019287109375, 0.01007080078125, 0.010009765625, 0.00994873046875, 0.00994873046875, 0.00982666015625, 0.009765625, 0.009765625, 0.00946044921875, 0.0091552734375, 0.00909423828125, 0.009033203125, 0.00897216796875, 0.00897216796875, 0.0087890625, 0.00872802734375, 0.00872802734375, 0.00872802734375, 0.00872802734375, 0.00860595703125, 0.008544921875, 0.00848388671875, 0.00836181640625, 0.00830078125, 0.00823974609375, 0.00823974609375, 0.0081787109375, 0.00811767578125, 0.00811767578125, 0.00799560546875, 0.00799560546875, 0.0079345703125, 0.0079345703125, 0.00775146484375, 0.007659912109375, 0.007659912109375, 0.007537841796875, 0.007537841796875, 0.00750732421875, 0.00750732421875, 0.007476806640625, 0.007476806640625, 0.007415771484375, 0.007232666015625, 0.00701904296875, 0.006988525390625, 0.0069580078125, 0.006927490234375, 0.006927490234375, 0.006927490234375, 0.00689697265625, 0.006805419921875, 0.006805419921875, 0.00677490234375, 0.006744384765625, 0.0067138671875, 0.006683349609375, 0.006683349609375, 0.006561279296875, 0.00653076171875], "inds": [[1517, 281], [70, 150], [778, 54], [386, 179], [1304, 161], [793, 263], [1266, 299], [1139, 37], [128, 250], [793, 258], [847, 289], [1208, 214], [1927, 26], [297, 48], [562, 264], [1606, 23], [958, 98], [1944, 113], [1147, 152], [22, 184], [84, 89], [106, 139], [1405, 177], [1466, 162], [571, 98], [282, 144], [1850, 145], [1047, 88], [1517, 280], [1792, 172], [840, 111], [1924, 31], [963, 258], [1422, 159], [1410, 172], [106, 140], [1771, 230], [1628, 239], [793, 262], [1368, 244], [1347, 27], [116, 175], [958, 94], [1996, 60], [1450, 35], [1286, 52], [464, 191], [1993, 62], [1392, 57], [1443, 56], [299, 295], [1481, 46], [1886, 53], [1410, 157], [591, 48], [70, 151], [14, 91], [1169, 19], [695, 92], [160, 132], [354, 28], [703, 158], [1531, 100], [793, 197], [793, 266], [1033, 48], [435, 195], [1473, 38], [1841, 192], [1238, 128], [195, 127], [1271, 96], [793, 257], [81, 137], [1210, 290], [289, 144], [419, 14], [544, 70], [1615, 154], [1238, 91], [793, 198], [1111, 91], [204, 116], [1682, 56], [552, 35], [128, 157], [453, 109], [1193, 88], [735, 184], [1993, 36], [1410, 175], [456, 132], [464, 194], [793, 265], [94, 55], [271, 247], [569, 200], [793, 187], [1517, 279], [1414, 288]], "mean": 8.96453857421875e-05}