{"vals": [0.041259765625, 0.035888671875, 0.03515625, 0.030517578125, 0.027099609375, 0.024169921875, 0.0230712890625, 0.02099609375, 0.0189208984375, 0.0185546875, 0.0174560546875, 0.01708984375, 0.0167236328125, 0.0157470703125, 0.01531982421875, 0.0152587890625, 0.0150146484375, 0.014404296875, 0.014404296875, 0.013671875, 0.0135498046875, 0.01275634765625, 0.01239013671875, 0.01214599609375, 0.01202392578125, 0.01165771484375, 0.011474609375, 0.01141357421875, 0.01123046875, 0.0108642578125, 0.0108642578125, 0.01025390625, 0.0101318359375, 0.010009765625, 0.009765625, 0.0096435546875, 0.00958251953125, 0.009521484375, 0.00933837890625, 0.00933837890625, 0.00921630859375, 0.0091552734375, 0.009033203125, 0.009033203125, 0.00897216796875, 0.0086669921875, 0.00860595703125, 0.0084228515625, 0.0084228515625, 0.00836181640625, 0.00836181640625, 0.00836181640625, 0.0081787109375, 0.00811767578125, 0.00811767578125, 0.00799560546875, 0.00799560546875, 0.00799560546875, 0.0079345703125, 0.00787353515625, 0.007781982421875, 0.007781982421875, 0.00775146484375, 0.007568359375, 0.00750732421875, 0.007476806640625, 0.00732421875, 0.00732421875, 0.007293701171875, 0.00726318359375, 0.00726318359375, 0.0072021484375, 0.006927490234375, 0.006927490234375, 0.006744384765625, 0.0067138671875, 0.006622314453125, 0.006622314453125, 0.006591796875, 0.006500244140625, 0.006500244140625, 0.0064697265625, 0.006439208984375, 0.006439208984375, 0.00640869140625, 0.00640869140625, 0.00640869140625, 0.00640869140625, 0.00640869140625, 0.006378173828125, 0.00634765625, 0.006317138671875, 0.006317138671875, 0.006256103515625, 0.00616455078125, 0.00616455078125, 0.006103515625, 0.006103515625, 0.006072998046875, 0.006072998046875], "inds": [[1541, 279], [1304, 161], [329, 225], [1180, 30], [469, 236], [1924, 270], [1984, 151], [729, 91], [591, 48], [1985, 127], [1259, 256], [1023, 275], [1885, 261], [1631, 291], [1902, 194], [1401, 183], [1038, 194], [223, 240], [1484, 182], [532, 150], [1414, 203], [946, 153], [1772, 114], [106, 140], [548, 58], [1401, 184], [1734, 235], [1180, 148], [1858, 111], [1772, 119], [643, 215], [156, 199], [1325, 290], [1854, 137], [428, 171], [1602, 272], [1827, 232], [354, 228], [1631, 262], [106, 137], [1162, 240], [402, 164], [905, 159], [751, 296], [1627, 206], [271, 188], [135, 36], [532, 152], [1985, 133], [1867, 130], [222, 239], [1405, 177], [1631, 261], [793, 158], [1741, 194], [1320, 74], [145, 275], [819, 250], [1000, 287], [984, 85], [946, 206], [223, 242], [742, 216], [643, 214], [280, 51], [1639, 146], [282, 144], [634, 240], [1242, 209], [919, 212], [752, 244], [160, 132], [1396, 184], [1056, 221], [289, 127], [937, 33], [1298, 29], [53, 147], [1681, 99], [904, 175], [1974, 234], [580, 189], [818, 201], [584, 93], [782, 232], [1518, 83], [1772, 121], [783, 212], [106, 139], [466, 267], [579, 157], [338, 289], [818, 163], [1506, 296], [1827, 231], [1347, 97], [27, 268], [785, 205], [819, 251], [421, 194]], "mean": 6.29425048828125e-05}