{"vals": [0.04345703125, 0.033203125, 0.03173828125, 0.0296630859375, 0.0244140625, 0.0244140625, 0.022216796875, 0.0216064453125, 0.021240234375, 0.021240234375, 0.0206298828125, 0.0205078125, 0.0201416015625, 0.02001953125, 0.018798828125, 0.018798828125, 0.0185546875, 0.018310546875, 0.0181884765625, 0.01806640625, 0.0174560546875, 0.0169677734375, 0.0166015625, 0.016357421875, 0.0159912109375, 0.0155029296875, 0.0152587890625, 0.01507568359375, 0.01483154296875, 0.01446533203125, 0.014404296875, 0.01409912109375, 0.0137939453125, 0.013671875, 0.01348876953125, 0.01336669921875, 0.01312255859375, 0.01300048828125, 0.012939453125, 0.01287841796875, 0.0128173828125, 0.01275634765625, 0.0126953125, 0.0125732421875, 0.0123291015625, 0.01226806640625, 0.01220703125, 0.01202392578125, 0.011962890625, 0.0118408203125, 0.0118408203125, 0.0118408203125, 0.01177978515625, 0.01177978515625, 0.01171875, 0.0115966796875, 0.0115966796875, 0.01153564453125, 0.01153564453125, 0.011474609375, 0.011474609375, 0.011474609375, 0.0113525390625, 0.01123046875, 0.01123046875, 0.010986328125, 0.01092529296875, 0.0107421875, 0.01068115234375, 0.0106201171875, 0.010498046875, 0.01043701171875, 0.01043701171875, 0.01031494140625, 0.01031494140625, 0.01025390625, 0.01025390625, 0.01019287109375, 0.0101318359375, 0.01007080078125, 0.01007080078125, 0.010009765625, 0.010009765625, 0.00982666015625, 0.00982666015625, 0.009765625, 0.009765625, 0.0096435546875, 0.00958251953125, 0.009521484375, 0.0093994140625, 0.0093994140625, 0.00927734375, 0.00921630859375, 0.0091552734375, 0.00909423828125, 0.00909423828125, 0.00909423828125, 0.009033203125, 0.009033203125], "inds": [[1410, 48], [1383, 55], [329, 225], [1571, 94], [689, 259], [647, 154], [1204, 92], [73, 216], [597, 50], [364, 50], [924, 82], [689, 257], [1823, 128], [1173, 258], [1904, 50], [1206, 25], [903, 35], [72, 265], [1127, 100], [1691, 130], [996, 43], [948, 121], [543, 196], [924, 81], [1918, 40], [1651, 35], [361, 224], [1297, 30], [968, 115], [1566, 37], [1299, 275], [1924, 298], [315, 129], [1097, 265], [1383, 49], [1494, 176], [499, 65], [470, 293], [1079, 24], [117, 44], [473, 129], [138, 89], [647, 250], [470, 274], [216, 195], [1097, 264], [610, 232], [1752, 39], [364, 293], [1902, 194], [891, 36], [149, 218], [1200, 291], [507, 119], [1832, 91], [760, 157], [658, 226], [545, 52], [1392, 23], [1334, 175], [271, 273], [1411, 177], [1947, 241], [1077, 18], [294, 94], [793, 194], [149, 131], [683, 104], [866, 119], [1494, 208], [1198, 56], [1989, 153], [1334, 170], [689, 261], [912, 64], [714, 237], [689, 256], [319, 93], [1299, 31], [386, 179], [27, 221], [1277, 261], [1909, 58], [1238, 129], [263, 158], [1378, 225], [1569, 59], [1128, 40], [1606, 64], [1904, 52], [274, 50], [645, 297], [377, 201], [710, 179], [543, 226], [1384, 184], [463, 126], [797, 35], [1679, 60], [971, 42]], "mean": 0.00022411346435546875}