{"vals": [0.0218505859375, 0.0179443359375, 0.016357421875, 0.01519775390625, 0.014892578125, 0.01422119140625, 0.01318359375, 0.01318359375, 0.0130615234375, 0.0123291015625, 0.01220703125, 0.0120849609375, 0.01202392578125, 0.01177978515625, 0.011474609375, 0.01141357421875, 0.01116943359375, 0.01104736328125, 0.01104736328125, 0.01080322265625, 0.0107421875, 0.01068115234375, 0.01055908203125, 0.0103759765625, 0.01007080078125, 0.00994873046875, 0.00982666015625, 0.00970458984375, 0.0096435546875, 0.00958251953125, 0.009521484375, 0.009033203125, 0.0087890625, 0.0087890625, 0.008544921875, 0.00848388671875, 0.0084228515625, 0.00823974609375, 0.00823974609375, 0.0081787109375, 0.0081787109375, 0.00811767578125, 0.00811767578125, 0.008056640625, 0.00799560546875, 0.00787353515625, 0.00787353515625, 0.0078125, 0.007781982421875, 0.007659912109375, 0.00762939453125, 0.007537841796875, 0.00750732421875, 0.00750732421875, 0.007476806640625, 0.0074462890625, 0.007415771484375, 0.007354736328125, 0.00732421875, 0.007293701171875, 0.007293701171875, 0.007293701171875, 0.007293701171875, 0.00726318359375, 0.007232666015625, 0.0072021484375, 0.0072021484375, 0.0072021484375, 0.007171630859375, 0.007171630859375, 0.00714111328125, 0.007049560546875, 0.007049560546875, 0.0069580078125, 0.006927490234375, 0.00689697265625, 0.00689697265625, 0.006866455078125, 0.006805419921875, 0.006805419921875, 0.006805419921875, 0.006744384765625, 0.006744384765625, 0.006744384765625, 0.006744384765625, 0.0067138671875, 0.00665283203125, 0.006591796875, 0.006591796875, 0.006591796875, 0.006591796875, 0.006561279296875, 0.006561279296875, 0.00653076171875, 0.006500244140625, 0.006500244140625, 0.006500244140625, 0.006500244140625, 0.0064697265625, 0.0064697265625], "inds": [[1795, 55], [967, 199], [974, 264], [1383, 49], [1725, 56], [1426, 81], [974, 251], [10, 162], [266, 103], [621, 203], [406, 260], [568, 119], [645, 194], [1742, 81], [1137, 115], [1273, 125], [1383, 50], [1071, 101], [880, 164], [1189, 59], [1453, 97], [1187, 128], [233, 149], [1320, 175], [1565, 200], [1859, 66], [24, 71], [233, 150], [1915, 140], [1256, 87], [1256, 81], [1187, 124], [974, 250], [649, 82], [1090, 79], [1937, 177], [1794, 185], [299, 282], [995, 264], [825, 180], [1740, 57], [1107, 101], [843, 107], [708, 105], [840, 170], [307, 171], [1338, 97], [329, 225], [1850, 194], [307, 170], [20, 58], [195, 157], [1273, 124], [1193, 100], [895, 236], [1847, 100], [14, 217], [1299, 31], [562, 264], [1176, 268], [1789, 273], [233, 153], [1725, 55], [1384, 199], [756, 258], [1328, 136], [1450, 239], [992, 69], [294, 189], [683, 121], [1061, 216], [443, 114], [869, 111], [275, 71], [1739, 125], [1345, 144], [415, 150], [1328, 135], [842, 127], [1424, 115], [840, 66], [257, 122], [119, 54], [903, 35], [1214, 89], [651, 232], [1789, 272], [1480, 147], [1993, 280], [477, 97], [968, 115], [1682, 58], [1348, 219], [1384, 202], [1137, 178], [1632, 179], [672, 109], [608, 249], [1493, 108], [1336, 29]], "mean": 0.0001392364501953125}