{"vals": [0.00982666015625, 0.0093994140625, 0.007720947265625, 0.007476806640625, 0.00714111328125, 0.006378173828125, 0.00628662109375, 0.0062255859375, 0.00604248046875, 0.006011962890625, 0.00531005859375, 0.00482177734375, 0.004425048828125, 0.00433349609375, 0.00433349609375, 0.0042724609375, 0.004241943359375, 0.004150390625, 0.004150390625, 0.004119873046875, 0.0040283203125, 0.003936767578125, 0.0038909912109375, 0.0037689208984375, 0.0036163330078125, 0.0036163330078125, 0.0035858154296875, 0.0034942626953125, 0.00341796875, 0.0033721923828125, 0.00335693359375, 0.0033111572265625, 0.0032806396484375, 0.0032501220703125, 0.0032196044921875, 0.003204345703125, 0.0031585693359375, 0.003143310546875, 0.00311279296875, 0.0030975341796875, 0.0030670166015625, 0.0030670166015625, 0.0030517578125, 0.0030364990234375, 0.003021240234375, 0.003021240234375, 0.0029754638671875, 0.002960205078125, 0.0029449462890625, 0.0029449462890625, 0.0029144287109375, 0.0029144287109375, 0.0028839111328125, 0.00286865234375, 0.00286865234375, 0.0028533935546875, 0.002838134765625, 0.002838134765625, 0.0028228759765625, 0.0028076171875, 0.0027923583984375, 0.002777099609375, 0.0027618408203125, 0.0027313232421875, 0.0027313232421875, 0.002685546875, 0.002655029296875, 0.0026397705078125, 0.0026397705078125, 0.0026397705078125, 0.00262451171875, 0.002593994140625, 0.0025787353515625, 0.0025482177734375, 0.002532958984375, 0.002532958984375, 0.002532958984375, 0.0025177001953125, 0.00250244140625, 0.00250244140625, 0.00250244140625, 0.00250244140625, 0.0024871826171875, 0.002471923828125, 0.002471923828125, 0.002471923828125, 0.0024566650390625, 0.0024566650390625, 0.00244140625, 0.00244140625, 0.00244140625, 0.0024261474609375, 0.0024261474609375, 0.0024261474609375, 0.0024261474609375, 0.0024261474609375, 0.0024261474609375, 0.002410888671875, 0.0023956298828125, 0.0023956298828125], "inds": [[1079, 24], [1859, 66], [1296, 26], [271, 244], [297, 11], [100, 244], [1721, 79], [679, 21], [1569, 146], [343, 61], [610, 146], [1173, 258], [343, 60], [1007, 41], [1032, 53], [1968, 161], [1618, 11], [95, 233], [277, 40], [1779, 81], [467, 150], [106, 121], [1717, 254], [235, 273], [1279, 76], [1710, 8], [202, 24], [167, 47], [1435, 40], [1686, 26], [657, 6], [714, 49], [913, 186], [1843, 78], [1713, 26], [60, 236], [1504, 165], [1427, 32], [773, 264], [347, 259], [967, 56], [355, 170], [1153, 82], [1189, 113], [312, 146], [112, 64], [1623, 94], [1681, 212], [408, 136], [789, 214], [1960, 14], [832, 32], [1117, 169], [1372, 70], [1638, 59], [1456, 284], [443, 144], [338, 23], [459, 19], [1452, 211], [1266, 299], [268, 72], [1449, 42], [1606, 249], [1303, 123], [1744, 33], [300, 200], [596, 192], [106, 117], [1099, 101], [1382, 143], [1638, 169], [190, 255], [44, 93], [822, 77], [1473, 114], [1920, 126], [257, 114], [909, 197], [1623, 93], [395, 191], [325, 37], [28, 21], [196, 129], [470, 142], [1078, 140], [1214, 227], [893, 277], [1369, 155], [822, 78], [1203, 248], [1978, 284], [1844, 192], [852, 231], [1150, 211], [990, 38], [134, 45], [255, 148], [645, 194], [22, 280]], "mean": 7.915496826171875e-05}