{"vals": [0.025146484375, 0.0185546875, 0.0174560546875, 0.0167236328125, 0.0157470703125, 0.0157470703125, 0.0150146484375, 0.01348876953125, 0.01348876953125, 0.012939453125, 0.0123291015625, 0.01220703125, 0.011962890625, 0.01129150390625, 0.01080322265625, 0.01043701171875, 0.01019287109375, 0.0101318359375, 0.01007080078125, 0.00970458984375, 0.0096435546875, 0.0096435546875, 0.0096435546875, 0.00946044921875, 0.00927734375, 0.00921630859375, 0.0091552734375, 0.009033203125, 0.009033203125, 0.0087890625, 0.00872802734375, 0.0086669921875, 0.00860595703125, 0.00848388671875, 0.0084228515625, 0.0084228515625, 0.00836181640625, 0.00836181640625, 0.0081787109375, 0.0081787109375, 0.008056640625, 0.00799560546875, 0.00799560546875, 0.0078125, 0.007720947265625, 0.0076904296875, 0.00762939453125, 0.007568359375, 0.007232666015625, 0.007171630859375, 0.007171630859375, 0.00714111328125, 0.006988525390625, 0.0069580078125, 0.0069580078125, 0.006744384765625, 0.00665283203125, 0.00665283203125, 0.006591796875, 0.006561279296875, 0.006500244140625, 0.006500244140625, 0.006439208984375, 0.00640869140625, 0.006134033203125, 0.006103515625, 0.006072998046875, 0.006072998046875, 0.006011962890625, 0.005950927734375, 0.005950927734375, 0.005859375, 0.005859375, 0.00579833984375, 0.00579833984375, 0.00579833984375, 0.0057373046875, 0.005706787109375, 0.005706787109375, 0.00567626953125, 0.00567626953125, 0.005615234375, 0.005615234375, 0.005615234375, 0.005615234375, 0.005584716796875, 0.005584716796875, 0.005523681640625, 0.005523681640625, 0.0054931640625, 0.005462646484375, 0.00543212890625, 0.00543212890625, 0.00543212890625, 0.00543212890625, 0.005401611328125, 0.005401611328125, 0.00537109375, 0.005340576171875, 0.005340576171875], "inds": [[891, 36], [996, 264], [1266, 299], [1047, 269], [1927, 268], [47, 26], [590, 224], [924, 82], [272, 21], [903, 35], [435, 195], [1950, 15], [1941, 172], [1324, 160], [731, 123], [1100, 190], [1665, 182], [1385, 11], [1547, 18], [1997, 107], [126, 29], [1361, 13], [1443, 44], [106, 23], [1079, 71], [289, 162], [1185, 52], [353, 21], [1729, 29], [1371, 131], [831, 38], [1344, 179], [175, 251], [630, 39], [1269, 20], [1581, 82], [1285, 27], [590, 240], [924, 81], [1773, 16], [1531, 226], [1092, 26], [354, 8], [1729, 30], [1095, 84], [1473, 193], [1631, 94], [1079, 24], [788, 84], [502, 66], [547, 52], [87, 36], [933, 22], [1392, 23], [1686, 12], [667, 204], [297, 148], [416, 135], [1354, 14], [1195, 150], [952, 170], [974, 264], [1055, 11], [585, 246], [610, 146], [1577, 11], [685, 23], [821, 126], [1607, 257], [352, 182], [1013, 14], [455, 75], [1774, 90], [1573, 78], [84, 235], [961, 131], [1823, 63], [992, 174], [1581, 84], [1600, 20], [1327, 188], [1189, 113], [882, 186], [272, 23], [1100, 186], [20, 74], [418, 192], [826, 224], [1139, 163], [329, 225], [990, 127], [645, 22], [760, 244], [411, 20], [1023, 113], [1640, 189], [1108, 128], [1729, 27], [581, 11], [705, 124]], "mean": 0.00014781951904296875}