{"vals": [0.0400390625, 0.0341796875, 0.033935546875, 0.031982421875, 0.02099609375, 0.0196533203125, 0.018798828125, 0.018798828125, 0.01806640625, 0.0166015625, 0.0166015625, 0.0164794921875, 0.016357421875, 0.015625, 0.0155029296875, 0.0150146484375, 0.01470947265625, 0.01434326171875, 0.0142822265625, 0.01409912109375, 0.013916015625, 0.013427734375, 0.01336669921875, 0.0133056640625, 0.0133056640625, 0.01312255859375, 0.0130615234375, 0.01300048828125, 0.01287841796875, 0.01220703125, 0.0120849609375, 0.0120849609375, 0.011962890625, 0.0118408203125, 0.0118408203125, 0.01177978515625, 0.011474609375, 0.011474609375, 0.0113525390625, 0.01129150390625, 0.01123046875, 0.01092529296875, 0.0108642578125, 0.01080322265625, 0.0107421875, 0.01068115234375, 0.010498046875, 0.01043701171875, 0.0103759765625, 0.01031494140625, 0.01025390625, 0.01007080078125, 0.00982666015625, 0.00982666015625, 0.00982666015625, 0.00982666015625, 0.00970458984375, 0.0096435546875, 0.00958251953125, 0.00958251953125, 0.00958251953125, 0.00958251953125, 0.009521484375, 0.0093994140625, 0.0093994140625, 0.0093994140625, 0.00933837890625, 0.00927734375, 0.00921630859375, 0.00921630859375, 0.00921630859375, 0.0091552734375, 0.00909423828125, 0.00909423828125, 0.00897216796875, 0.0089111328125, 0.00885009765625, 0.0087890625, 0.00872802734375, 0.0086669921875, 0.0086669921875, 0.00860595703125, 0.008544921875, 0.008544921875, 0.008544921875, 0.0084228515625, 0.0084228515625, 0.00836181640625, 0.00830078125, 0.00830078125, 0.00830078125, 0.0081787109375, 0.00811767578125, 0.00811767578125, 0.008056640625, 0.008056640625, 0.008056640625, 0.00799560546875, 0.0079345703125, 0.0079345703125], "inds": [[1154, 22], [1284, 116], [1382, 235], [679, 21], [1748, 232], [767, 29], [35, 83], [1462, 18], [1397, 23], [1904, 50], [1298, 216], [49, 22], [117, 22], [443, 17], [1000, 10], [772, 15], [1644, 12], [1145, 17], [1175, 72], [529, 14], [1577, 14], [1696, 14], [1642, 12], [1289, 16], [692, 12], [1574, 16], [444, 15], [532, 18], [404, 279], [1813, 98], [885, 16], [575, 55], [1811, 275], [501, 85], [1482, 15], [1064, 45], [616, 30], [684, 17], [1974, 35], [82, 20], [1392, 26], [559, 26], [1243, 71], [776, 13], [1311, 43], [974, 264], [1569, 225], [549, 60], [426, 33], [326, 17], [595, 48], [860, 15], [384, 28], [1273, 96], [1822, 191], [117, 23], [1550, 15], [1460, 86], [1977, 27], [301, 19], [847, 196], [1163, 17], [1293, 12], [1111, 23], [655, 14], [744, 166], [1392, 28], [699, 283], [274, 12], [1947, 27], [276, 12], [1051, 13], [1410, 48], [682, 27], [578, 45], [939, 19], [1506, 17], [858, 249], [1111, 91], [675, 15], [1397, 40], [390, 14], [134, 177], [1941, 244], [1284, 72], [902, 23], [1822, 192], [1963, 22], [1576, 18], [1791, 17], [1226, 40], [1906, 23], [104, 98], [1111, 90], [135, 18], [1963, 26], [181, 205], [1113, 15], [528, 134], [1713, 97]], "mean": 0.00010204315185546875}