{"vals": [0.03466796875, 0.033935546875, 0.03173828125, 0.0277099609375, 0.027587890625, 0.0262451171875, 0.0216064453125, 0.021484375, 0.0201416015625, 0.019775390625, 0.019287109375, 0.0191650390625, 0.0189208984375, 0.0181884765625, 0.0167236328125, 0.0152587890625, 0.014404296875, 0.01397705078125, 0.01318359375, 0.0128173828125, 0.0128173828125, 0.01239013671875, 0.01226806640625, 0.0115966796875, 0.01153564453125, 0.0111083984375, 0.010986328125, 0.01068115234375, 0.01055908203125, 0.01043701171875, 0.00994873046875, 0.00994873046875, 0.0098876953125, 0.0098876953125, 0.009765625, 0.00958251953125, 0.009521484375, 0.00927734375, 0.0091552734375, 0.00909423828125, 0.009033203125, 0.00897216796875, 0.00885009765625, 0.0086669921875, 0.00848388671875, 0.0084228515625, 0.00836181640625, 0.00823974609375, 0.00799560546875, 0.00787353515625, 0.00787353515625, 0.0078125, 0.0078125, 0.007781982421875, 0.00775146484375, 0.00775146484375, 0.0076904296875, 0.0076904296875, 0.007568359375, 0.00750732421875, 0.007171630859375, 0.00714111328125, 0.007049560546875, 0.00701904296875, 0.0069580078125, 0.0069580078125, 0.0069580078125, 0.0069580078125, 0.006866455078125, 0.0068359375, 0.0068359375, 0.0068359375, 0.0068359375, 0.006744384765625, 0.006683349609375, 0.00653076171875, 0.00616455078125, 0.006134033203125, 0.006134033203125, 0.006103515625, 0.006103515625, 0.00604248046875, 0.005950927734375, 0.005950927734375, 0.005950927734375, 0.00592041015625, 0.00592041015625, 0.005859375, 0.005859375, 0.005767822265625, 0.005767822265625, 0.005767822265625, 0.005767822265625, 0.0057373046875, 0.00567626953125, 0.00567626953125, 0.005523681640625, 0.005523681640625, 0.0054931640625, 0.0054931640625], "inds": [[1011, 229], [148, 77], [1265, 158], [952, 170], [17, 105], [1890, 264], [1938, 264], [216, 98], [307, 240], [459, 58], [1890, 210], [910, 293], [355, 113], [134, 177], [1920, 225], [1326, 142], [1772, 18], [274, 50], [496, 297], [1698, 288], [1273, 180], [1790, 216], [1847, 82], [972, 197], [813, 293], [1897, 135], [1943, 255], [1897, 134], [1859, 174], [1890, 238], [1188, 279], [1890, 251], [1188, 148], [1938, 216], [1092, 170], [316, 210], [1466, 271], [1908, 85], [493, 26], [1702, 283], [455, 182], [869, 111], [1334, 38], [1618, 185], [1902, 194], [402, 132], [1444, 59], [193, 106], [528, 173], [2, 78], [1774, 111], [1649, 34], [43, 122], [910, 250], [847, 290], [1303, 123], [386, 179], [57, 219], [1585, 181], [847, 213], [1101, 231], [963, 269], [1273, 254], [1944, 256], [845, 133], [134, 203], [609, 232], [134, 204], [398, 49], [1890, 276], [1173, 151], [1144, 81], [1806, 293], [1774, 122], [1558, 119], [869, 245], [289, 242], [307, 169], [294, 133], [358, 219], [1364, 262], [1208, 261], [1205, 265], [307, 218], [910, 280], [1296, 35], [1792, 247], [111, 168], [289, 217], [453, 106], [1542, 158], [1653, 79], [952, 147], [371, 219], [1055, 267], [1188, 129], [1847, 83], [111, 159], [1946, 141], [590, 150]], "mean": 2.7894973754882812e-05}