{"vals": [0.041015625, 0.0361328125, 0.03173828125, 0.031005859375, 0.02685546875, 0.0255126953125, 0.0250244140625, 0.0242919921875, 0.0240478515625, 0.0223388671875, 0.0213623046875, 0.0211181640625, 0.0211181640625, 0.02001953125, 0.0186767578125, 0.01806640625, 0.017822265625, 0.017578125, 0.017333984375, 0.017333984375, 0.016845703125, 0.016845703125, 0.0167236328125, 0.0166015625, 0.0164794921875, 0.0164794921875, 0.0157470703125, 0.0155029296875, 0.01519775390625, 0.0150146484375, 0.014892578125, 0.0146484375, 0.0145263671875, 0.01434326171875, 0.01416015625, 0.01409912109375, 0.01409912109375, 0.01385498046875, 0.01385498046875, 0.0137939453125, 0.01318359375, 0.01318359375, 0.01312255859375, 0.0130615234375, 0.01275634765625, 0.0126953125, 0.01263427734375, 0.01263427734375, 0.01263427734375, 0.0125732421875, 0.01220703125, 0.0120849609375, 0.0120849609375, 0.01202392578125, 0.01190185546875, 0.01177978515625, 0.01165771484375, 0.0115966796875, 0.01141357421875, 0.0113525390625, 0.01116943359375, 0.01116943359375, 0.01116943359375, 0.0111083984375, 0.010986328125, 0.010986328125, 0.010986328125, 0.010986328125, 0.01092529296875, 0.0108642578125, 0.0108642578125, 0.01080322265625, 0.01055908203125, 0.0103759765625, 0.01031494140625, 0.01031494140625, 0.01025390625, 0.01019287109375, 0.01007080078125, 0.0098876953125, 0.00982666015625, 0.00982666015625, 0.00970458984375, 0.0096435546875, 0.00958251953125, 0.009521484375, 0.00946044921875, 0.00927734375, 0.00927734375, 0.00927734375, 0.00921630859375, 0.00921630859375, 0.00921630859375, 0.0091552734375, 0.009033203125, 0.00897216796875, 0.0089111328125, 0.0089111328125, 0.0089111328125, 0.0089111328125], "inds": [[1902, 194], [355, 129], [134, 177], [1255, 38], [1773, 16], [522, 282], [788, 84], [355, 130], [134, 203], [1763, 219], [1313, 294], [355, 79], [978, 62], [1292, 271], [479, 25], [852, 231], [841, 30], [435, 187], [1752, 39], [1128, 212], [491, 15], [859, 213], [223, 240], [1679, 60], [1796, 38], [272, 21], [1076, 13], [470, 159], [731, 123], [1702, 283], [1738, 171], [1989, 34], [730, 276], [1303, 123], [602, 259], [1032, 49], [1566, 37], [916, 285], [948, 121], [421, 194], [400, 91], [590, 224], [1756, 72], [1748, 272], [1635, 236], [585, 24], [1088, 15], [1659, 18], [1385, 11], [996, 42], [1500, 60], [1996, 58], [1618, 221], [307, 218], [1460, 190], [867, 260], [1304, 161], [1091, 143], [849, 105], [869, 111], [369, 262], [1721, 77], [426, 161], [1787, 168], [691, 270], [1705, 128], [1665, 36], [406, 292], [818, 163], [123, 232], [1943, 261], [724, 169], [1459, 95], [404, 279], [1460, 141], [1650, 11], [355, 113], [135, 263], [451, 38], [1736, 272], [204, 83], [511, 148], [222, 32], [724, 22], [945, 200], [1111, 91], [758, 30], [859, 225], [903, 35], [891, 36], [1037, 125], [299, 238], [733, 226], [907, 270], [1499, 208], [1460, 63], [149, 270], [1908, 85], [750, 254], [1255, 28]], "mean": 0.0002651214599609375}