{"vals": [0.026611328125, 0.0206298828125, 0.0162353515625, 0.0140380859375, 0.01177978515625, 0.01171875, 0.0113525390625, 0.01129150390625, 0.0106201171875, 0.0103759765625, 0.01007080078125, 0.010009765625, 0.00933837890625, 0.00921630859375, 0.0089111328125, 0.0089111328125, 0.00872802734375, 0.00848388671875, 0.0084228515625, 0.00836181640625, 0.00830078125, 0.00830078125, 0.00830078125, 0.00823974609375, 0.00811767578125, 0.00787353515625, 0.0078125, 0.0078125, 0.00775146484375, 0.00762939453125, 0.007598876953125, 0.007568359375, 0.00750732421875, 0.007476806640625, 0.007232666015625, 0.007232666015625, 0.007232666015625, 0.007171630859375, 0.00714111328125, 0.007110595703125, 0.007110595703125, 0.00701904296875, 0.006988525390625, 0.0069580078125, 0.0069580078125, 0.0069580078125, 0.006927490234375, 0.006927490234375, 0.006866455078125, 0.0068359375, 0.006683349609375, 0.006683349609375, 0.006500244140625, 0.006500244140625, 0.0064697265625, 0.006439208984375, 0.006439208984375, 0.00640869140625, 0.00634765625, 0.00628662109375, 0.00628662109375, 0.00628662109375, 0.00628662109375, 0.006256103515625, 0.006256103515625, 0.006195068359375, 0.00616455078125, 0.00604248046875, 0.006011962890625, 0.00592041015625, 0.00592041015625, 0.005828857421875, 0.00579833984375, 0.00579833984375, 0.005767822265625, 0.005706787109375, 0.00567626953125, 0.00567626953125, 0.00567626953125, 0.005645751953125, 0.005584716796875, 0.00555419921875, 0.0054931640625, 0.005462646484375, 0.005462646484375, 0.00543212890625, 0.00543212890625, 0.00537109375, 0.005340576171875, 0.005340576171875, 0.005340576171875, 0.00531005859375, 0.005279541015625, 0.005279541015625, 0.005279541015625, 0.0052490234375, 0.005218505859375, 0.005218505859375, 0.00518798828125, 0.005157470703125], "inds": [[1567, 87], [202, 109], [867, 260], [1705, 118], [1545, 73], [1284, 223], [84, 89], [1725, 56], [1312, 192], [68, 99], [1686, 167], [562, 264], [1189, 59], [43, 131], [1064, 169], [1098, 31], [1668, 119], [271, 244], [1734, 235], [254, 233], [952, 175], [1582, 32], [300, 82], [329, 225], [818, 201], [1766, 66], [891, 201], [1938, 207], [1706, 80], [1705, 128], [862, 72], [134, 48], [1859, 66], [537, 78], [1227, 71], [866, 252], [788, 139], [977, 146], [1303, 123], [294, 95], [1128, 212], [1343, 87], [47, 119], [1371, 131], [57, 278], [1940, 90], [1725, 55], [1675, 249], [482, 56], [1158, 103], [1390, 184], [346, 53], [1938, 209], [984, 221], [1276, 233], [76, 89], [1894, 102], [1240, 175], [1531, 193], [1139, 37], [43, 124], [280, 51], [1495, 211], [113, 206], [1667, 205], [887, 74], [1211, 21], [416, 135], [948, 188], [1790, 216], [351, 81], [1353, 70], [113, 67], [1653, 216], [1407, 54], [1275, 195], [847, 290], [1351, 283], [5, 248], [430, 263], [34, 77], [1366, 134], [543, 196], [759, 215], [514, 233], [1013, 31], [1071, 101], [833, 31], [1745, 32], [1637, 254], [1916, 28], [1924, 298], [1390, 193], [1988, 135], [504, 136], [146, 241], [852, 231], [287, 40], [106, 140], [919, 212]], "mean": 0.00011205673217773438}