{"vals": [0.06201171875, 0.053466796875, 0.0439453125, 0.039306640625, 0.03173828125, 0.0308837890625, 0.0306396484375, 0.030517578125, 0.029541015625, 0.027587890625, 0.0230712890625, 0.02001953125, 0.0198974609375, 0.0185546875, 0.0181884765625, 0.01806640625, 0.01806640625, 0.016845703125, 0.016845703125, 0.0166015625, 0.01611328125, 0.015869140625, 0.0157470703125, 0.01495361328125, 0.01495361328125, 0.014892578125, 0.01483154296875, 0.01483154296875, 0.0146484375, 0.01416015625, 0.01416015625, 0.01416015625, 0.013916015625, 0.01385498046875, 0.01385498046875, 0.0137939453125, 0.01361083984375, 0.01348876953125, 0.01348876953125, 0.0133056640625, 0.01324462890625, 0.0130615234375, 0.01287841796875, 0.0126953125, 0.01239013671875, 0.01226806640625, 0.01220703125, 0.01214599609375, 0.01190185546875, 0.01190185546875, 0.0118408203125, 0.0118408203125, 0.01171875, 0.01165771484375, 0.01141357421875, 0.01141357421875, 0.01129150390625, 0.01129150390625, 0.010986328125, 0.01080322265625, 0.01068115234375, 0.0106201171875, 0.0106201171875, 0.01055908203125, 0.01043701171875, 0.01031494140625, 0.01031494140625, 0.01025390625, 0.01025390625, 0.01019287109375, 0.0101318359375, 0.01007080078125, 0.01007080078125, 0.01007080078125, 0.010009765625, 0.00982666015625, 0.009765625, 0.009765625, 0.009765625, 0.00970458984375, 0.00970458984375, 0.0096435546875, 0.009521484375, 0.00946044921875, 0.0093994140625, 0.00933837890625, 0.00927734375, 0.00927734375, 0.00921630859375, 0.0091552734375, 0.0091552734375, 0.009033203125, 0.009033203125, 0.009033203125, 0.00897216796875, 0.00897216796875, 0.0089111328125, 0.0089111328125, 0.00885009765625, 0.00885009765625], "inds": [[406, 260], [1566, 62], [1122, 64], [1400, 113], [971, 50], [1170, 31], [1286, 52], [386, 179], [365, 54], [1965, 58], [974, 264], [1993, 207], [1628, 11], [974, 251], [241, 195], [365, 56], [1400, 199], [528, 6], [1659, 18], [981, 179], [1655, 88], [1208, 214], [1456, 85], [532, 16], [235, 153], [158, 105], [1210, 263], [309, 98], [985, 258], [1400, 172], [1877, 232], [731, 123], [1659, 207], [1286, 83], [1840, 273], [1286, 84], [297, 11], [1335, 54], [291, 134], [974, 18], [1859, 221], [871, 10], [1188, 87], [1840, 103], [788, 227], [1400, 235], [1669, 143], [241, 57], [1122, 62], [1286, 128], [1130, 17], [365, 96], [974, 250], [1335, 52], [985, 33], [1659, 39], [355, 130], [865, 7], [891, 36], [1877, 126], [1202, 293], [528, 12], [1679, 60], [1659, 33], [971, 62], [556, 66], [1975, 158], [365, 25], [1227, 54], [1400, 18], [1659, 47], [1168, 84], [1840, 96], [1840, 113], [1659, 153], [981, 118], [241, 158], [1217, 72], [1822, 25], [1409, 14], [1830, 66], [1400, 174], [1877, 198], [1300, 35], [1208, 261], [1854, 64], [447, 44], [81, 137], [191, 253], [1965, 73], [1876, 235], [1874, 87], [1773, 16], [1335, 141], [1965, 46], [1400, 112], [486, 181], [1659, 203], [1877, 72], [1315, 102]], "mean": 0.00015926361083984375}