{"vals": [0.259765625, 0.111328125, 0.09033203125, 0.0849609375, 0.07958984375, 0.072265625, 0.0556640625, 0.053955078125, 0.03662109375, 0.035888671875, 0.032470703125, 0.032470703125, 0.0306396484375, 0.030029296875, 0.02880859375, 0.0286865234375, 0.0283203125, 0.028076171875, 0.0274658203125, 0.0272216796875, 0.0264892578125, 0.02587890625, 0.0255126953125, 0.0238037109375, 0.02294921875, 0.0228271484375, 0.0225830078125, 0.0224609375, 0.0224609375, 0.021728515625, 0.021240234375, 0.020751953125, 0.0206298828125, 0.0205078125, 0.0201416015625, 0.0186767578125, 0.0185546875, 0.018310546875, 0.0181884765625, 0.01708984375, 0.01708984375, 0.016845703125, 0.0167236328125, 0.0159912109375, 0.0159912109375, 0.0159912109375, 0.01556396484375, 0.0155029296875, 0.0152587890625, 0.0152587890625, 0.01513671875, 0.01507568359375, 0.01495361328125, 0.01483154296875, 0.0146484375, 0.0145263671875, 0.014404296875, 0.014404296875, 0.01434326171875, 0.01409912109375, 0.013916015625, 0.0135498046875, 0.0133056640625, 0.0130615234375, 0.012939453125, 0.01287841796875, 0.0126953125, 0.01263427734375, 0.0125732421875, 0.012451171875, 0.01220703125, 0.011962890625, 0.0118408203125, 0.01171875, 0.011474609375, 0.01123046875, 0.0111083984375, 0.01104736328125, 0.01104736328125, 0.010986328125, 0.0108642578125, 0.0108642578125, 0.01080322265625, 0.01080322265625, 0.0107421875, 0.0107421875, 0.01068115234375, 0.01068115234375, 0.01068115234375, 0.0106201171875, 0.010498046875, 0.0103759765625, 0.0103759765625, 0.0103759765625, 0.01031494140625, 0.01019287109375, 0.0101318359375, 0.0101318359375, 0.0101318359375, 0.01007080078125], "inds": [[721, 55], [721, 54], [721, 198], [1626, 149], [391, 276], [391, 135], [1926, 290], [1626, 35], [1626, 191], [815, 53], [391, 183], [242, 154], [391, 277], [391, 134], [721, 103], [1287, 105], [391, 58], [1926, 258], [355, 170], [1287, 104], [760, 220], [144, 211], [355, 169], [1548, 179], [721, 189], [1702, 53], [721, 68], [391, 193], [721, 101], [1826, 154], [1826, 80], [255, 182], [1926, 130], [255, 116], [1433, 296], [1600, 88], [486, 240], [721, 102], [935, 53], [1702, 52], [974, 60], [1626, 230], [1926, 193], [721, 67], [391, 233], [1365, 171], [1926, 129], [1287, 224], [1926, 289], [343, 193], [993, 293], [721, 146], [391, 256], [391, 93], [1433, 247], [1926, 257], [1610, 97], [659, 46], [242, 79], [1702, 55], [132, 97], [255, 117], [829, 34], [1926, 154], [1433, 173], [721, 114], [760, 247], [1626, 77], [1825, 86], [1600, 131], [815, 260], [721, 100], [721, 56], [520, 102], [1, 195], [829, 35], [1440, 107], [343, 287], [1901, 46], [1702, 54], [484, 187], [877, 172], [760, 246], [815, 54], [1400, 107], [788, 84], [520, 103], [1926, 192], [1377, 189], [1626, 43], [601, 47], [1626, 55], [905, 129], [1433, 297], [1300, 56], [1984, 83], [1036, 66], [960, 186], [255, 56], [935, 299]], "mean": 8.296966552734375e-05}