{"vals": [0.031982421875, 0.0169677734375, 0.01495361328125, 0.0115966796875, 0.0108642578125, 0.0101318359375, 0.01007080078125, 0.00970458984375, 0.00897216796875, 0.0087890625, 0.0081787109375, 0.008056640625, 0.00799560546875, 0.00775146484375, 0.0076904296875, 0.007568359375, 0.00750732421875, 0.007415771484375, 0.00732421875, 0.00732421875, 0.007171630859375, 0.0068359375, 0.00677490234375, 0.0067138671875, 0.00665283203125, 0.006500244140625, 0.0064697265625, 0.006439208984375, 0.0062255859375, 0.006195068359375, 0.0059814453125, 0.005950927734375, 0.00567626953125, 0.005645751953125, 0.005523681640625, 0.005462646484375, 0.00531005859375, 0.005279541015625, 0.005279541015625, 0.00506591796875, 0.004974365234375, 0.00494384765625, 0.004913330078125, 0.004913330078125, 0.004852294921875, 0.004791259765625, 0.0047607421875, 0.0047607421875, 0.004730224609375, 0.004730224609375, 0.004638671875, 0.004608154296875, 0.00457763671875, 0.0045166015625, 0.00445556640625, 0.00445556640625, 0.00445556640625, 0.004425048828125, 0.004425048828125, 0.00439453125, 0.004302978515625, 0.004241943359375, 0.00421142578125, 0.004180908203125, 0.004180908203125, 0.00408935546875, 0.004058837890625, 0.004058837890625, 0.004058837890625, 0.0040283203125, 0.0040283203125, 0.003997802734375, 0.003997802734375, 0.003997802734375, 0.00396728515625, 0.00396728515625, 0.003936767578125, 0.003936767578125, 0.003936767578125, 0.00390625, 0.0038909912109375, 0.00384521484375, 0.00384521484375, 0.00384521484375, 0.0038299560546875, 0.0038299560546875, 0.0038299560546875, 0.0038299560546875, 0.003814697265625, 0.003814697265625, 0.0037689208984375, 0.003753662109375, 0.003753662109375, 0.0037384033203125, 0.0037384033203125, 0.003692626953125, 0.003692626953125, 0.003662109375, 0.003662109375, 0.003662109375], "inds": [[971, 27], [1415, 70], [1389, 238], [684, 17], [1697, 195], [809, 11], [877, 48], [925, 26], [1397, 20], [971, 57], [1705, 118], [1095, 240], [881, 102], [968, 115], [644, 59], [634, 91], [858, 136], [1273, 96], [242, 141], [712, 250], [145, 97], [149, 270], [1725, 66], [1492, 60], [1269, 26], [1128, 212], [566, 23], [831, 282], [983, 181], [1269, 27], [1914, 209], [1414, 126], [701, 100], [1109, 179], [914, 181], [1410, 48], [1444, 132], [1, 17], [1102, 27], [516, 21], [622, 206], [1489, 54], [1523, 171], [50, 74], [744, 41], [173, 90], [1614, 264], [100, 244], [400, 209], [1707, 232], [1028, 282], [1154, 20], [66, 293], [979, 25], [1181, 274], [374, 162], [562, 264], [793, 125], [39, 100], [1412, 289], [444, 200], [1566, 96], [1614, 181], [201, 97], [1303, 123], [716, 246], [1791, 180], [1935, 58], [643, 151], [904, 16], [963, 101], [145, 96], [1211, 21], [1995, 34], [1705, 227], [476, 55], [978, 156], [776, 79], [651, 268], [576, 209], [839, 27], [342, 63], [679, 21], [199, 80], [819, 269], [1806, 174], [438, 141], [976, 175], [821, 22], [933, 90], [1189, 296], [1473, 38], [650, 163], [629, 130], [1170, 229], [816, 141], [879, 51], [1800, 22], [1869, 79], [1444, 226]], "mean": 0.00010347366333007812}