{"vals": [0.044921875, 0.039306640625, 0.01904296875, 0.015869140625, 0.01556396484375, 0.0115966796875, 0.0106201171875, 0.00970458984375, 0.00927734375, 0.00860595703125, 0.007598876953125, 0.007568359375, 0.007354736328125, 0.006805419921875, 0.006134033203125, 0.005950927734375, 0.005828857421875, 0.005767822265625, 0.0057373046875, 0.005615234375, 0.005584716796875, 0.005584716796875, 0.005584716796875, 0.00555419921875, 0.005462646484375, 0.005401611328125, 0.0052490234375, 0.00518798828125, 0.00518798828125, 0.005096435546875, 0.00506591796875, 0.0050048828125, 0.0050048828125, 0.00494384765625, 0.004791259765625, 0.0047607421875, 0.004547119140625, 0.00445556640625, 0.004425048828125, 0.004302978515625, 0.004302978515625, 0.004302978515625, 0.0042724609375, 0.0042724609375, 0.0042724609375, 0.004241943359375, 0.00421142578125, 0.004150390625, 0.004150390625, 0.004119873046875, 0.004058837890625, 0.004058837890625, 0.003997802734375, 0.003936767578125, 0.003936767578125, 0.00390625, 0.003814697265625, 0.0037841796875, 0.0037841796875, 0.0037841796875, 0.003753662109375, 0.003753662109375, 0.0037384033203125, 0.00372314453125, 0.00372314453125, 0.003692626953125, 0.0036773681640625, 0.003662109375, 0.00360107421875, 0.00360107421875, 0.0035858154296875, 0.003570556640625, 0.003570556640625, 0.0035552978515625, 0.0035247802734375, 0.0035247802734375, 0.003509521484375, 0.003509521484375, 0.00347900390625, 0.0034637451171875, 0.0034637451171875, 0.0034332275390625, 0.00341796875, 0.0034027099609375, 0.003387451171875, 0.0033721923828125, 0.00335693359375, 0.0033416748046875, 0.003326416015625, 0.0033111572265625, 0.0033111572265625, 0.0032806396484375, 0.003265380859375, 0.0032501220703125, 0.00323486328125, 0.0031890869140625, 0.0031890869140625, 0.0031890869140625, 0.003173828125, 0.003173828125], "inds": [[562, 264], [1266, 299], [1843, 62], [1874, 87], [1143, 109], [1902, 158], [325, 187], [1816, 244], [762, 31], [118, 16], [1300, 88], [386, 118], [439, 167], [1515, 49], [722, 196], [574, 14], [435, 195], [486, 127], [1392, 23], [299, 266], [1651, 35], [289, 242], [1092, 228], [455, 182], [1385, 238], [1055, 11], [782, 156], [195, 79], [443, 89], [1548, 70], [1816, 245], [1210, 290], [930, 192], [419, 14], [1385, 271], [1057, 119], [1902, 194], [1210, 294], [647, 272], [604, 221], [1064, 217], [1139, 47], [639, 35], [1385, 11], [1656, 292], [782, 166], [1273, 42], [1464, 138], [918, 14], [1016, 155], [693, 280], [491, 282], [408, 194], [444, 200], [293, 130], [19, 10], [972, 85], [1180, 148], [1038, 97], [1101, 174], [1038, 143], [401, 53], [912, 17], [439, 165], [333, 125], [1516, 235], [1708, 99], [938, 30], [1414, 126], [1238, 89], [325, 212], [1850, 283], [498, 282], [1862, 207], [408, 63], [185, 247], [702, 23], [759, 77], [762, 33], [967, 45], [1272, 297], [1582, 32], [590, 249], [69, 295], [50, 204], [1823, 40], [1364, 30], [1056, 89], [1117, 125], [3, 181], [1970, 93], [299, 265], [963, 258], [1097, 63], [428, 278], [1321, 238], [1437, 152], [1721, 228], [1805, 93], [1162, 28]], "mean": 5.412101745605469e-05}