{"vals": [0.060546875, 0.037109375, 0.033447265625, 0.024658203125, 0.0220947265625, 0.0181884765625, 0.0159912109375, 0.015869140625, 0.015869140625, 0.0152587890625, 0.0146484375, 0.01348876953125, 0.01336669921875, 0.012451171875, 0.01214599609375, 0.01202392578125, 0.0118408203125, 0.01153564453125, 0.01141357421875, 0.01141357421875, 0.0113525390625, 0.01129150390625, 0.01123046875, 0.01055908203125, 0.010498046875, 0.01019287109375, 0.0101318359375, 0.01007080078125, 0.0098876953125, 0.0098876953125, 0.00982666015625, 0.00958251953125, 0.00958251953125, 0.00933837890625, 0.00927734375, 0.00927734375, 0.0091552734375, 0.00909423828125, 0.009033203125, 0.0089111328125, 0.00885009765625, 0.00872802734375, 0.0086669921875, 0.00848388671875, 0.0084228515625, 0.00836181640625, 0.00811767578125, 0.00811767578125, 0.00787353515625, 0.00787353515625, 0.007781982421875, 0.007720947265625, 0.007720947265625, 0.0076904296875, 0.007537841796875, 0.00726318359375, 0.0072021484375, 0.007171630859375, 0.00714111328125, 0.00701904296875, 0.0069580078125, 0.0069580078125, 0.006927490234375, 0.006866455078125, 0.006866455078125, 0.006866455078125, 0.0067138671875, 0.006622314453125, 0.006591796875, 0.00653076171875, 0.00653076171875, 0.00653076171875, 0.00653076171875, 0.00653076171875, 0.006500244140625, 0.006439208984375, 0.006439208984375, 0.006378173828125, 0.006317138671875, 0.00628662109375, 0.006256103515625, 0.006195068359375, 0.00616455078125, 0.006103515625, 0.006103515625, 0.006072998046875, 0.00604248046875, 0.006011962890625, 0.006011962890625, 0.006011962890625, 0.006011962890625, 0.0059814453125, 0.005950927734375, 0.00592041015625, 0.005889892578125, 0.005889892578125, 0.005859375, 0.005828857421875, 0.00579833984375, 0.00579833984375], "inds": [[1410, 48], [1867, 189], [968, 115], [1272, 109], [1843, 62], [1500, 107], [186, 252], [184, 118], [149, 270], [1542, 31], [1055, 11], [1717, 254], [54, 116], [1680, 26], [971, 50], [1303, 123], [293, 86], [1160, 148], [264, 146], [1734, 31], [1856, 113], [881, 196], [1679, 60], [963, 28], [100, 244], [1215, 83], [1962, 242], [1347, 154], [862, 72], [945, 281], [1331, 272], [1254, 25], [436, 98], [530, 151], [419, 14], [86, 87], [651, 232], [955, 167], [1597, 154], [1109, 26], [402, 164], [191, 250], [1803, 217], [1881, 113], [945, 220], [1486, 123], [1500, 75], [905, 160], [1128, 212], [394, 176], [1157, 168], [333, 117], [1368, 150], [289, 51], [491, 282], [274, 225], [1047, 46], [818, 169], [894, 225], [630, 299], [916, 109], [371, 219], [642, 199], [1883, 119], [188, 257], [1486, 83], [53, 263], [630, 159], [1085, 237], [293, 87], [1538, 79], [318, 269], [651, 268], [241, 230], [498, 240], [361, 250], [1312, 230], [507, 296], [1022, 44], [1106, 187], [1521, 78], [528, 63], [293, 34], [1700, 176], [416, 284], [1389, 124], [811, 262], [1139, 163], [291, 197], [107, 243], [903, 64], [1294, 55], [293, 114], [387, 76], [1209, 68], [1106, 101], [1566, 25], [1129, 165], [1856, 184], [868, 159]], "mean": 8.058547973632812e-05}