{"vals": [0.0390625, 0.0228271484375, 0.0194091796875, 0.0169677734375, 0.01611328125, 0.01458740234375, 0.01397705078125, 0.01300048828125, 0.01214599609375, 0.010986328125, 0.01055908203125, 0.01055908203125, 0.009765625, 0.009521484375, 0.00946044921875, 0.00927734375, 0.0091552734375, 0.0086669921875, 0.00860595703125, 0.00787353515625, 0.0078125, 0.007781982421875, 0.00762939453125, 0.00750732421875, 0.006988525390625, 0.00689697265625, 0.006805419921875, 0.006805419921875, 0.006439208984375, 0.006378173828125, 0.006256103515625, 0.0062255859375, 0.006134033203125, 0.00604248046875, 0.005889892578125, 0.005767822265625, 0.0057373046875, 0.0057373046875, 0.005706787109375, 0.00567626953125, 0.00555419921875, 0.00555419921875, 0.0054931640625, 0.005462646484375, 0.005462646484375, 0.005462646484375, 0.005401611328125, 0.005340576171875, 0.005340576171875, 0.0052490234375, 0.0052490234375, 0.005218505859375, 0.00518798828125, 0.00518798828125, 0.005157470703125, 0.00494384765625, 0.004913330078125, 0.00482177734375, 0.004791259765625, 0.0047607421875, 0.00469970703125, 0.004669189453125, 0.004669189453125, 0.004638671875, 0.004638671875, 0.004608154296875, 0.004608154296875, 0.004608154296875, 0.004608154296875, 0.0045166015625, 0.0045166015625, 0.0045166015625, 0.004486083984375, 0.004486083984375, 0.004486083984375, 0.00445556640625, 0.00445556640625, 0.00445556640625, 0.004425048828125, 0.004425048828125, 0.00439453125, 0.004364013671875, 0.004364013671875, 0.00433349609375, 0.004302978515625, 0.004302978515625, 0.004302978515625, 0.004302978515625, 0.0042724609375, 0.004241943359375, 0.004241943359375, 0.004241943359375, 0.00421142578125, 0.00421142578125, 0.004180908203125, 0.004180908203125, 0.004150390625, 0.004150390625, 0.004119873046875, 0.00408935546875], "inds": [[1569, 197], [1973, 209], [543, 226], [548, 200], [1351, 158], [1253, 137], [77, 102], [1941, 172], [1847, 97], [1368, 150], [528, 169], [1600, 42], [444, 200], [1205, 254], [1569, 225], [307, 240], [1489, 95], [1485, 71], [852, 231], [1076, 176], [1947, 46], [1640, 248], [289, 127], [1097, 63], [1431, 74], [280, 51], [1938, 264], [543, 51], [1273, 46], [1843, 62], [1313, 294], [408, 29], [1605, 26], [419, 14], [1060, 190], [602, 179], [1679, 60], [43, 116], [1784, 46], [1822, 189], [1888, 66], [1968, 52], [1750, 156], [1238, 31], [454, 31], [1371, 131], [1069, 174], [1862, 207], [1811, 275], [1129, 28], [1938, 295], [654, 32], [1566, 37], [438, 27], [1269, 27], [1598, 114], [528, 173], [1220, 29], [1842, 293], [832, 275], [435, 194], [1427, 76], [1414, 203], [274, 50], [712, 218], [1312, 192], [1911, 62], [1923, 284], [1657, 188], [1261, 279], [1069, 270], [1028, 19], [427, 216], [1811, 286], [851, 120], [681, 282], [1300, 88], [1459, 276], [199, 42], [250, 16], [1856, 204], [1811, 287], [351, 268], [1558, 35], [1202, 293], [167, 33], [1384, 186], [1396, 34], [543, 288], [142, 288], [271, 279], [910, 280], [406, 257], [1428, 57], [1909, 107], [959, 35], [1243, 266], [1378, 244], [968, 115], [1208, 214]], "mean": 6.532669067382812e-05}