{"vals": [0.111328125, 0.02783203125, 0.0218505859375, 0.02099609375, 0.0206298828125, 0.0196533203125, 0.0194091796875, 0.017822265625, 0.0177001953125, 0.01611328125, 0.0157470703125, 0.015625, 0.01519775390625, 0.013427734375, 0.01318359375, 0.01312255859375, 0.0126953125, 0.010986328125, 0.010986328125, 0.0107421875, 0.01068115234375, 0.0106201171875, 0.0106201171875, 0.0106201171875, 0.0103759765625, 0.01031494140625, 0.01007080078125, 0.01007080078125, 0.010009765625, 0.010009765625, 0.0098876953125, 0.0098876953125, 0.009765625, 0.0096435546875, 0.0096435546875, 0.00958251953125, 0.00946044921875, 0.00933837890625, 0.00927734375, 0.00921630859375, 0.009033203125, 0.00885009765625, 0.00885009765625, 0.00860595703125, 0.008544921875, 0.0084228515625, 0.00836181640625, 0.00823974609375, 0.00823974609375, 0.0081787109375, 0.0081787109375, 0.00811767578125, 0.00811767578125, 0.00799560546875, 0.0079345703125, 0.00787353515625, 0.00787353515625, 0.007781982421875, 0.007781982421875, 0.0076904296875, 0.0076904296875, 0.00762939453125, 0.007598876953125, 0.007537841796875, 0.007476806640625, 0.007415771484375, 0.00738525390625, 0.0072021484375, 0.007171630859375, 0.006866455078125, 0.006744384765625, 0.006744384765625, 0.0067138671875, 0.006683349609375, 0.00665283203125, 0.00665283203125, 0.006500244140625, 0.006500244140625, 0.0064697265625, 0.0064697265625, 0.006439208984375, 0.00640869140625, 0.006378173828125, 0.00634765625, 0.006317138671875, 0.006317138671875, 0.006317138671875, 0.00628662109375, 0.006256103515625, 0.0062255859375, 0.0062255859375, 0.006195068359375, 0.006195068359375, 0.006134033203125, 0.00604248046875, 0.00604248046875, 0.005950927734375, 0.00592041015625, 0.005889892578125, 0.005889892578125], "inds": [[364, 254], [364, 252], [975, 87], [529, 205], [400, 91], [1016, 155], [678, 141], [1203, 248], [529, 202], [722, 196], [1927, 268], [311, 241], [930, 163], [138, 219], [751, 129], [1857, 126], [853, 209], [326, 92], [248, 214], [1134, 168], [1395, 140], [364, 250], [1213, 281], [907, 174], [930, 118], [531, 182], [930, 130], [590, 170], [1189, 296], [853, 184], [477, 178], [575, 143], [678, 125], [1088, 15], [930, 116], [865, 105], [1527, 117], [678, 128], [751, 122], [1209, 293], [608, 230], [491, 15], [1281, 193], [755, 192], [930, 127], [975, 121], [647, 243], [1010, 185], [580, 180], [1495, 184], [1367, 127], [1310, 213], [1189, 293], [587, 171], [1353, 129], [592, 258], [1636, 135], [364, 249], [282, 137], [397, 83], [230, 234], [930, 124], [477, 174], [975, 282], [477, 181], [992, 95], [1353, 135], [930, 111], [660, 154], [1347, 79], [238, 168], [1646, 277], [76, 128], [930, 125], [47, 165], [1455, 104], [416, 135], [930, 93], [529, 126], [580, 213], [1956, 203], [1428, 222], [118, 287], [89, 155], [930, 131], [1010, 219], [1426, 207], [1401, 117], [45, 294], [326, 74], [838, 242], [1213, 192], [1038, 211], [1385, 11], [933, 295], [929, 295], [93, 276], [1523, 171], [1428, 213], [930, 162]], "mean": 5.91278076171875e-05}