{"vals": [0.02587890625, 0.0247802734375, 0.0228271484375, 0.0206298828125, 0.0206298828125, 0.0196533203125, 0.0179443359375, 0.0157470703125, 0.01531982421875, 0.01519775390625, 0.014892578125, 0.0145263671875, 0.01416015625, 0.01385498046875, 0.01348876953125, 0.01324462890625, 0.01300048828125, 0.012939453125, 0.0126953125, 0.01263427734375, 0.0125732421875, 0.0125732421875, 0.0125732421875, 0.0120849609375, 0.0120849609375, 0.01202392578125, 0.01190185546875, 0.01190185546875, 0.01153564453125, 0.011474609375, 0.01129150390625, 0.01116943359375, 0.01080322265625, 0.0106201171875, 0.01055908203125, 0.01019287109375, 0.0098876953125, 0.00982666015625, 0.0093994140625, 0.00933837890625, 0.009033203125, 0.00897216796875, 0.00897216796875, 0.00885009765625, 0.0087890625, 0.0087890625, 0.0087890625, 0.00872802734375, 0.0086669921875, 0.008544921875, 0.008544921875, 0.00848388671875, 0.00848388671875, 0.00848388671875, 0.00848388671875, 0.00836181640625, 0.00830078125, 0.00830078125, 0.00823974609375, 0.0081787109375, 0.00799560546875, 0.00799560546875, 0.00799560546875, 0.0079345703125, 0.0079345703125, 0.00787353515625, 0.007720947265625, 0.0076904296875, 0.00762939453125, 0.00762939453125, 0.00762939453125, 0.007598876953125, 0.00750732421875, 0.007476806640625, 0.007415771484375, 0.00738525390625, 0.007354736328125, 0.00726318359375, 0.007232666015625, 0.007171630859375, 0.007171630859375, 0.007171630859375, 0.00714111328125, 0.00714111328125, 0.00714111328125, 0.007110595703125, 0.007080078125, 0.007049560546875, 0.007049560546875, 0.0069580078125, 0.0069580078125, 0.006866455078125, 0.0068359375, 0.0068359375, 0.0068359375, 0.00677490234375, 0.0067138671875, 0.006683349609375, 0.006622314453125, 0.006591796875], "inds": [[1173, 258], [1531, 226], [1558, 119], [903, 35], [1128, 212], [504, 75], [729, 299], [1770, 162], [1378, 244], [1774, 172], [215, 209], [319, 93], [1127, 212], [945, 281], [456, 95], [1768, 267], [1618, 221], [1095, 84], [231, 258], [289, 162], [491, 15], [626, 182], [472, 112], [1298, 135], [1495, 196], [1443, 56], [72, 164], [48, 212], [1890, 171], [543, 226], [355, 113], [1284, 116], [27, 161], [1985, 60], [1411, 234], [1090, 142], [294, 22], [478, 27], [1597, 154], [968, 115], [419, 148], [1380, 77], [1976, 276], [1910, 58], [696, 80], [1990, 54], [1749, 62], [585, 222], [841, 15], [1765, 231], [1421, 51], [112, 115], [1198, 263], [564, 262], [729, 219], [95, 15], [1756, 21], [783, 63], [923, 108], [1428, 222], [1666, 59], [134, 177], [1653, 15], [800, 34], [1564, 104], [426, 131], [1428, 230], [1039, 285], [1721, 121], [1103, 202], [294, 32], [1253, 95], [1874, 87], [1732, 74], [293, 57], [1335, 56], [1022, 44], [1287, 75], [816, 77], [454, 24], [153, 298], [1238, 24], [353, 185], [1423, 111], [398, 38], [1103, 231], [1634, 102], [342, 80], [891, 36], [1926, 262], [593, 31], [635, 96], [1535, 105], [978, 190], [338, 168], [5, 250], [646, 276], [1122, 265], [1557, 181], [482, 56]], "mean": 0.00014495849609375}