{"vals": [0.01470947265625, 0.01239013671875, 0.01220703125, 0.0115966796875, 0.0106201171875, 0.01031494140625, 0.01007080078125, 0.01007080078125, 0.0091552734375, 0.009033203125, 0.009033203125, 0.00885009765625, 0.00860595703125, 0.00848388671875, 0.00823974609375, 0.0081787109375, 0.00811767578125, 0.00799560546875, 0.00787353515625, 0.0078125, 0.0078125, 0.007568359375, 0.00738525390625, 0.007293701171875, 0.007049560546875, 0.00701904296875, 0.006927490234375, 0.0068359375, 0.006805419921875, 0.006744384765625, 0.00665283203125, 0.006591796875, 0.006561279296875, 0.006561279296875, 0.0064697265625, 0.006378173828125, 0.00628662109375, 0.006256103515625, 0.006256103515625, 0.0062255859375, 0.00616455078125, 0.006072998046875, 0.00604248046875, 0.006011962890625, 0.0059814453125, 0.00592041015625, 0.005889892578125, 0.005859375, 0.0057373046875, 0.0057373046875, 0.0057373046875, 0.005706787109375, 0.00567626953125, 0.005645751953125, 0.005645751953125, 0.005615234375, 0.005584716796875, 0.0054931640625, 0.00543212890625, 0.00537109375, 0.00531005859375, 0.005279541015625, 0.005279541015625, 0.0052490234375, 0.0052490234375, 0.0052490234375, 0.0052490234375, 0.0052490234375, 0.00518798828125, 0.005157470703125, 0.005126953125, 0.005126953125, 0.005096435546875, 0.005096435546875, 0.00506591796875, 0.005035400390625, 0.005035400390625, 0.004974365234375, 0.00494384765625, 0.00494384765625, 0.00494384765625, 0.004913330078125, 0.004913330078125, 0.0048828125, 0.0048828125, 0.004852294921875, 0.004852294921875, 0.00482177734375, 0.004791259765625, 0.0047607421875, 0.004730224609375, 0.00469970703125, 0.00469970703125, 0.004669189453125, 0.004638671875, 0.004638671875, 0.004638671875, 0.004608154296875, 0.004547119140625, 0.004547119140625], "inds": [[377, 220], [426, 123], [899, 17], [1121, 34], [488, 170], [1173, 258], [1947, 46], [586, 175], [299, 282], [623, 256], [1963, 22], [965, 138], [871, 75], [466, 93], [1712, 16], [797, 117], [370, 32], [767, 28], [281, 126], [1667, 40], [1998, 105], [165, 26], [1708, 224], [136, 298], [1328, 45], [421, 106], [1341, 83], [1634, 271], [1796, 247], [925, 26], [576, 276], [536, 197], [767, 29], [793, 158], [1725, 36], [1793, 41], [1966, 34], [1971, 44], [230, 17], [778, 28], [1160, 84], [148, 69], [72, 126], [1264, 95], [841, 32], [1200, 47], [580, 44], [1879, 25], [1027, 130], [152, 49], [1328, 66], [283, 22], [427, 211], [465, 105], [1748, 272], [1827, 39], [1701, 48], [767, 296], [1494, 50], [622, 289], [975, 55], [416, 135], [361, 224], [1535, 188], [767, 42], [1809, 22], [995, 52], [299, 281], [189, 56], [643, 39], [1134, 168], [596, 142], [1782, 76], [488, 197], [1202, 296], [1231, 26], [112, 64], [1971, 58], [1756, 72], [72, 235], [1041, 265], [281, 125], [1099, 53], [140, 57], [1447, 43], [1154, 22], [716, 252], [281, 171], [1086, 236], [1805, 25], [781, 30], [227, 36], [1302, 39], [1358, 61], [87, 202], [1992, 257], [28, 175], [1480, 44], [1369, 245], [925, 274]], "mean": 9.298324584960938e-05}