{"vals": [0.026123046875, 0.0234375, 0.018798828125, 0.0157470703125, 0.0137939453125, 0.01318359375, 0.0128173828125, 0.0107421875, 0.0084228515625, 0.007598876953125, 0.00701904296875, 0.006927490234375, 0.00640869140625, 0.005889892578125, 0.00579833984375, 0.00567626953125, 0.00537109375, 0.00518798828125, 0.00518798828125, 0.005157470703125, 0.005096435546875, 0.004974365234375, 0.00482177734375, 0.004791259765625, 0.004730224609375, 0.004608154296875, 0.004547119140625, 0.0045166015625, 0.004486083984375, 0.00445556640625, 0.00445556640625, 0.004425048828125, 0.00439453125, 0.004302978515625, 0.004241943359375, 0.00421142578125, 0.004180908203125, 0.004150390625, 0.004150390625, 0.004119873046875, 0.004119873046875, 0.004119873046875, 0.004058837890625, 0.004058837890625, 0.0040283203125, 0.0040283203125, 0.003997802734375, 0.00396728515625, 0.003936767578125, 0.003936767578125, 0.00390625, 0.0037689208984375, 0.003753662109375, 0.0037078857421875, 0.003692626953125, 0.0036773681640625, 0.0036773681640625, 0.0036468505859375, 0.0035247802734375, 0.003509521484375, 0.00347900390625, 0.00347900390625, 0.003448486328125, 0.00341796875, 0.0034027099609375, 0.003387451171875, 0.003387451171875, 0.003326416015625, 0.003326416015625, 0.003326416015625, 0.003265380859375, 0.003265380859375, 0.0032501220703125, 0.00323486328125, 0.00323486328125, 0.00323486328125, 0.0032196044921875, 0.0032196044921875, 0.0032196044921875, 0.003204345703125, 0.0031890869140625, 0.0031585693359375, 0.0031585693359375, 0.0031585693359375, 0.003143310546875, 0.003143310546875, 0.0030975341796875, 0.0030975341796875, 0.003082275390625, 0.003082275390625, 0.0030517578125, 0.0030364990234375, 0.003021240234375, 0.0030059814453125, 0.002960205078125, 0.002960205078125, 0.002960205078125, 0.0029296875, 0.0029144287109375, 0.0028839111328125], "inds": [[1444, 59], [1351, 158], [1220, 142], [307, 167], [1655, 52], [1120, 110], [1432, 245], [941, 55], [1134, 168], [1743, 127], [1784, 46], [330, 165], [170, 171], [1743, 133], [537, 146], [416, 95], [70, 47], [1815, 34], [327, 149], [29, 63], [765, 197], [1333, 113], [241, 57], [1402, 116], [1076, 220], [54, 130], [1492, 101], [1135, 153], [1973, 209], [818, 163], [1765, 94], [554, 185], [677, 66], [416, 135], [37, 108], [1185, 288], [1666, 283], [1594, 28], [1253, 137], [1925, 94], [171, 86], [43, 118], [1615, 138], [992, 95], [1071, 28], [919, 212], [72, 124], [1465, 100], [1117, 187], [1843, 62], [1155, 157], [52, 177], [872, 235], [281, 105], [1581, 141], [943, 139], [1432, 205], [1876, 146], [1792, 84], [1123, 33], [610, 159], [1015, 108], [1962, 142], [1200, 98], [1757, 157], [99, 102], [1135, 148], [989, 95], [801, 106], [1432, 176], [250, 85], [1983, 149], [554, 187], [685, 23], [1076, 13], [1488, 172], [1853, 61], [46, 154], [1784, 72], [613, 52], [1880, 96], [1918, 40], [1666, 61], [42, 151], [1336, 72], [992, 102], [293, 114], [588, 220], [756, 97], [419, 40], [1242, 197], [1780, 54], [63, 64], [1815, 21], [1907, 110], [1571, 112], [1483, 234], [708, 99], [1383, 52], [1594, 33]], "mean": 6.341934204101562e-05}