{"vals": [0.055419921875, 0.0458984375, 0.02197265625, 0.0201416015625, 0.01708984375, 0.0159912109375, 0.013916015625, 0.0130615234375, 0.01220703125, 0.01214599609375, 0.01171875, 0.01165771484375, 0.0115966796875, 0.01153564453125, 0.011474609375, 0.01141357421875, 0.01123046875, 0.0108642578125, 0.01055908203125, 0.010498046875, 0.0103759765625, 0.01025390625, 0.0101318359375, 0.010009765625, 0.00994873046875, 0.0098876953125, 0.009765625, 0.009765625, 0.009521484375, 0.0093994140625, 0.0093994140625, 0.00927734375, 0.00921630859375, 0.0091552734375, 0.00909423828125, 0.00909423828125, 0.00897216796875, 0.00897216796875, 0.00885009765625, 0.00885009765625, 0.0087890625, 0.0087890625, 0.0087890625, 0.0086669921875, 0.0086669921875, 0.00860595703125, 0.00848388671875, 0.00848388671875, 0.0084228515625, 0.0084228515625, 0.00836181640625, 0.00836181640625, 0.00836181640625, 0.00836181640625, 0.00830078125, 0.00823974609375, 0.00823974609375, 0.0081787109375, 0.0081787109375, 0.008056640625, 0.008056640625, 0.00799560546875, 0.00799560546875, 0.00799560546875, 0.0079345703125, 0.0079345703125, 0.0079345703125, 0.007781982421875, 0.00775146484375, 0.007720947265625, 0.007720947265625, 0.0076904296875, 0.007659912109375, 0.007598876953125, 0.007598876953125, 0.00750732421875, 0.0074462890625, 0.0074462890625, 0.007354736328125, 0.007293701171875, 0.00726318359375, 0.00726318359375, 0.007232666015625, 0.0072021484375, 0.0072021484375, 0.0072021484375, 0.00714111328125, 0.007080078125, 0.007080078125, 0.006866455078125, 0.006866455078125, 0.006805419921875, 0.006805419921875, 0.00677490234375, 0.006744384765625, 0.0067138671875, 0.00665283203125, 0.006622314453125, 0.006591796875, 0.006561279296875], "inds": [[1201, 28], [967, 56], [80, 82], [1266, 299], [231, 22], [1270, 249], [1210, 294], [543, 51], [721, 189], [948, 270], [1097, 63], [1590, 32], [590, 240], [955, 117], [590, 249], [213, 18], [832, 36], [1835, 60], [65, 91], [783, 19], [83, 72], [271, 282], [294, 70], [1227, 51], [803, 33], [202, 165], [982, 41], [195, 127], [1699, 185], [711, 106], [391, 70], [1298, 135], [1779, 63], [1261, 283], [597, 275], [1273, 121], [1747, 46], [971, 17], [1569, 92], [1566, 37], [1132, 164], [1227, 71], [1324, 242], [1949, 65], [155, 49], [233, 50], [552, 35], [1324, 231], [1273, 120], [475, 14], [1314, 66], [1672, 14], [1063, 18], [1303, 123], [1617, 283], [963, 101], [852, 231], [455, 182], [1872, 24], [1213, 38], [1847, 92], [232, 271], [1428, 157], [793, 123], [1747, 38], [35, 114], [247, 74], [408, 63], [1139, 53], [1128, 212], [616, 40], [905, 291], [498, 47], [1287, 245], [716, 163], [80, 48], [1271, 44], [1868, 169], [948, 147], [1993, 62], [294, 22], [293, 284], [1265, 158], [1621, 37], [479, 204], [1408, 208], [1296, 26], [971, 27], [943, 47], [1517, 144], [1710, 47], [967, 78], [1210, 290], [848, 91], [971, 57], [992, 152], [212, 229], [1494, 191], [1989, 287], [475, 13]], "mean": 7.772445678710938e-05}