{"vals": [0.04931640625, 0.03759765625, 0.03662109375, 0.034423828125, 0.031982421875, 0.02392578125, 0.02294921875, 0.0205078125, 0.020263671875, 0.0198974609375, 0.018798828125, 0.0185546875, 0.01806640625, 0.0159912109375, 0.0159912109375, 0.0157470703125, 0.01556396484375, 0.015380859375, 0.01519775390625, 0.01513671875, 0.01495361328125, 0.014892578125, 0.0146484375, 0.01458740234375, 0.01446533203125, 0.014404296875, 0.0140380859375, 0.0140380859375, 0.0135498046875, 0.0133056640625, 0.01300048828125, 0.0128173828125, 0.0126953125, 0.01263427734375, 0.01239013671875, 0.01239013671875, 0.01226806640625, 0.01220703125, 0.0120849609375, 0.0118408203125, 0.01177978515625, 0.01171875, 0.01165771484375, 0.01165771484375, 0.01141357421875, 0.01129150390625, 0.01123046875, 0.01092529296875, 0.0107421875, 0.0107421875, 0.01055908203125, 0.01043701171875, 0.01043701171875, 0.01019287109375, 0.01007080078125, 0.0096435546875, 0.0096435546875, 0.0096435546875, 0.009521484375, 0.00921630859375, 0.00921630859375, 0.00921630859375, 0.0091552734375, 0.0091552734375, 0.009033203125, 0.00897216796875, 0.00897216796875, 0.0089111328125, 0.0089111328125, 0.0089111328125, 0.00885009765625, 0.0087890625, 0.0087890625, 0.00872802734375, 0.00872802734375, 0.0086669921875, 0.00860595703125, 0.00860595703125, 0.00860595703125, 0.008544921875, 0.008544921875, 0.00848388671875, 0.00848388671875, 0.0084228515625, 0.0084228515625, 0.0084228515625, 0.00830078125, 0.00830078125, 0.00830078125, 0.00830078125, 0.0081787109375, 0.0081787109375, 0.00811767578125, 0.00811767578125, 0.00811767578125, 0.008056640625, 0.008056640625, 0.008056640625, 0.008056640625, 0.008056640625], "inds": [[1227, 51], [645, 194], [491, 15], [1650, 11], [406, 257], [106, 117], [1076, 13], [645, 297], [689, 28], [921, 166], [758, 16], [223, 178], [1103, 246], [1028, 282], [1686, 152], [282, 50], [528, 169], [1585, 14], [490, 144], [874, 15], [231, 28], [1859, 66], [1715, 18], [967, 56], [74, 66], [106, 121], [1849, 11], [294, 153], [1268, 20], [33, 250], [533, 18], [1000, 28], [527, 16], [140, 25], [679, 21], [20, 67], [31, 35], [40, 172], [918, 14], [95, 26], [1787, 56], [181, 39], [1327, 199], [397, 43], [1077, 18], [797, 78], [1248, 17], [610, 253], [1549, 25], [1735, 128], [1134, 168], [167, 197], [1773, 16], [934, 47], [1394, 21], [1614, 197], [1973, 61], [968, 157], [516, 21], [329, 225], [1174, 85], [1202, 254], [230, 17], [869, 77], [855, 119], [594, 36], [1489, 95], [1365, 265], [1568, 49], [47, 26], [1342, 17], [855, 141], [149, 147], [326, 27], [1277, 261], [880, 182], [156, 62], [532, 65], [1174, 47], [435, 91], [1988, 61], [1932, 117], [1292, 121], [700, 108], [1074, 253], [40, 208], [1559, 19], [888, 100], [1386, 63], [849, 21], [1923, 53], [1843, 62], [1114, 221], [525, 27], [1357, 29], [450, 10], [1770, 54], [1700, 153], [1806, 7], [418, 103]], "mean": 0.0002002716064453125}