{"vals": [0.052734375, 0.03173828125, 0.0267333984375, 0.0252685546875, 0.02294921875, 0.0228271484375, 0.0213623046875, 0.0211181640625, 0.01953125, 0.0167236328125, 0.0162353515625, 0.01519775390625, 0.0146484375, 0.01416015625, 0.013427734375, 0.01324462890625, 0.01287841796875, 0.01275634765625, 0.01239013671875, 0.0120849609375, 0.01123046875, 0.01104736328125, 0.010986328125, 0.01043701171875, 0.01025390625, 0.0098876953125, 0.0096435546875, 0.00946044921875, 0.00921630859375, 0.00921630859375, 0.009033203125, 0.0089111328125, 0.008544921875, 0.008544921875, 0.0084228515625, 0.00830078125, 0.00830078125, 0.0081787109375, 0.0081787109375, 0.00811767578125, 0.00799560546875, 0.00787353515625, 0.00775146484375, 0.00775146484375, 0.00762939453125, 0.00762939453125, 0.007537841796875, 0.007537841796875, 0.007537841796875, 0.00750732421875, 0.007415771484375, 0.007415771484375, 0.007415771484375, 0.007293701171875, 0.007293701171875, 0.007232666015625, 0.007110595703125, 0.007110595703125, 0.007080078125, 0.007049560546875, 0.00701904296875, 0.0069580078125, 0.00689697265625, 0.006866455078125, 0.006805419921875, 0.006805419921875, 0.006744384765625, 0.006683349609375, 0.006591796875, 0.00653076171875, 0.006500244140625, 0.006439208984375, 0.006439208984375, 0.006378173828125, 0.00628662109375, 0.006256103515625, 0.006195068359375, 0.006134033203125, 0.006134033203125, 0.006103515625, 0.00604248046875, 0.00604248046875, 0.00604248046875, 0.006011962890625, 0.006011962890625, 0.0059814453125, 0.005950927734375, 0.00592041015625, 0.005859375, 0.005828857421875, 0.005828857421875, 0.005767822265625, 0.005767822265625, 0.005767822265625, 0.005767822265625, 0.0057373046875, 0.005706787109375, 0.005706787109375, 0.00567626953125, 0.005645751953125], "inds": [[1843, 62], [1227, 51], [39, 16], [725, 21], [1267, 156], [650, 163], [88, 10], [1076, 13], [1566, 37], [160, 45], [1653, 15], [1312, 192], [1019, 27], [1510, 110], [574, 25], [1385, 11], [491, 15], [128, 250], [835, 17], [827, 95], [1989, 287], [72, 183], [293, 87], [1147, 59], [745, 236], [1969, 28], [1083, 13], [528, 172], [1568, 12], [1605, 24], [891, 201], [971, 50], [1059, 17], [858, 19], [555, 10], [1265, 185], [1059, 94], [1777, 16], [1585, 14], [962, 18], [281, 180], [1320, 57], [731, 19], [1032, 49], [1205, 252], [113, 67], [56, 17], [968, 122], [1130, 22], [1769, 45], [1361, 13], [1055, 11], [113, 247], [1964, 23], [1631, 72], [605, 21], [482, 35], [1013, 14], [373, 44], [714, 237], [1253, 117], [867, 260], [722, 61], [1248, 17], [1106, 49], [1619, 93], [1985, 54], [1299, 51], [963, 125], [1211, 21], [1741, 211], [818, 163], [1327, 74], [1906, 106], [37, 93], [528, 169], [1930, 142], [967, 56], [727, 26], [907, 195], [869, 77], [1470, 230], [1369, 27], [548, 58], [1282, 63], [187, 13], [647, 17], [1490, 51], [1476, 98], [531, 17], [1056, 50], [11, 14], [1531, 133], [1716, 16], [1509, 10], [189, 26], [1290, 20], [374, 84], [1057, 16], [1911, 181]], "mean": 0.00018215179443359375}