{"vals": [0.0869140625, 0.08642578125, 0.083984375, 0.0830078125, 0.0732421875, 0.06884765625, 0.0615234375, 0.05712890625, 0.055419921875, 0.052490234375, 0.05126953125, 0.05029296875, 0.0478515625, 0.047119140625, 0.046630859375, 0.046142578125, 0.04443359375, 0.04345703125, 0.03857421875, 0.037353515625, 0.036376953125, 0.036376953125, 0.03466796875, 0.034423828125, 0.0341796875, 0.033203125, 0.03125, 0.0306396484375, 0.0306396484375, 0.0303955078125, 0.0302734375, 0.0296630859375, 0.0294189453125, 0.029052734375, 0.0289306640625, 0.02880859375, 0.0284423828125, 0.028076171875, 0.0279541015625, 0.02783203125, 0.0274658203125, 0.0269775390625, 0.02685546875, 0.0267333984375, 0.0267333984375, 0.0264892578125, 0.0263671875, 0.0263671875, 0.0263671875, 0.026123046875, 0.02587890625, 0.0255126953125, 0.025390625, 0.0252685546875, 0.0250244140625, 0.0250244140625, 0.0245361328125, 0.0242919921875, 0.0240478515625, 0.02392578125, 0.02392578125, 0.023681640625, 0.0235595703125, 0.0235595703125, 0.0234375, 0.0233154296875, 0.023193359375, 0.02294921875, 0.0223388671875, 0.022216796875, 0.022216796875, 0.02197265625, 0.02197265625, 0.02197265625, 0.0218505859375, 0.0218505859375, 0.021728515625, 0.021728515625, 0.021728515625, 0.021728515625, 0.0216064453125, 0.0216064453125, 0.0216064453125, 0.0216064453125, 0.0216064453125, 0.0216064453125, 0.0213623046875, 0.0213623046875, 0.0211181640625, 0.02099609375, 0.02099609375, 0.02099609375, 0.0208740234375, 0.020751953125, 0.020751953125, 0.0206298828125, 0.0205078125, 0.0203857421875, 0.0203857421875, 0.020263671875], "inds": [[1212, 83], [1650, 11], [1394, 21], [1076, 13], [43, 118], [1939, 269], [152, 104], [731, 13], [1361, 213], [1769, 45], [454, 121], [679, 21], [1697, 94], [1619, 93], [1585, 14], [1814, 18], [918, 14], [1568, 165], [689, 28], [106, 193], [95, 26], [1991, 102], [1194, 290], [288, 77], [1292, 121], [1725, 66], [1067, 43], [152, 98], [956, 11], [1077, 18], [1147, 59], [1960, 87], [525, 27], [562, 51], [849, 21], [725, 21], [1653, 15], [515, 54], [522, 165], [855, 263], [39, 16], [1361, 210], [871, 75], [491, 15], [491, 246], [215, 74], [645, 297], [1651, 35], [1007, 54], [1648, 60], [744, 53], [1031, 80], [230, 17], [453, 256], [1466, 79], [1892, 78], [1365, 14], [133, 12], [476, 143], [1615, 154], [1531, 226], [1607, 31], [1950, 15], [95, 102], [511, 165], [1194, 291], [1292, 271], [1635, 94], [1172, 18], [560, 58], [1490, 51], [106, 140], [121, 81], [1227, 71], [358, 124], [983, 122], [206, 252], [282, 16], [800, 235], [1561, 61], [1385, 8], [971, 102], [421, 41], [1031, 66], [1495, 245], [1081, 83], [135, 15], [1534, 58], [492, 13], [1842, 34], [647, 115], [1320, 124], [1215, 82], [302, 64], [1523, 175], [731, 19], [522, 54], [345, 25], [1036, 60], [1681, 65]], "mean": 0.0005950927734375}