{"vals": [0.031494140625, 0.0185546875, 0.01806640625, 0.0179443359375, 0.016845703125, 0.0166015625, 0.0157470703125, 0.0152587890625, 0.01519775390625, 0.01470947265625, 0.0146484375, 0.0146484375, 0.01409912109375, 0.0135498046875, 0.01348876953125, 0.01336669921875, 0.0133056640625, 0.01312255859375, 0.01287841796875, 0.0128173828125, 0.0126953125, 0.01251220703125, 0.01214599609375, 0.01202392578125, 0.01177978515625, 0.011474609375, 0.0113525390625, 0.0113525390625, 0.01129150390625, 0.01123046875, 0.01123046875, 0.010986328125, 0.01080322265625, 0.0107421875, 0.0107421875, 0.0106201171875, 0.010498046875, 0.010498046875, 0.01025390625, 0.00982666015625, 0.0096435546875, 0.00933837890625, 0.00933837890625, 0.00921630859375, 0.00921630859375, 0.00921630859375, 0.0091552734375, 0.00909423828125, 0.009033203125, 0.009033203125, 0.00885009765625, 0.00885009765625, 0.00872802734375, 0.0086669921875, 0.0086669921875, 0.00860595703125, 0.00860595703125, 0.00860595703125, 0.008544921875, 0.008544921875, 0.008544921875, 0.008544921875, 0.00848388671875, 0.00848388671875, 0.00848388671875, 0.00848388671875, 0.0084228515625, 0.0084228515625, 0.00836181640625, 0.00836181640625, 0.00830078125, 0.00830078125, 0.00830078125, 0.00823974609375, 0.00823974609375, 0.00823974609375, 0.0081787109375, 0.00811767578125, 0.00811767578125, 0.00811767578125, 0.008056640625, 0.008056640625, 0.00799560546875, 0.00799560546875, 0.0079345703125, 0.00787353515625, 0.00787353515625, 0.0078125, 0.0078125, 0.007781982421875, 0.007781982421875, 0.007781982421875, 0.007781982421875, 0.007720947265625, 0.007720947265625, 0.007720947265625, 0.0076904296875, 0.0076904296875, 0.0076904296875, 0.007598876953125], "inds": [[1284, 116], [35, 89], [1141, 227], [307, 167], [1464, 170], [1566, 37], [595, 233], [1106, 49], [1530, 65], [1780, 31], [1253, 43], [1679, 60], [543, 51], [1301, 176], [626, 44], [256, 43], [1515, 49], [1273, 96], [1173, 258], [181, 52], [1301, 170], [1210, 290], [398, 38], [1526, 49], [1569, 166], [1065, 21], [1069, 125], [435, 202], [832, 36], [1019, 162], [479, 204], [1904, 50], [1177, 183], [1097, 285], [145, 81], [1494, 36], [1128, 63], [1456, 64], [815, 12], [1859, 66], [426, 161], [1614, 264], [783, 19], [84, 89], [1327, 273], [1378, 244], [1362, 79], [1901, 121], [174, 48], [1133, 170], [1242, 45], [456, 95], [590, 240], [1324, 71], [1553, 77], [1535, 105], [930, 29], [1313, 271], [1698, 45], [1032, 51], [95, 98], [1811, 287], [126, 68], [1101, 198], [500, 104], [1462, 63], [1811, 275], [1509, 55], [1260, 26], [1946, 242], [543, 286], [294, 140], [384, 291], [880, 244], [886, 46], [1103, 256], [1832, 74], [754, 194], [174, 47], [1129, 28], [1451, 20], [1051, 13], [471, 38], [265, 18], [1384, 256], [967, 61], [1991, 62], [160, 45], [971, 27], [1747, 95], [938, 45], [463, 244], [28, 227], [831, 151], [1469, 16], [603, 126], [712, 218], [1811, 286], [1309, 54], [855, 119]], "mean": 0.000133514404296875}