{"vals": [0.019775390625, 0.0128173828125, 0.0126953125, 0.01263427734375, 0.012451171875, 0.011474609375, 0.01055908203125, 0.0101318359375, 0.010009765625, 0.009765625, 0.0091552734375, 0.0087890625, 0.00872802734375, 0.0086669921875, 0.00848388671875, 0.00823974609375, 0.0081787109375, 0.0079345703125, 0.00787353515625, 0.0078125, 0.0078125, 0.007781982421875, 0.007781982421875, 0.0076904296875, 0.00762939453125, 0.007415771484375, 0.00738525390625, 0.00738525390625, 0.00732421875, 0.00726318359375, 0.00714111328125, 0.00714111328125, 0.007080078125, 0.00689697265625, 0.006805419921875, 0.00677490234375, 0.00677490234375, 0.00677490234375, 0.006744384765625, 0.006744384765625, 0.0067138671875, 0.006683349609375, 0.006622314453125, 0.006561279296875, 0.006561279296875, 0.006500244140625, 0.006500244140625, 0.006439208984375, 0.00640869140625, 0.006378173828125, 0.006378173828125, 0.00634765625, 0.006317138671875, 0.00628662109375, 0.0062255859375, 0.0062255859375, 0.0062255859375, 0.006195068359375, 0.00616455078125, 0.00616455078125, 0.00616455078125, 0.006103515625, 0.006072998046875, 0.005950927734375, 0.005889892578125, 0.005889892578125, 0.005889892578125, 0.005859375, 0.005859375, 0.005828857421875, 0.005828857421875, 0.005767822265625, 0.0057373046875, 0.0057373046875, 0.0057373046875, 0.005706787109375, 0.00567626953125, 0.00567626953125, 0.005615234375, 0.00555419921875, 0.005523681640625, 0.0054931640625, 0.00543212890625, 0.00543212890625, 0.005401611328125, 0.00537109375, 0.00537109375, 0.005340576171875, 0.005340576171875, 0.005340576171875, 0.005279541015625, 0.005218505859375, 0.005218505859375, 0.00518798828125, 0.005126953125, 0.005126953125, 0.005126953125, 0.005126953125, 0.005126953125, 0.005126953125], "inds": [[325, 142], [1908, 85], [255, 102], [386, 179], [602, 259], [1811, 287], [251, 220], [1534, 40], [228, 257], [1773, 147], [515, 194], [1016, 30], [130, 79], [915, 57], [659, 57], [1239, 134], [1027, 289], [438, 131], [676, 75], [1573, 56], [1792, 175], [1004, 78], [1416, 205], [813, 253], [515, 116], [1728, 77], [750, 254], [457, 145], [465, 23], [1681, 65], [721, 87], [1011, 284], [995, 90], [1650, 73], [868, 70], [935, 195], [1499, 236], [1818, 145], [1433, 75], [1380, 252], [1600, 162], [886, 92], [478, 230], [136, 47], [1950, 275], [1835, 44], [257, 33], [1093, 202], [134, 280], [374, 276], [1016, 274], [1581, 127], [457, 146], [1399, 64], [883, 192], [1313, 271], [194, 47], [1036, 55], [1475, 189], [1565, 83], [274, 44], [1936, 25], [1174, 47], [1157, 48], [934, 176], [1761, 48], [1634, 111], [1666, 52], [596, 135], [1227, 128], [711, 85], [400, 68], [480, 62], [994, 176], [1040, 282], [1564, 19], [579, 150], [240, 41], [1843, 129], [53, 80], [994, 173], [1629, 126], [808, 34], [1926, 231], [1004, 98], [1282, 19], [1277, 174], [1639, 179], [866, 208], [1815, 238], [1144, 120], [1574, 41], [1143, 162], [755, 74], [1863, 78], [198, 173], [1038, 138], [877, 167], [523, 273], [815, 44]], "mean": 4.267692565917969e-05}