{"vals": [0.047607421875, 0.01177978515625, 0.0101318359375, 0.00970458984375, 0.00848388671875, 0.00799560546875, 0.0079345703125, 0.007080078125, 0.006927490234375, 0.0064697265625, 0.0064697265625, 0.006439208984375, 0.0062255859375, 0.006072998046875, 0.0059814453125, 0.005950927734375, 0.00592041015625, 0.00579833984375, 0.0057373046875, 0.0057373046875, 0.005706787109375, 0.005706787109375, 0.005645751953125, 0.005615234375, 0.005615234375, 0.00555419921875, 0.005523681640625, 0.005523681640625, 0.0054931640625, 0.00543212890625, 0.00537109375, 0.00518798828125, 0.005126953125, 0.0050048828125, 0.004974365234375, 0.004913330078125, 0.00482177734375, 0.004791259765625, 0.00469970703125, 0.00469970703125, 0.0045166015625, 0.0045166015625, 0.004486083984375, 0.00445556640625, 0.00433349609375, 0.00433349609375, 0.00433349609375, 0.004302978515625, 0.0042724609375, 0.0042724609375, 0.004241943359375, 0.004241943359375, 0.004241943359375, 0.00421142578125, 0.00421142578125, 0.004150390625, 0.004119873046875, 0.00408935546875, 0.00408935546875, 0.00396728515625, 0.00396728515625, 0.003936767578125, 0.00390625, 0.0038909912109375, 0.003875732421875, 0.0038604736328125, 0.0038604736328125, 0.0038604736328125, 0.0037994384765625, 0.003753662109375, 0.0037384033203125, 0.00372314453125, 0.00372314453125, 0.0037078857421875, 0.0036773681640625, 0.003662109375, 0.003662109375, 0.0036468505859375, 0.0036468505859375, 0.0036468505859375, 0.003631591796875, 0.0036163330078125, 0.0036163330078125, 0.00360107421875, 0.003570556640625, 0.0035552978515625, 0.0035552978515625, 0.0035400390625, 0.0035247802734375, 0.0034942626953125, 0.0034942626953125, 0.0034942626953125, 0.00347900390625, 0.003448486328125, 0.003448486328125, 0.003448486328125, 0.0034332275390625, 0.0034332275390625, 0.00341796875, 0.00341796875], "inds": [[1144, 48], [1534, 23], [1287, 75], [634, 189], [155, 30], [1589, 191], [391, 70], [821, 29], [277, 40], [355, 151], [548, 24], [402, 164], [1211, 175], [1227, 182], [1911, 121], [134, 177], [721, 189], [1932, 21], [1211, 28], [626, 78], [128, 94], [790, 84], [1989, 99], [629, 72], [1410, 97], [398, 78], [821, 28], [704, 174], [1792, 175], [1383, 56], [1028, 211], [871, 289], [1144, 18], [1796, 174], [713, 15], [1627, 107], [1364, 289], [1428, 160], [896, 29], [1931, 53], [1684, 46], [1303, 66], [134, 203], [990, 231], [338, 31], [358, 78], [331, 33], [684, 22], [445, 242], [711, 93], [1697, 33], [1106, 47], [645, 297], [1811, 71], [76, 18], [1376, 37], [408, 136], [1180, 194], [271, 279], [453, 48], [1893, 19], [1925, 24], [1268, 110], [478, 29], [1702, 55], [1642, 18], [528, 220], [779, 10], [662, 264], [1561, 48], [92, 137], [1947, 54], [813, 118], [402, 150], [1608, 34], [1628, 17], [1887, 136], [1796, 175], [1335, 63], [195, 60], [1032, 213], [1365, 153], [1212, 82], [626, 56], [415, 20], [1059, 63], [155, 82], [512, 126], [383, 257], [1426, 23], [1403, 77], [181, 194], [1490, 53], [1564, 147], [1503, 251], [385, 266], [106, 135], [1859, 66], [990, 35], [1849, 82]], "mean": 0.00010013580322265625}