{"vals": [0.040771484375, 0.01422119140625, 0.0123291015625, 0.01214599609375, 0.011962890625, 0.0118408203125, 0.01123046875, 0.010009765625, 0.0091552734375, 0.00897216796875, 0.00885009765625, 0.008056640625, 0.0076904296875, 0.00750732421875, 0.006927490234375, 0.0067138671875, 0.00640869140625, 0.00634765625, 0.006317138671875, 0.00628662109375, 0.0062255859375, 0.00616455078125, 0.006103515625, 0.005859375, 0.00579833984375, 0.005767822265625, 0.005615234375, 0.00555419921875, 0.005523681640625, 0.0054931640625, 0.00543212890625, 0.005401611328125, 0.00531005859375, 0.0052490234375, 0.005126953125, 0.005126953125, 0.00506591796875, 0.005035400390625, 0.0050048828125, 0.00482177734375, 0.004791259765625, 0.004730224609375, 0.00469970703125, 0.00469970703125, 0.00469970703125, 0.004669189453125, 0.004638671875, 0.004638671875, 0.00457763671875, 0.00457763671875, 0.00457763671875, 0.00457763671875, 0.004364013671875, 0.004364013671875, 0.004364013671875, 0.004241943359375, 0.004150390625, 0.004150390625, 0.004150390625, 0.004150390625, 0.00408935546875, 0.004058837890625, 0.004058837890625, 0.004058837890625, 0.003997802734375, 0.00396728515625, 0.003936767578125, 0.003875732421875, 0.0038604736328125, 0.00384521484375, 0.003814697265625, 0.003753662109375, 0.003753662109375, 0.0036773681640625, 0.0036468505859375, 0.003631591796875, 0.0036163330078125, 0.0036163330078125, 0.003570556640625, 0.0035247802734375, 0.0034332275390625, 0.0034027099609375, 0.0034027099609375, 0.0034027099609375, 0.003387451171875, 0.0033721923828125, 0.00335693359375, 0.003326416015625, 0.0032806396484375, 0.003265380859375, 0.003265380859375, 0.0032196044921875, 0.003173828125, 0.003173828125, 0.003173828125, 0.003143310546875, 0.00311279296875, 0.00311279296875, 0.00311279296875, 0.0030975341796875], "inds": [[448, 251], [1581, 14], [436, 10], [1312, 8], [23, 17], [983, 6], [676, 22], [397, 81], [1482, 8], [1649, 58], [1365, 65], [448, 248], [446, 262], [1526, 10], [1452, 82], [1682, 14], [1764, 15], [1876, 146], [718, 7], [199, 7], [657, 6], [1277, 111], [1581, 16], [1037, 6], [1664, 11], [202, 8], [814, 134], [1946, 285], [717, 202], [1493, 8], [1004, 6], [1989, 99], [51, 15], [1707, 85], [1152, 11], [94, 14], [310, 11], [33, 50], [376, 7], [603, 40], [532, 201], [1150, 9], [955, 90], [1616, 25], [1970, 32], [794, 8], [1665, 30], [1813, 7], [131, 20], [1825, 237], [1256, 196], [885, 16], [462, 23], [1858, 77], [1401, 11], [870, 76], [71, 11], [1192, 5], [940, 9], [1667, 29], [693, 10], [194, 6], [1653, 115], [1706, 80], [13, 9], [929, 80], [327, 212], [1296, 14], [528, 116], [763, 7], [1936, 6], [940, 16], [960, 49], [294, 10], [717, 282], [880, 9], [495, 299], [586, 149], [1203, 6], [1630, 41], [720, 210], [1793, 10], [1571, 86], [1861, 157], [891, 201], [1818, 249], [1799, 7], [1745, 46], [1567, 9], [599, 9], [1968, 85], [282, 117], [1192, 152], [1860, 230], [1015, 18], [924, 7], [858, 299], [1631, 7], [849, 11], [921, 6]], "mean": 3.838539123535156e-05}