{"vals": [0.07958984375, 0.041015625, 0.0291748046875, 0.02880859375, 0.0274658203125, 0.0260009765625, 0.0260009765625, 0.0260009765625, 0.0257568359375, 0.0235595703125, 0.0233154296875, 0.022705078125, 0.0224609375, 0.02197265625, 0.021728515625, 0.0216064453125, 0.0213623046875, 0.0211181640625, 0.020751953125, 0.020263671875, 0.019775390625, 0.019775390625, 0.0184326171875, 0.018310546875, 0.0181884765625, 0.01806640625, 0.0179443359375, 0.017822265625, 0.0177001953125, 0.0177001953125, 0.0174560546875, 0.017333984375, 0.0172119140625, 0.01708984375, 0.0169677734375, 0.016845703125, 0.016845703125, 0.016845703125, 0.0166015625, 0.0164794921875, 0.01611328125, 0.0159912109375, 0.015869140625, 0.0157470703125, 0.01556396484375, 0.01531982421875, 0.0152587890625, 0.01519775390625, 0.01513671875, 0.01495361328125, 0.014892578125, 0.014892578125, 0.01483154296875, 0.01470947265625, 0.01470947265625, 0.0146484375, 0.0146484375, 0.0145263671875, 0.0145263671875, 0.01446533203125, 0.014404296875, 0.01434326171875, 0.0142822265625, 0.01416015625, 0.01416015625, 0.01416015625, 0.01397705078125, 0.0137939453125, 0.013427734375, 0.013427734375, 0.01336669921875, 0.01336669921875, 0.0133056640625, 0.01324462890625, 0.01324462890625, 0.01300048828125, 0.012939453125, 0.012939453125, 0.01287841796875, 0.01287841796875, 0.01275634765625, 0.01275634765625, 0.0126953125, 0.0125732421875, 0.01251220703125, 0.012451171875, 0.01239013671875, 0.01226806640625, 0.01226806640625, 0.01220703125, 0.01220703125, 0.01202392578125, 0.01202392578125, 0.01190185546875, 0.01190185546875, 0.01190185546875, 0.01177978515625, 0.01171875, 0.01171875, 0.0115966796875], "inds": [[880, 13], [1056, 15], [470, 159], [745, 17], [1950, 15], [1012, 10], [1009, 10], [1010, 10], [1481, 46], [1796, 38], [971, 50], [945, 23], [520, 34], [679, 21], [1631, 182], [1365, 15], [1650, 11], [1554, 12], [1076, 13], [359, 47], [1869, 204], [1285, 27], [1662, 139], [1611, 72], [1102, 104], [582, 241], [1887, 244], [246, 15], [1017, 19], [847, 213], [125, 21], [1989, 34], [567, 286], [1973, 209], [516, 21], [407, 124], [639, 35], [1872, 16], [351, 12], [1208, 207], [456, 86], [507, 119], [128, 11], [1891, 16], [249, 15], [271, 124], [900, 24], [747, 13], [1405, 14], [974, 264], [453, 76], [1146, 24], [1585, 22], [1216, 14], [503, 26], [263, 15], [630, 39], [945, 169], [1986, 22], [541, 16], [214, 10], [881, 22], [1916, 23], [1166, 9], [817, 68], [239, 55], [1246, 55], [816, 12], [1969, 28], [1314, 59], [1806, 17], [164, 18], [1077, 18], [1443, 44], [645, 297], [962, 18], [431, 11], [80, 17], [1743, 11], [622, 20], [1527, 15], [903, 86], [1447, 17], [1476, 20], [1160, 41], [1495, 282], [772, 14], [1121, 165], [681, 81], [398, 45], [1979, 20], [1123, 31], [1855, 21], [1744, 16], [1903, 14], [1513, 19], [547, 18], [995, 90], [56, 18], [1719, 18]], "mean": 0.0002193450927734375}