{"vals": [0.78125, 0.5390625, 0.52734375, 0.52734375, 0.453125, 0.375, 0.3671875, 0.34375, 0.322265625, 0.2470703125, 0.2265625, 0.224609375, 0.2021484375, 0.19921875, 0.1904296875, 0.1904296875, 0.1904296875, 0.185546875, 0.1845703125, 0.1787109375, 0.1767578125, 0.171875, 0.1650390625, 0.1611328125, 0.1533203125, 0.1435546875, 0.1416015625, 0.1396484375, 0.134765625, 0.1337890625, 0.1337890625, 0.1298828125, 0.12451171875, 0.12255859375, 0.119140625, 0.1083984375, 0.1064453125, 0.10302734375, 0.1005859375, 0.1005859375, 0.10009765625, 0.099609375, 0.09912109375, 0.0986328125, 0.09765625, 0.09521484375, 0.09521484375, 0.09521484375, 0.0927734375, 0.09228515625, 0.091796875, 0.08935546875, 0.08935546875, 0.0869140625, 0.08447265625, 0.08349609375, 0.08349609375, 0.08251953125, 0.0810546875, 0.08056640625, 0.080078125, 0.080078125, 0.0791015625, 0.07861328125, 0.078125, 0.07666015625, 0.076171875, 0.076171875, 0.072265625, 0.072265625, 0.07080078125, 0.06982421875, 0.0693359375, 0.0693359375, 0.06884765625, 0.068359375, 0.0673828125, 0.0673828125, 0.06640625, 0.06494140625, 0.0634765625, 0.06298828125, 0.0615234375, 0.060546875, 0.060546875, 0.06005859375, 0.06005859375, 0.059814453125, 0.0595703125, 0.0595703125, 0.059326171875, 0.059326171875, 0.058837890625, 0.05859375, 0.05859375, 0.058349609375, 0.05810546875, 0.057861328125, 0.05712890625, 0.056884765625], "inds": [[760, 150], [391, 70], [1926, 290], [721, 70], [760, 151], [760, 148], [391, 158], [760, 147], [721, 68], [815, 210], [1, 267], [343, 95], [877, 172], [1626, 115], [1, 143], [255, 117], [1719, 61], [343, 168], [1626, 149], [391, 160], [242, 273], [1600, 132], [1433, 217], [1, 195], [877, 174], [242, 270], [1719, 60], [1, 144], [447, 225], [1433, 215], [391, 299], [1433, 296], [815, 262], [255, 120], [1626, 191], [1826, 231], [1826, 155], [520, 187], [343, 47], [242, 271], [447, 226], [1926, 94], [242, 272], [242, 102], [721, 117], [343, 259], [343, 74], [391, 233], [255, 116], [1433, 210], [815, 53], [343, 167], [242, 171], [242, 106], [721, 163], [760, 96], [242, 130], [1626, 283], [447, 224], [391, 298], [760, 95], [1287, 165], [343, 71], [1926, 294], [1287, 261], [343, 94], [1702, 83], [343, 90], [391, 139], [1038, 85], [1826, 232], [1926, 296], [1287, 166], [391, 256], [1826, 154], [1826, 279], [520, 189], [1600, 108], [1926, 221], [343, 169], [1600, 110], [1600, 147], [1626, 128], [343, 241], [343, 265], [391, 113], [721, 67], [255, 240], [391, 157], [1826, 254], [1626, 230], [1826, 80], [391, 135], [721, 71], [1826, 132], [721, 116], [1440, 171], [391, 93], [1669, 229], [1433, 216]], "mean": 0.00012969970703125}