{"vals": [0.11474609375, 0.0986328125, 0.0888671875, 0.06884765625, 0.06787109375, 0.0634765625, 0.0625, 0.060546875, 0.049072265625, 0.04833984375, 0.04736328125, 0.04443359375, 0.043701171875, 0.039794921875, 0.037841796875, 0.03662109375, 0.035888671875, 0.035400390625, 0.03515625, 0.03466796875, 0.0341796875, 0.033935546875, 0.033935546875, 0.0322265625, 0.029296875, 0.029052734375, 0.0279541015625, 0.0277099609375, 0.0272216796875, 0.0262451171875, 0.0260009765625, 0.0257568359375, 0.02490234375, 0.0240478515625, 0.02392578125, 0.0234375, 0.0230712890625, 0.02294921875, 0.0228271484375, 0.022216796875, 0.02197265625, 0.0218505859375, 0.021728515625, 0.0213623046875, 0.021240234375, 0.021240234375, 0.0211181640625, 0.0206298828125, 0.020263671875, 0.01953125, 0.0194091796875, 0.0194091796875, 0.0194091796875, 0.019287109375, 0.01904296875, 0.01904296875, 0.0189208984375, 0.018798828125, 0.0184326171875, 0.0184326171875, 0.018310546875, 0.0181884765625, 0.0179443359375, 0.0177001953125, 0.017578125, 0.0174560546875, 0.017333984375, 0.017333984375, 0.0172119140625, 0.0172119140625, 0.0172119140625, 0.01708984375, 0.0169677734375, 0.016845703125, 0.0167236328125, 0.0166015625, 0.0166015625, 0.0166015625, 0.0164794921875, 0.0164794921875, 0.016357421875, 0.0162353515625, 0.01611328125, 0.0159912109375, 0.015869140625, 0.01556396484375, 0.01556396484375, 0.015380859375, 0.01531982421875, 0.0152587890625, 0.0152587890625, 0.0152587890625, 0.0150146484375, 0.0150146484375, 0.01495361328125, 0.0146484375, 0.014404296875, 0.01434326171875, 0.0142822265625, 0.0140380859375], "inds": [[491, 196], [1989, 99], [1826, 120], [970, 41], [1831, 234], [364, 230], [1204, 293], [15, 248], [31, 35], [1947, 83], [1828, 254], [167, 33], [376, 230], [416, 135], [1606, 253], [1989, 175], [20, 184], [936, 83], [211, 87], [341, 225], [971, 80], [1908, 190], [442, 153], [866, 270], [156, 202], [339, 50], [1944, 288], [970, 42], [1836, 202], [1959, 45], [1744, 34], [1208, 214], [112, 77], [814, 27], [880, 142], [1393, 57], [131, 288], [329, 225], [900, 224], [1509, 43], [0, 86], [970, 83], [532, 265], [1760, 43], [1393, 56], [1502, 266], [970, 40], [1532, 281], [1140, 69], [1072, 91], [906, 51], [423, 261], [1280, 39], [1243, 189], [664, 37], [1857, 150], [1433, 32], [424, 205], [181, 110], [288, 56], [1397, 153], [1187, 268], [1397, 162], [1936, 29], [1582, 265], [133, 79], [211, 283], [1315, 130], [378, 100], [442, 173], [133, 50], [855, 141], [1561, 61], [1310, 65], [1048, 178], [211, 62], [1397, 210], [515, 167], [1038, 127], [1582, 266], [1969, 99], [1316, 93], [915, 27], [650, 147], [123, 201], [855, 119], [211, 117], [1737, 160], [133, 69], [1315, 169], [181, 69], [1456, 299], [936, 97], [1393, 54], [1627, 47], [1076, 13], [1494, 58], [1456, 298], [1789, 52], [133, 60]], "mean": 0.00011682510375976562}