{"vals": [0.024658203125, 0.0216064453125, 0.01953125, 0.0181884765625, 0.017333984375, 0.015869140625, 0.0152587890625, 0.014892578125, 0.01483154296875, 0.0145263671875, 0.0137939453125, 0.01348876953125, 0.01318359375, 0.01251220703125, 0.0123291015625, 0.01220703125, 0.0111083984375, 0.01104736328125, 0.010986328125, 0.0108642578125, 0.0108642578125, 0.01080322265625, 0.010498046875, 0.01025390625, 0.0101318359375, 0.00994873046875, 0.00982666015625, 0.00946044921875, 0.0093994140625, 0.0091552734375, 0.00897216796875, 0.00897216796875, 0.0089111328125, 0.008544921875, 0.008544921875, 0.0084228515625, 0.00836181640625, 0.00830078125, 0.00823974609375, 0.00811767578125, 0.00811767578125, 0.008056640625, 0.008056640625, 0.008056640625, 0.00799560546875, 0.00799560546875, 0.0079345703125, 0.0078125, 0.00762939453125, 0.007537841796875, 0.007537841796875, 0.007537841796875, 0.00750732421875, 0.0074462890625, 0.007232666015625, 0.007080078125, 0.006744384765625, 0.006591796875, 0.006591796875, 0.006439208984375, 0.006378173828125, 0.006378173828125, 0.006378173828125, 0.00634765625, 0.006317138671875, 0.00628662109375, 0.006256103515625, 0.006195068359375, 0.00616455078125, 0.00616455078125, 0.006103515625, 0.006072998046875, 0.005950927734375, 0.005950927734375, 0.005889892578125, 0.00579833984375, 0.005767822265625, 0.0057373046875, 0.0057373046875, 0.005706787109375, 0.005584716796875, 0.005584716796875, 0.00555419921875, 0.00555419921875, 0.005523681640625, 0.005279541015625, 0.0052490234375, 0.005157470703125, 0.005126953125, 0.005096435546875, 0.00506591796875, 0.005035400390625, 0.0050048828125, 0.0050048828125, 0.0050048828125, 0.00494384765625, 0.004852294921875, 0.00482177734375, 0.0047607421875, 0.0047607421875], "inds": [[803, 294], [239, 55], [1506, 246], [855, 263], [562, 264], [945, 23], [1797, 15], [1220, 20], [864, 88], [573, 22], [400, 234], [1486, 14], [246, 14], [1292, 121], [1582, 32], [238, 259], [231, 54], [470, 159], [1619, 137], [1560, 19], [1600, 20], [1748, 247], [1714, 10], [1527, 177], [507, 119], [600, 40], [653, 233], [587, 10], [1068, 40], [1951, 54], [1773, 16], [822, 127], [600, 39], [1515, 49], [629, 75], [6, 33], [1781, 18], [1317, 141], [1518, 11], [1576, 136], [1185, 52], [340, 12], [803, 295], [242, 13], [400, 236], [543, 51], [435, 91], [288, 23], [1103, 246], [984, 226], [1950, 15], [1155, 191], [160, 11], [1178, 211], [334, 82], [1111, 190], [1368, 12], [1457, 104], [214, 10], [1292, 12], [1389, 124], [1389, 238], [1838, 55], [629, 74], [1090, 18], [1716, 16], [188, 26], [725, 21], [1266, 299], [739, 16], [206, 137], [240, 9], [617, 13], [1797, 167], [671, 80], [499, 25], [1076, 13], [1014, 34], [1706, 37], [1902, 156], [1360, 47], [1417, 156], [463, 126], [1468, 24], [732, 14], [481, 18], [401, 12], [1946, 32], [1154, 20], [1427, 218], [614, 197], [715, 14], [716, 136], [821, 22], [74, 98], [450, 10], [1989, 34], [401, 158], [1527, 174], [512, 125]], "mean": 3.24249267578125e-05}