{"vals": [0.01202392578125, 0.01116943359375, 0.010009765625, 0.0096435546875, 0.009521484375, 0.00933837890625, 0.00787353515625, 0.0072021484375, 0.00665283203125, 0.006591796875, 0.00640869140625, 0.006317138671875, 0.006011962890625, 0.00592041015625, 0.0054931640625, 0.0054931640625, 0.00537109375, 0.00537109375, 0.0052490234375, 0.005157470703125, 0.005157470703125, 0.005126953125, 0.005096435546875, 0.00506591796875, 0.00494384765625, 0.0048828125, 0.004852294921875, 0.00482177734375, 0.0047607421875, 0.0047607421875, 0.004638671875, 0.004638671875, 0.00457763671875, 0.004486083984375, 0.004486083984375, 0.004302978515625, 0.0042724609375, 0.004241943359375, 0.00421142578125, 0.004180908203125, 0.004150390625, 0.00408935546875, 0.003997802734375, 0.00396728515625, 0.003936767578125, 0.003936767578125, 0.003936767578125, 0.00390625, 0.0038909912109375, 0.0038909912109375, 0.003875732421875, 0.003875732421875, 0.003814697265625, 0.0037994384765625, 0.0037841796875, 0.0037841796875, 0.0037689208984375, 0.00372314453125, 0.0037078857421875, 0.003692626953125, 0.0036468505859375, 0.0035552978515625, 0.0035400390625, 0.003509521484375, 0.00347900390625, 0.0034637451171875, 0.0034637451171875, 0.0034332275390625, 0.0034332275390625, 0.0034027099609375, 0.0033721923828125, 0.0033721923828125, 0.0032806396484375, 0.003265380859375, 0.0032501220703125, 0.0032501220703125, 0.0032501220703125, 0.00323486328125, 0.003204345703125, 0.0031890869140625, 0.003173828125, 0.0030517578125, 0.0030517578125, 0.0030364990234375, 0.0030364990234375, 0.003021240234375, 0.003021240234375, 0.0030059814453125, 0.00299072265625, 0.0029754638671875, 0.0029449462890625, 0.0029296875, 0.0029296875, 0.002899169921875, 0.002899169921875, 0.0028839111328125, 0.00286865234375, 0.002838134765625, 0.0028228759765625, 0.0028228759765625], "inds": [[1076, 13], [1415, 55], [745, 17], [418, 26], [1389, 238], [90, 36], [874, 15], [525, 27], [1297, 30], [1587, 219], [1219, 52], [731, 123], [1095, 84], [280, 51], [408, 206], [33, 33], [240, 97], [1392, 23], [1211, 21], [1328, 43], [861, 213], [1635, 15], [1279, 249], [123, 11], [1587, 214], [1482, 13], [1315, 28], [722, 196], [1843, 62], [1410, 48], [1267, 156], [1526, 31], [1132, 11], [333, 125], [1060, 274], [1757, 22], [1520, 24], [1434, 218], [106, 193], [1705, 244], [919, 62], [286, 18], [150, 45], [1838, 81], [731, 13], [740, 201], [1343, 35], [912, 284], [799, 34], [1587, 217], [1753, 176], [723, 210], [1671, 15], [1078, 25], [394, 14], [1677, 35], [1227, 104], [1790, 20], [1254, 25], [1811, 74], [1286, 204], [1504, 77], [284, 22], [1577, 11], [1587, 239], [1292, 105], [743, 16], [1796, 88], [1210, 259], [685, 23], [1089, 12], [1209, 19], [1838, 104], [683, 26], [1505, 56], [585, 24], [1405, 14], [1753, 177], [1522, 12], [98, 33], [516, 21], [739, 80], [1047, 269], [1415, 64], [1597, 25], [1925, 65], [1408, 232], [1409, 53], [938, 220], [1970, 76], [1935, 27], [1554, 285], [1536, 293], [309, 140], [1414, 33], [531, 21], [1538, 16], [1235, 12], [203, 240], [1752, 117]], "mean": 5.1021575927734375e-05}