{"vals": [0.09716796875, 0.0966796875, 0.09423828125, 0.09423828125, 0.09130859375, 0.078125, 0.0732421875, 0.072265625, 0.06640625, 0.060546875, 0.057373046875, 0.055908203125, 0.0478515625, 0.044189453125, 0.04296875, 0.042236328125, 0.0400390625, 0.039794921875, 0.037841796875, 0.037353515625, 0.0361328125, 0.03564453125, 0.035400390625, 0.03466796875, 0.031982421875, 0.031982421875, 0.03076171875, 0.0294189453125, 0.02880859375, 0.027587890625, 0.0250244140625, 0.0240478515625, 0.0238037109375, 0.0230712890625, 0.0228271484375, 0.0205078125, 0.02001953125, 0.02001953125, 0.0198974609375, 0.019775390625, 0.0196533203125, 0.0191650390625, 0.0189208984375, 0.018798828125, 0.0185546875, 0.0185546875, 0.0184326171875, 0.01806640625, 0.0177001953125, 0.017578125, 0.0172119140625, 0.0162353515625, 0.0162353515625, 0.0162353515625, 0.0157470703125, 0.0157470703125, 0.0155029296875, 0.015380859375, 0.0152587890625, 0.014892578125, 0.0147705078125, 0.0147705078125, 0.01470947265625, 0.0146484375, 0.01397705078125, 0.01348876953125, 0.013427734375, 0.01336669921875, 0.0133056640625, 0.0130615234375, 0.0128173828125, 0.0126953125, 0.0126953125, 0.01263427734375, 0.0120849609375, 0.01202392578125, 0.01202392578125, 0.01190185546875, 0.0118408203125, 0.0118408203125, 0.01165771484375, 0.01153564453125, 0.0113525390625, 0.01129150390625, 0.01116943359375, 0.01116943359375, 0.01092529296875, 0.01055908203125, 0.01055908203125, 0.01043701171875, 0.0103759765625, 0.0103759765625, 0.0103759765625, 0.01025390625, 0.01019287109375, 0.010009765625, 0.0098876953125, 0.0098876953125, 0.009765625, 0.00970458984375], "inds": [[888, 6], [1777, 7], [276, 12], [274, 12], [194, 6], [202, 8], [71, 11], [13, 9], [740, 6], [1778, 8], [1744, 9], [574, 10], [23, 17], [1003, 10], [863, 8], [1710, 8], [885, 16], [1931, 6], [1664, 11], [1407, 10], [1482, 8], [1004, 6], [794, 7], [1837, 5], [392, 12], [970, 8], [1399, 6], [718, 7], [438, 6], [657, 6], [362, 7], [159, 10], [547, 8], [1820, 6], [1160, 12], [1236, 6], [1581, 14], [200, 5], [1931, 7], [1447, 7], [1799, 7], [87, 6], [22, 16], [210, 6], [1046, 39], [676, 22], [360, 9], [1793, 10], [1936, 6], [199, 7], [89, 8], [1129, 26], [924, 7], [1886, 9], [145, 6], [1895, 7], [1364, 43], [869, 72], [1561, 5], [1117, 126], [1922, 13], [1236, 5], [1581, 16], [880, 9], [193, 8], [687, 35], [1843, 8], [1288, 7], [937, 6], [1817, 7], [969, 13], [46, 9], [1800, 35], [1604, 69], [102, 8], [1561, 48], [1706, 293], [958, 40], [530, 152], [1124, 12], [512, 123], [1381, 8], [1117, 213], [1209, 12], [866, 82], [1312, 221], [1646, 49], [1228, 9], [161, 5], [921, 6], [983, 6], [1543, 11], [885, 9], [1489, 41], [532, 29], [885, 20], [459, 19], [1790, 135], [1505, 53], [82, 12]], "mean": 9.202957153320312e-05}