{"vals": [0.0145263671875, 0.01385498046875, 0.01318359375, 0.01251220703125, 0.0113525390625, 0.0107421875, 0.0106201171875, 0.00958251953125, 0.00958251953125, 0.00860595703125, 0.00799560546875, 0.0079345703125, 0.00726318359375, 0.007232666015625, 0.007232666015625, 0.007171630859375, 0.006927490234375, 0.00689697265625, 0.006866455078125, 0.0067138671875, 0.006072998046875, 0.006011962890625, 0.005950927734375, 0.0057373046875, 0.005645751953125, 0.005645751953125, 0.005615234375, 0.005584716796875, 0.005523681640625, 0.005401611328125, 0.0052490234375, 0.005218505859375, 0.005218505859375, 0.005096435546875, 0.005096435546875, 0.00506591796875, 0.005035400390625, 0.0050048828125, 0.0050048828125, 0.004913330078125, 0.004852294921875, 0.004852294921875, 0.004791259765625, 0.00469970703125, 0.004608154296875, 0.004547119140625, 0.0045166015625, 0.0045166015625, 0.004486083984375, 0.00439453125, 0.004241943359375, 0.004150390625, 0.004119873046875, 0.004119873046875, 0.00408935546875, 0.004058837890625, 0.004058837890625, 0.0040283203125, 0.003936767578125, 0.0038604736328125, 0.00384521484375, 0.003814697265625, 0.003814697265625, 0.0037078857421875, 0.0037078857421875, 0.003692626953125, 0.0036773681640625, 0.003662109375, 0.0036163330078125, 0.0035858154296875, 0.0035858154296875, 0.003570556640625, 0.0035400390625, 0.003509521484375, 0.003509521484375, 0.00347900390625, 0.003448486328125, 0.003448486328125, 0.0033721923828125, 0.0033416748046875, 0.0033416748046875, 0.0033416748046875, 0.0033416748046875, 0.003326416015625, 0.0033111572265625, 0.0032958984375, 0.003265380859375, 0.0032501220703125, 0.0032501220703125, 0.00323486328125, 0.0031585693359375, 0.003143310546875, 0.0031280517578125, 0.00311279296875, 0.00311279296875, 0.0030975341796875, 0.0030975341796875, 0.0030975341796875, 0.0030975341796875, 0.003082275390625], "inds": [[1607, 31], [575, 143], [130, 113], [463, 126], [913, 243], [1606, 182], [556, 66], [206, 137], [130, 115], [1181, 274], [351, 273], [1518, 11], [1650, 11], [1367, 106], [975, 270], [228, 79], [123, 232], [1276, 40], [1122, 170], [263, 179], [1159, 154], [1185, 52], [1078, 25], [60, 256], [562, 264], [799, 34], [731, 123], [52, 274], [220, 248], [1076, 13], [160, 11], [1390, 184], [552, 277], [1394, 21], [825, 272], [1153, 274], [1996, 58], [647, 243], [1796, 38], [593, 284], [975, 15], [1640, 217], [522, 54], [1211, 21], [793, 158], [1115, 268], [1428, 153], [4, 86], [1315, 270], [1829, 43], [1920, 126], [862, 72], [1639, 215], [860, 215], [464, 22], [1724, 175], [1029, 200], [784, 283], [43, 116], [1936, 180], [1682, 273], [621, 12], [384, 156], [1784, 46], [1585, 14], [152, 103], [1752, 39], [810, 60], [351, 230], [812, 167], [1626, 115], [825, 278], [975, 295], [579, 134], [758, 162], [755, 243], [37, 237], [1923, 244], [1575, 258], [333, 125], [866, 97], [975, 292], [1417, 12], [742, 194], [149, 270], [1829, 227], [874, 118], [825, 273], [664, 179], [1923, 243], [1822, 189], [1640, 260], [1384, 184], [761, 132], [95, 115], [426, 60], [1543, 276], [353, 268], [791, 236], [260, 122]], "mean": 5.245208740234375e-05}