{"vals": [0.0625, 0.042724609375, 0.026611328125, 0.025634765625, 0.0247802734375, 0.0245361328125, 0.0233154296875, 0.0224609375, 0.0189208984375, 0.0186767578125, 0.0186767578125, 0.0181884765625, 0.017333984375, 0.0172119140625, 0.01708984375, 0.0164794921875, 0.0157470703125, 0.01556396484375, 0.0155029296875, 0.01513671875, 0.0147705078125, 0.0146484375, 0.01409912109375, 0.013916015625, 0.0137939453125, 0.01373291015625, 0.01361083984375, 0.01324462890625, 0.01318359375, 0.01312255859375, 0.0130615234375, 0.012939453125, 0.01287841796875, 0.0128173828125, 0.0126953125, 0.0126953125, 0.0125732421875, 0.012451171875, 0.01226806640625, 0.01220703125, 0.01214599609375, 0.01190185546875, 0.0118408203125, 0.0118408203125, 0.01177978515625, 0.01177978515625, 0.0115966796875, 0.01153564453125, 0.01153564453125, 0.01153564453125, 0.01153564453125, 0.01129150390625, 0.01123046875, 0.01123046875, 0.01116943359375, 0.01116943359375, 0.010986328125, 0.0107421875, 0.0107421875, 0.0107421875, 0.01068115234375, 0.01055908203125, 0.010498046875, 0.010498046875, 0.0103759765625, 0.0103759765625, 0.0101318359375, 0.0101318359375, 0.0101318359375, 0.01007080078125, 0.010009765625, 0.0098876953125, 0.0098876953125, 0.00982666015625, 0.009765625, 0.009765625, 0.00970458984375, 0.0096435546875, 0.0093994140625, 0.00933837890625, 0.00933837890625, 0.00927734375, 0.00927734375, 0.00921630859375, 0.00921630859375, 0.0091552734375, 0.00909423828125, 0.009033203125, 0.009033203125, 0.00897216796875, 0.0089111328125, 0.0089111328125, 0.00885009765625, 0.00885009765625, 0.0087890625, 0.00872802734375, 0.00872802734375, 0.0086669921875, 0.0086669921875, 0.00860595703125], "inds": [[223, 42], [1489, 114], [1203, 73], [1335, 63], [730, 163], [455, 76], [717, 23], [1530, 49], [1790, 135], [72, 183], [1800, 35], [1586, 56], [939, 63], [388, 121], [724, 153], [1364, 43], [215, 232], [6, 18], [310, 11], [1492, 140], [225, 90], [1330, 191], [1676, 45], [1774, 137], [1305, 63], [733, 285], [1618, 131], [1697, 94], [6, 13], [325, 69], [266, 80], [1706, 77], [477, 226], [1191, 272], [1838, 33], [1255, 231], [1103, 275], [421, 279], [1074, 253], [72, 172], [511, 36], [37, 140], [54, 158], [897, 12], [821, 106], [1500, 268], [687, 35], [46, 15], [1634, 176], [1259, 29], [1187, 111], [345, 7], [816, 9], [1342, 280], [169, 91], [485, 153], [390, 26], [35, 14], [680, 14], [289, 137], [800, 57], [1915, 220], [438, 17], [407, 9], [985, 16], [1211, 41], [231, 64], [1800, 33], [1784, 193], [1961, 63], [869, 191], [113, 112], [1600, 37], [378, 118], [5, 172], [1720, 35], [948, 130], [1783, 7], [1599, 106], [1686, 100], [421, 103], [944, 153], [961, 292], [1789, 69], [1776, 10], [1141, 102], [1274, 25], [519, 72], [1166, 19], [944, 117], [1900, 6], [517, 239], [923, 49], [1212, 56], [131, 61], [1141, 74], [1602, 12], [179, 15], [202, 24], [1437, 94]], "mean": 8.96453857421875e-05}