{"vals": [0.04296875, 0.0186767578125, 0.017333984375, 0.015869140625, 0.01123046875, 0.00994873046875, 0.0098876953125, 0.00897216796875, 0.0084228515625, 0.008056640625, 0.008056640625, 0.007537841796875, 0.00732421875, 0.007080078125, 0.0067138671875, 0.006591796875, 0.006561279296875, 0.006561279296875, 0.00640869140625, 0.00616455078125, 0.0059814453125, 0.005950927734375, 0.005615234375, 0.005523681640625, 0.005401611328125, 0.00537109375, 0.0052490234375, 0.0052490234375, 0.005218505859375, 0.00518798828125, 0.005157470703125, 0.005126953125, 0.005126953125, 0.005096435546875, 0.005096435546875, 0.005096435546875, 0.00506591796875, 0.00506591796875, 0.004974365234375, 0.004974365234375, 0.00494384765625, 0.004913330078125, 0.00469970703125, 0.004638671875, 0.004638671875, 0.004486083984375, 0.004364013671875, 0.004364013671875, 0.004364013671875, 0.004302978515625, 0.004241943359375, 0.004180908203125, 0.004180908203125, 0.00408935546875, 0.004058837890625, 0.003936767578125, 0.003936767578125, 0.003936767578125, 0.00390625, 0.0038909912109375, 0.0038299560546875, 0.003814697265625, 0.0037994384765625, 0.003753662109375, 0.00372314453125, 0.0037078857421875, 0.0037078857421875, 0.0037078857421875, 0.0035858154296875, 0.003570556640625, 0.003570556640625, 0.0035552978515625, 0.0035247802734375, 0.0034942626953125, 0.0034637451171875, 0.0034637451171875, 0.0034332275390625, 0.0034332275390625, 0.003387451171875, 0.0033416748046875, 0.0033416748046875, 0.0033111572265625, 0.0033111572265625, 0.0033111572265625, 0.0032806396484375, 0.003265380859375, 0.0032501220703125, 0.0032501220703125, 0.00323486328125, 0.00323486328125, 0.003204345703125, 0.003204345703125, 0.0031890869140625, 0.0031585693359375, 0.0031585693359375, 0.0031585693359375, 0.003143310546875, 0.003143310546875, 0.0031280517578125, 0.00311279296875], "inds": [[773, 124], [1687, 228], [1902, 156], [1687, 229], [1027, 289], [1060, 230], [663, 104], [1888, 210], [1152, 226], [40, 144], [1350, 24], [1945, 18], [223, 148], [965, 162], [59, 157], [40, 161], [773, 118], [59, 177], [1558, 119], [1134, 161], [1055, 11], [1246, 212], [1293, 132], [1666, 108], [40, 273], [307, 44], [586, 91], [223, 167], [1152, 108], [1691, 186], [1509, 252], [40, 162], [1188, 220], [1865, 24], [1143, 5], [1057, 116], [450, 10], [421, 135], [40, 191], [1687, 253], [1005, 61], [797, 170], [1351, 172], [1246, 204], [809, 180], [1097, 63], [717, 45], [586, 255], [1368, 269], [472, 41], [59, 271], [59, 176], [1385, 155], [943, 157], [40, 46], [965, 195], [701, 62], [1499, 132], [974, 248], [863, 9], [1505, 21], [1927, 190], [1631, 72], [1152, 297], [421, 134], [1389, 238], [59, 258], [1118, 220], [1152, 141], [717, 44], [1604, 50], [610, 110], [421, 249], [967, 217], [1777, 289], [773, 22], [453, 201], [586, 82], [1083, 220], [223, 217], [1996, 58], [1097, 192], [1358, 172], [586, 47], [97, 38], [769, 86], [593, 68], [421, 144], [223, 147], [1666, 75], [1293, 228], [59, 175], [976, 82], [965, 269], [40, 216], [1141, 53], [595, 230], [353, 152], [1212, 20], [599, 52]], "mean": 2.09808349609375e-05}