{"vals": [0.050048828125, 0.0189208984375, 0.0174560546875, 0.015625, 0.01544189453125, 0.01483154296875, 0.013916015625, 0.012939453125, 0.0125732421875, 0.0125732421875, 0.01239013671875, 0.011962890625, 0.0115966796875, 0.011474609375, 0.0113525390625, 0.01043701171875, 0.01025390625, 0.01025390625, 0.00970458984375, 0.00946044921875, 0.00897216796875, 0.00885009765625, 0.0086669921875, 0.00848388671875, 0.00811767578125, 0.00811767578125, 0.00811767578125, 0.00811767578125, 0.0079345703125, 0.00787353515625, 0.00787353515625, 0.00787353515625, 0.00775146484375, 0.00762939453125, 0.007568359375, 0.007568359375, 0.007415771484375, 0.007232666015625, 0.007232666015625, 0.007080078125, 0.00701904296875, 0.006988525390625, 0.006927490234375, 0.006805419921875, 0.00677490234375, 0.00665283203125, 0.00653076171875, 0.006500244140625, 0.006439208984375, 0.00640869140625, 0.006378173828125, 0.006378173828125, 0.00634765625, 0.00634765625, 0.006256103515625, 0.006134033203125, 0.006103515625, 0.006103515625, 0.00604248046875, 0.00604248046875, 0.006011962890625, 0.006011962890625, 0.0059814453125, 0.00592041015625, 0.005859375, 0.005828857421875, 0.005828857421875, 0.005767822265625, 0.005523681640625, 0.005462646484375, 0.00543212890625, 0.005401611328125, 0.005401611328125, 0.005401611328125, 0.00537109375, 0.00537109375, 0.00537109375, 0.005340576171875, 0.00531005859375, 0.0052490234375, 0.005218505859375, 0.00518798828125, 0.005096435546875, 0.005096435546875, 0.005035400390625, 0.005035400390625, 0.005035400390625, 0.00494384765625, 0.00494384765625, 0.00494384765625, 0.004913330078125, 0.0048828125, 0.0048828125, 0.0048828125, 0.004852294921875, 0.00482177734375, 0.004791259765625, 0.004791259765625, 0.0047607421875, 0.0047607421875], "inds": [[528, 241], [1018, 130], [1584, 65], [943, 50], [1648, 122], [1210, 263], [1220, 24], [1173, 281], [1821, 51], [706, 145], [408, 63], [138, 268], [940, 89], [1355, 195], [1648, 121], [1050, 65], [1422, 107], [1400, 126], [1585, 67], [847, 232], [943, 47], [1319, 253], [1466, 79], [406, 192], [370, 119], [560, 270], [528, 220], [392, 179], [1454, 117], [1731, 94], [765, 239], [1628, 266], [197, 264], [299, 278], [104, 213], [42, 165], [228, 78], [1422, 237], [1058, 23], [1896, 26], [1897, 82], [891, 174], [822, 18], [765, 82], [943, 225], [42, 188], [20, 80], [624, 210], [392, 133], [160, 179], [851, 194], [1160, 91], [1292, 121], [293, 114], [427, 154], [1629, 264], [1238, 111], [321, 110], [235, 230], [868, 82], [1794, 206], [749, 234], [748, 107], [1330, 69], [1624, 262], [1615, 110], [462, 256], [1207, 27], [587, 208], [1981, 22], [1006, 90], [476, 189], [648, 272], [42, 143], [1838, 108], [1371, 270], [372, 130], [1320, 105], [97, 235], [22, 56], [634, 172], [1144, 111], [752, 255], [515, 145], [425, 91], [1623, 289], [1440, 111], [35, 195], [107, 155], [1977, 170], [1648, 143], [748, 109], [151, 84], [1292, 114], [1492, 180], [1871, 204], [750, 265], [1160, 87], [1868, 132], [1545, 232]], "mean": 3.24249267578125e-05}