{"vals": [0.09326171875, 0.04345703125, 0.034912109375, 0.032470703125, 0.032470703125, 0.0245361328125, 0.024169921875, 0.0238037109375, 0.022705078125, 0.0224609375, 0.0220947265625, 0.0205078125, 0.0196533203125, 0.0194091796875, 0.018798828125, 0.018310546875, 0.017333984375, 0.0172119140625, 0.0169677734375, 0.0166015625, 0.01519775390625, 0.01507568359375, 0.01495361328125, 0.01483154296875, 0.01373291015625, 0.0135498046875, 0.01348876953125, 0.0133056640625, 0.012939453125, 0.01275634765625, 0.0126953125, 0.0125732421875, 0.012451171875, 0.01220703125, 0.01202392578125, 0.011962890625, 0.01177978515625, 0.011474609375, 0.01129150390625, 0.01123046875, 0.01116943359375, 0.01104736328125, 0.01104736328125, 0.010986328125, 0.01092529296875, 0.0108642578125, 0.0108642578125, 0.0106201171875, 0.01031494140625, 0.01025390625, 0.01007080078125, 0.010009765625, 0.00982666015625, 0.009765625, 0.009765625, 0.009765625, 0.009765625, 0.00970458984375, 0.00970458984375, 0.00958251953125, 0.00927734375, 0.00927734375, 0.00927734375, 0.00921630859375, 0.00921630859375, 0.0091552734375, 0.0091552734375, 0.009033203125, 0.00897216796875, 0.00885009765625, 0.0087890625, 0.0086669921875, 0.00860595703125, 0.008544921875, 0.00848388671875, 0.00848388671875, 0.00848388671875, 0.00848388671875, 0.0084228515625, 0.0084228515625, 0.00836181640625, 0.00830078125, 0.00830078125, 0.0079345703125, 0.0079345703125, 0.00787353515625, 0.0078125, 0.0078125, 0.00775146484375, 0.0076904296875, 0.007659912109375, 0.00762939453125, 0.007598876953125, 0.007568359375, 0.007476806640625, 0.007476806640625, 0.0074462890625, 0.007354736328125, 0.00732421875, 0.007293701171875], "inds": [[1789, 164], [297, 11], [714, 237], [491, 15], [309, 98], [1134, 161], [1207, 24], [945, 23], [1285, 27], [1456, 85], [574, 14], [1019, 27], [1566, 62], [1343, 35], [1977, 170], [974, 264], [370, 32], [582, 16], [265, 268], [1456, 90], [126, 29], [1868, 169], [758, 30], [1143, 81], [1968, 13], [1122, 42], [1056, 15], [1122, 62], [125, 23], [1170, 28], [512, 126], [1122, 64], [1950, 23], [1091, 26], [188, 26], [126, 19], [453, 75], [1965, 19], [226, 266], [986, 34], [1177, 35], [1465, 29], [1489, 95], [1495, 236], [1456, 89], [346, 16], [788, 176], [1392, 119], [146, 102], [1763, 231], [646, 35], [1650, 11], [1718, 72], [97, 116], [959, 16], [960, 16], [957, 16], [1235, 18], [528, 291], [1392, 118], [1143, 5], [1840, 29], [971, 43], [170, 15], [1321, 214], [482, 35], [191, 253], [1887, 136], [1303, 64], [355, 130], [1841, 22], [1243, 96], [1456, 93], [511, 255], [1841, 192], [985, 18], [1018, 117], [297, 10], [1016, 46], [1443, 44], [1398, 25], [988, 217], [905, 131], [486, 23], [724, 30], [1456, 99], [353, 57], [235, 13], [512, 125], [181, 143], [985, 37], [97, 117], [379, 28], [1225, 267], [1544, 74], [855, 275], [1456, 104], [1243, 159], [1017, 295], [537, 210]], "mean": 0.00023937225341796875}