{"vals": [0.185546875, 0.1845703125, 0.1845703125, 0.181640625, 0.1796875, 0.177734375, 0.1767578125, 0.1689453125, 0.1611328125, 0.16015625, 0.1591796875, 0.154296875, 0.1533203125, 0.1494140625, 0.1494140625, 0.1484375, 0.146484375, 0.1455078125, 0.14453125, 0.142578125, 0.1416015625, 0.140625, 0.138671875, 0.1376953125, 0.134765625, 0.134765625, 0.130859375, 0.1298828125, 0.1298828125, 0.1279296875, 0.1279296875, 0.126953125, 0.126953125, 0.126953125, 0.126953125, 0.1259765625, 0.1259765625, 0.1259765625, 0.125, 0.125, 0.125, 0.12451171875, 0.1240234375, 0.12255859375, 0.12255859375, 0.1220703125, 0.1220703125, 0.1220703125, 0.12158203125, 0.12158203125, 0.12060546875, 0.12060546875, 0.12060546875, 0.1201171875, 0.1201171875, 0.11865234375, 0.11767578125, 0.11767578125, 0.11767578125, 0.1171875, 0.11669921875, 0.115234375, 0.115234375, 0.1142578125, 0.11376953125, 0.11376953125, 0.11328125, 0.11328125, 0.11279296875, 0.11279296875, 0.1123046875, 0.1123046875, 0.11181640625, 0.11181640625, 0.111328125, 0.11083984375, 0.11083984375, 0.1103515625, 0.1103515625, 0.10986328125, 0.10986328125, 0.10986328125, 0.109375, 0.10888671875, 0.10693359375, 0.10693359375, 0.10693359375, 0.1064453125, 0.1064453125, 0.1064453125, 0.1064453125, 0.1064453125, 0.1064453125, 0.10595703125, 0.10595703125, 0.10595703125, 0.10595703125, 0.10546875, 0.10498046875, 0.10498046875], "inds": [[324, 12], [33, 12], [1814, 11], [1870, 10], [1600, 40], [1714, 11], [509, 13], [1241, 14], [1939, 14], [728, 30], [221, 14], [810, 14], [460, 15], [1801, 21], [598, 13], [1854, 14], [219, 15], [1481, 10], [232, 34], [1820, 11], [1386, 24], [850, 14], [1648, 16], [1418, 28], [758, 30], [53, 39], [217, 11], [819, 16], [1164, 16], [640, 12], [923, 14], [1961, 16], [1910, 44], [608, 12], [21, 18], [1775, 13], [1623, 13], [639, 36], [400, 13], [119, 16], [1089, 13], [828, 22], [1001, 54], [1262, 11], [291, 39], [835, 18], [816, 13], [1049, 12], [220, 12], [1044, 12], [963, 250], [1781, 19], [171, 52], [941, 17], [1192, 14], [1745, 19], [537, 16], [732, 15], [725, 12], [1553, 13], [1357, 18], [259, 18], [6, 21], [1560, 20], [1275, 134], [201, 12], [465, 15], [1593, 12], [230, 18], [1415, 12], [1355, 14], [539, 25], [1762, 10], [236, 18], [1884, 12], [122, 19], [1218, 20], [629, 16], [1570, 16], [1740, 9], [281, 15], [431, 11], [474, 14], [1003, 24], [1185, 17], [636, 37], [1689, 16], [815, 38], [1751, 14], [1426, 15], [240, 10], [71, 20], [1900, 11], [502, 28], [701, 17], [1444, 16], [1693, 11], [1655, 15], [888, 11], [564, 17]], "mean": 0.0009002685546875}