{"vals": [0.030517578125, 0.0286865234375, 0.026123046875, 0.0244140625, 0.0201416015625, 0.01904296875, 0.0189208984375, 0.017578125, 0.01708984375, 0.0167236328125, 0.015625, 0.01446533203125, 0.01397705078125, 0.013916015625, 0.01373291015625, 0.01324462890625, 0.012939453125, 0.01263427734375, 0.01214599609375, 0.01214599609375, 0.011962890625, 0.011474609375, 0.01068115234375, 0.0106201171875, 0.0106201171875, 0.0106201171875, 0.01031494140625, 0.01025390625, 0.01007080078125, 0.00994873046875, 0.00982666015625, 0.009765625, 0.00970458984375, 0.00933837890625, 0.00927734375, 0.00860595703125, 0.008544921875, 0.00823974609375, 0.00823974609375, 0.00799560546875, 0.00787353515625, 0.00787353515625, 0.00787353515625, 0.00775146484375, 0.00762939453125, 0.0074462890625, 0.007354736328125, 0.007293701171875, 0.007232666015625, 0.007171630859375, 0.007049560546875, 0.006988525390625, 0.0069580078125, 0.00689697265625, 0.006805419921875, 0.00677490234375, 0.006744384765625, 0.0067138671875, 0.006683349609375, 0.006683349609375, 0.00665283203125, 0.006622314453125, 0.006591796875, 0.00653076171875, 0.006500244140625, 0.0064697265625, 0.0064697265625, 0.006439208984375, 0.006439208984375, 0.00634765625, 0.00634765625, 0.00628662109375, 0.0062255859375, 0.0062255859375, 0.006195068359375, 0.006134033203125, 0.00604248046875, 0.00604248046875, 0.005828857421875, 0.005828857421875, 0.00579833984375, 0.00579833984375, 0.0057373046875, 0.005645751953125, 0.005615234375, 0.005615234375, 0.00555419921875, 0.00555419921875, 0.00543212890625, 0.00543212890625, 0.005401611328125, 0.00537109375, 0.00537109375, 0.005340576171875, 0.005340576171875, 0.005340576171875, 0.005340576171875, 0.00531005859375, 0.005279541015625, 0.005279541015625], "inds": [[1816, 71], [134, 45], [134, 39], [134, 47], [1335, 63], [101, 53], [401, 21], [1489, 263], [1781, 129], [122, 29], [1042, 73], [729, 203], [991, 245], [1505, 244], [854, 75], [445, 242], [522, 78], [1947, 108], [814, 27], [355, 236], [1972, 31], [113, 112], [559, 65], [389, 130], [1529, 295], [179, 109], [404, 247], [1009, 74], [1105, 182], [759, 288], [455, 186], [1944, 197], [1305, 29], [171, 48], [1086, 84], [1921, 39], [706, 220], [1788, 102], [1180, 154], [20, 58], [1705, 107], [1294, 157], [394, 125], [1430, 199], [890, 139], [733, 269], [509, 21], [669, 51], [1267, 156], [1880, 159], [1414, 94], [560, 251], [890, 195], [958, 75], [1719, 51], [554, 61], [1942, 260], [375, 78], [1305, 27], [507, 41], [1236, 132], [1109, 146], [1602, 12], [952, 129], [1105, 181], [1760, 108], [485, 27], [886, 229], [436, 53], [1422, 87], [731, 153], [54, 206], [179, 97], [266, 80], [1365, 24], [1404, 97], [270, 102], [500, 154], [302, 91], [363, 114], [113, 109], [285, 222], [669, 57], [1791, 185], [1285, 252], [389, 179], [578, 276], [962, 135], [530, 146], [125, 238], [1593, 9], [1500, 79], [57, 277], [967, 60], [1305, 63], [553, 88], [1253, 36], [1784, 292], [1516, 196], [469, 132]], "mean": 4.839897155761719e-05}