{"vals": [0.0120849609375, 0.011962890625, 0.01031494140625, 0.01019287109375, 0.01019287109375, 0.01007080078125, 0.00885009765625, 0.007354736328125, 0.006866455078125, 0.006134033203125, 0.006134033203125, 0.006072998046875, 0.00592041015625, 0.00592041015625, 0.005767822265625, 0.005584716796875, 0.00543212890625, 0.005340576171875, 0.00531005859375, 0.0052490234375, 0.005218505859375, 0.005096435546875, 0.00506591796875, 0.005035400390625, 0.005035400390625, 0.00494384765625, 0.0047607421875, 0.0047607421875, 0.004669189453125, 0.00457763671875, 0.004547119140625, 0.0045166015625, 0.0045166015625, 0.004486083984375, 0.004364013671875, 0.004302978515625, 0.0042724609375, 0.0042724609375, 0.004241943359375, 0.004150390625, 0.004150390625, 0.004119873046875, 0.00408935546875, 0.004058837890625, 0.00396728515625, 0.003936767578125, 0.0038909912109375, 0.0038299560546875, 0.003814697265625, 0.0037994384765625, 0.0037841796875, 0.0037689208984375, 0.0037078857421875, 0.0036468505859375, 0.0036163330078125, 0.00360107421875, 0.00360107421875, 0.003570556640625, 0.0035247802734375, 0.0035247802734375, 0.0034942626953125, 0.00347900390625, 0.0034637451171875, 0.003448486328125, 0.0034332275390625, 0.00341796875, 0.00341796875, 0.0034027099609375, 0.0034027099609375, 0.0033721923828125, 0.00335693359375, 0.003326416015625, 0.003326416015625, 0.0033111572265625, 0.0032958984375, 0.0032806396484375, 0.003265380859375, 0.003265380859375, 0.00323486328125, 0.0031890869140625, 0.003173828125, 0.003143310546875, 0.00311279296875, 0.0030975341796875, 0.0030517578125, 0.003021240234375, 0.003021240234375, 0.003021240234375, 0.00299072265625, 0.00299072265625, 0.0029754638671875, 0.0029754638671875, 0.0029449462890625, 0.0029449462890625, 0.0029296875, 0.0029296875, 0.0028839111328125, 0.0028839111328125, 0.0028839111328125, 0.0028533935546875], "inds": [[1697, 195], [472, 166], [1170, 166], [556, 207], [1619, 186], [1429, 193], [1160, 168], [1935, 152], [614, 231], [1123, 56], [788, 139], [620, 261], [72, 200], [1389, 238], [1618, 140], [339, 30], [1651, 70], [889, 88], [594, 89], [1498, 52], [243, 137], [1927, 118], [985, 49], [1524, 77], [1098, 48], [1042, 93], [1212, 236], [1305, 57], [1356, 147], [14, 47], [106, 193], [87, 21], [934, 26], [804, 156], [345, 25], [1241, 55], [1796, 59], [1816, 207], [728, 139], [1887, 149], [1812, 49], [1463, 229], [1741, 214], [826, 238], [254, 57], [297, 200], [858, 19], [1847, 69], [498, 194], [1874, 131], [283, 63], [1009, 139], [789, 62], [1770, 95], [374, 213], [726, 32], [1361, 213], [798, 42], [187, 22], [455, 76], [1162, 227], [1723, 255], [477, 283], [125, 206], [277, 40], [804, 168], [1223, 236], [271, 280], [880, 40], [1057, 216], [422, 114], [148, 100], [915, 110], [1818, 74], [465, 92], [1212, 56], [1463, 182], [255, 247], [1013, 220], [540, 193], [1405, 42], [660, 263], [224, 65], [1478, 40], [272, 74], [1573, 62], [31, 40], [1173, 264], [201, 71], [1951, 206], [1288, 48], [1639, 126], [384, 156], [310, 169], [217, 41], [1631, 155], [1415, 27], [316, 164], [741, 178], [1204, 168]], "mean": 4.9591064453125e-05}