{"vals": [0.03466796875, 0.0228271484375, 0.022216796875, 0.01531982421875, 0.01416015625, 0.0140380859375, 0.01318359375, 0.01068115234375, 0.00958251953125, 0.008544921875, 0.00830078125, 0.008056640625, 0.00787353515625, 0.007537841796875, 0.007354736328125, 0.007293701171875, 0.007110595703125, 0.006988525390625, 0.006866455078125, 0.006744384765625, 0.006591796875, 0.006439208984375, 0.00634765625, 0.00628662109375, 0.006011962890625, 0.005950927734375, 0.005889892578125, 0.005889892578125, 0.005828857421875, 0.005706787109375, 0.00567626953125, 0.005523681640625, 0.005401611328125, 0.005401611328125, 0.005340576171875, 0.005126953125, 0.005096435546875, 0.00506591796875, 0.005035400390625, 0.00494384765625, 0.004913330078125, 0.004852294921875, 0.00482177734375, 0.004791259765625, 0.0045166015625, 0.004486083984375, 0.004364013671875, 0.00433349609375, 0.0042724609375, 0.004241943359375, 0.004180908203125, 0.004119873046875, 0.003997802734375, 0.00396728515625, 0.003936767578125, 0.003936767578125, 0.003936767578125, 0.00390625, 0.003875732421875, 0.00384521484375, 0.0038299560546875, 0.0038299560546875, 0.0037994384765625, 0.0037994384765625, 0.0037841796875, 0.0037841796875, 0.0037078857421875, 0.0037078857421875, 0.0035400390625, 0.0035247802734375, 0.0035247802734375, 0.003509521484375, 0.003509521484375, 0.0034942626953125, 0.0034942626953125, 0.0034637451171875, 0.003448486328125, 0.003448486328125, 0.0034027099609375, 0.003326416015625, 0.00323486328125, 0.00323486328125, 0.00323486328125, 0.003204345703125, 0.003204345703125, 0.0031890869140625, 0.0031890869140625, 0.0031890869140625, 0.0031585693359375, 0.0031585693359375, 0.0030975341796875, 0.0030975341796875, 0.0030975341796875, 0.0030975341796875, 0.0030517578125, 0.0030517578125, 0.0030364990234375, 0.003021240234375, 0.0030059814453125, 0.0030059814453125], "inds": [[1826, 214], [520, 239], [562, 264], [1536, 28], [847, 290], [503, 42], [1287, 265], [391, 135], [1433, 298], [760, 155], [1096, 238], [1287, 264], [1702, 199], [1826, 213], [330, 253], [529, 97], [1796, 38], [756, 103], [1383, 49], [1697, 33], [1125, 105], [1086, 78], [391, 139], [1225, 250], [1440, 113], [892, 19], [1525, 20], [74, 278], [1548, 76], [504, 240], [1989, 34], [528, 169], [346, 18], [520, 163], [258, 45], [1669, 202], [1669, 204], [27, 107], [1048, 178], [1149, 89], [1607, 55], [433, 33], [967, 78], [1811, 275], [1287, 263], [1233, 228], [1128, 40], [394, 298], [1233, 227], [1821, 103], [1233, 226], [297, 131], [1440, 111], [1238, 70], [1889, 90], [180, 242], [1849, 61], [193, 103], [1895, 20], [167, 33], [20, 184], [3, 181], [869, 291], [967, 220], [231, 296], [1095, 22], [1805, 43], [340, 12], [3, 231], [1702, 200], [211, 209], [855, 141], [1188, 137], [1891, 62], [1969, 42], [548, 281], [1354, 25], [231, 54], [943, 47], [391, 138], [1233, 158], [1243, 153], [1492, 101], [1927, 246], [856, 281], [353, 57], [1212, 232], [845, 133], [948, 162], [202, 165], [967, 105], [1351, 86], [892, 81], [1985, 215], [346, 106], [167, 26], [1697, 195], [392, 47], [54, 44], [1569, 160]], "mean": 2.5391578674316406e-05}