{"vals": [0.016845703125, 0.01416015625, 0.01385498046875, 0.01141357421875, 0.01055908203125, 0.01055908203125, 0.01025390625, 0.00994873046875, 0.009765625, 0.009521484375, 0.00885009765625, 0.00714111328125, 0.00677490234375, 0.006744384765625, 0.006744384765625, 0.006683349609375, 0.006439208984375, 0.006195068359375, 0.00604248046875, 0.005523681640625, 0.00543212890625, 0.00537109375, 0.00518798828125, 0.005126953125, 0.0050048828125, 0.004974365234375, 0.004791259765625, 0.0047607421875, 0.00469970703125, 0.00469970703125, 0.004608154296875, 0.00457763671875, 0.0045166015625, 0.004486083984375, 0.004486083984375, 0.004486083984375, 0.004486083984375, 0.00439453125, 0.004364013671875, 0.004302978515625, 0.004241943359375, 0.004180908203125, 0.004180908203125, 0.004119873046875, 0.0040283203125, 0.003997802734375, 0.00396728515625, 0.00390625, 0.00390625, 0.0037994384765625, 0.0037841796875, 0.0036468505859375, 0.003631591796875, 0.003631591796875, 0.00360107421875, 0.0035552978515625, 0.0035552978515625, 0.0035247802734375, 0.0034942626953125, 0.0034637451171875, 0.003448486328125, 0.00341796875, 0.0034027099609375, 0.003387451171875, 0.0033721923828125, 0.003326416015625, 0.003326416015625, 0.0033111572265625, 0.0032501220703125, 0.0032501220703125, 0.0032501220703125, 0.0032196044921875, 0.0031890869140625, 0.003173828125, 0.003173828125, 0.0030364990234375, 0.003021240234375, 0.00299072265625, 0.0029754638671875, 0.0029449462890625, 0.0029296875, 0.0029296875, 0.0029296875, 0.0029144287109375, 0.002899169921875, 0.0028839111328125, 0.00286865234375, 0.0028533935546875, 0.0028533935546875, 0.002838134765625, 0.002838134765625, 0.0027923583984375, 0.002777099609375, 0.002777099609375, 0.0027618408203125, 0.0027618408203125, 0.00274658203125, 0.00274658203125, 0.00274658203125, 0.0027008056640625], "inds": [[351, 39], [1303, 153], [1048, 130], [1392, 76], [106, 121], [89, 155], [435, 139], [1996, 75], [934, 26], [980, 66], [235, 104], [973, 62], [552, 35], [435, 91], [980, 67], [636, 24], [1565, 83], [1592, 190], [48, 43], [869, 111], [759, 120], [1461, 31], [1674, 195], [296, 13], [774, 177], [136, 118], [971, 73], [1642, 263], [655, 244], [511, 255], [749, 174], [1953, 212], [1528, 213], [1402, 104], [879, 273], [966, 84], [1850, 24], [748, 269], [1818, 107], [717, 93], [968, 105], [950, 248], [815, 245], [199, 43], [302, 64], [1524, 149], [575, 88], [7, 180], [1632, 167], [442, 43], [1589, 50], [235, 23], [1739, 31], [1392, 222], [1323, 100], [102, 174], [1625, 217], [992, 174], [677, 142], [1354, 92], [302, 89], [905, 160], [252, 206], [1342, 232], [630, 43], [645, 297], [1105, 74], [683, 104], [1072, 145], [43, 89], [1870, 13], [1336, 31], [479, 266], [1902, 158], [341, 86], [977, 13], [614, 171], [443, 37], [1126, 20], [1287, 45], [1284, 250], [353, 152], [1824, 56], [1897, 163], [806, 146], [455, 73], [22, 73], [102, 95], [1270, 214], [968, 88], [1639, 61], [1821, 273], [832, 294], [869, 114], [1514, 127], [351, 38], [1582, 106], [645, 282], [1380, 271], [343, 38]], "mean": 4.220008850097656e-05}