{"vals": [0.271484375, 0.2392578125, 0.2197265625, 0.1337890625, 0.10791015625, 0.0751953125, 0.06640625, 0.06396484375, 0.06396484375, 0.06298828125, 0.055419921875, 0.05517578125, 0.052490234375, 0.052001953125, 0.046630859375, 0.04443359375, 0.040771484375, 0.040283203125, 0.037109375, 0.036376953125, 0.03515625, 0.03515625, 0.034423828125, 0.033203125, 0.02978515625, 0.029541015625, 0.0294189453125, 0.029296875, 0.028076171875, 0.027099609375, 0.027099609375, 0.0267333984375, 0.0252685546875, 0.02392578125, 0.023193359375, 0.0230712890625, 0.022705078125, 0.0220947265625, 0.0220947265625, 0.021240234375, 0.021240234375, 0.0211181640625, 0.0208740234375, 0.0198974609375, 0.0198974609375, 0.019775390625, 0.018798828125, 0.0186767578125, 0.0186767578125, 0.018310546875, 0.018310546875, 0.0181884765625, 0.0181884765625, 0.01806640625, 0.017822265625, 0.017333984375, 0.017333984375, 0.016845703125, 0.0166015625, 0.0166015625, 0.016357421875, 0.016357421875, 0.0162353515625, 0.0162353515625, 0.01611328125, 0.015380859375, 0.01519775390625, 0.0150146484375, 0.01483154296875, 0.0147705078125, 0.0146484375, 0.01434326171875, 0.01422119140625, 0.01422119140625, 0.01409912109375, 0.01409912109375, 0.0140380859375, 0.0140380859375, 0.013916015625, 0.0137939453125, 0.0137939453125, 0.0137939453125, 0.0137939453125, 0.01373291015625, 0.01373291015625, 0.013671875, 0.013671875, 0.0133056640625, 0.0133056640625, 0.01318359375, 0.0130615234375, 0.01300048828125, 0.012939453125, 0.0128173828125, 0.0126953125, 0.01263427734375, 0.01263427734375, 0.01263427734375, 0.0125732421875, 0.012451171875], "inds": [[1001, 53], [948, 121], [1284, 116], [609, 267], [972, 106], [1890, 187], [374, 75], [416, 95], [106, 121], [1614, 202], [164, 13], [1830, 46], [319, 50], [435, 175], [149, 39], [1545, 73], [967, 59], [216, 97], [1566, 158], [905, 129], [406, 114], [1679, 60], [149, 179], [404, 100], [406, 117], [731, 13], [1724, 18], [1079, 24], [1428, 149], [1624, 252], [1421, 167], [1629, 254], [319, 189], [279, 31], [1539, 210], [319, 174], [1539, 39], [1343, 35], [1101, 52], [1998, 234], [1777, 6], [646, 57], [1904, 79], [1204, 21], [902, 127], [1464, 12], [1035, 23], [404, 36], [88, 8], [1726, 72], [1035, 40], [1130, 225], [146, 120], [1639, 104], [281, 9], [833, 31], [926, 281], [862, 55], [236, 181], [348, 24], [777, 25], [1296, 26], [1912, 15], [1982, 18], [1748, 239], [1282, 116], [857, 12], [348, 18], [1136, 7], [425, 35], [216, 98], [203, 38], [425, 26], [1428, 61], [857, 41], [1791, 186], [1614, 61], [667, 127], [768, 32], [791, 186], [127, 15], [6, 217], [425, 10], [963, 51], [974, 236], [1887, 151], [309, 98], [374, 200], [640, 46], [1722, 13], [1998, 211], [866, 28], [857, 9], [1624, 10], [406, 257], [260, 12], [1210, 133], [416, 142], [226, 198], [1614, 120]], "mean": 7.963180541992188e-05}