{"vals": [2.59375, 0.451171875, 0.3984375, 0.23828125, 0.1884765625, 0.169921875, 0.169921875, 0.150390625, 0.1357421875, 0.130859375, 0.1220703125, 0.10546875, 0.10498046875, 0.0908203125, 0.0869140625, 0.0810546875, 0.07958984375, 0.06982421875, 0.06396484375, 0.061767578125, 0.0615234375, 0.060791015625, 0.06005859375, 0.05224609375, 0.0517578125, 0.051025390625, 0.05029296875, 0.049560546875, 0.04931640625, 0.048583984375, 0.048095703125, 0.047119140625, 0.046875, 0.0458984375, 0.04345703125, 0.042724609375, 0.04248046875, 0.041259765625, 0.041015625, 0.041015625, 0.041015625, 0.041015625, 0.041015625, 0.041015625, 0.041015625, 0.041015625, 0.041015625, 0.041015625, 0.041015625, 0.039306640625, 0.0380859375, 0.037109375, 0.036865234375, 0.035400390625, 0.03466796875, 0.03466796875, 0.033203125, 0.03271484375, 0.031982421875, 0.03173828125, 0.03125, 0.03125, 0.031005859375, 0.03076171875, 0.0279541015625, 0.02783203125, 0.0277099609375, 0.027587890625, 0.0269775390625, 0.02685546875, 0.026611328125, 0.0263671875, 0.026123046875, 0.0260009765625, 0.0257568359375, 0.0247802734375, 0.0242919921875, 0.024169921875, 0.02392578125, 0.023681640625, 0.023681640625, 0.0234375, 0.0233154296875, 0.023193359375, 0.0225830078125, 0.0225830078125, 0.0223388671875, 0.0220947265625, 0.0218505859375, 0.021728515625, 0.021240234375, 0.021240234375, 0.021240234375, 0.02099609375, 0.0208740234375, 0.0206298828125, 0.0206298828125, 0.0203857421875, 0.020263671875, 0.0201416015625], "inds": [[1001, 53], [1, 16], [1284, 116], [319, 50], [1, 17], [1724, 18], [1243, 193], [1545, 4], [1982, 18], [1079, 24], [106, 121], [1890, 187], [1747, 33], [1092, 26], [1341, 28], [1280, 21], [1296, 26], [1545, 73], [1371, 78], [1204, 24], [1782, 55], [256, 43], [20, 34], [948, 121], [1927, 19], [753, 21], [543, 64], [1409, 14], [1101, 52], [1679, 60], [1843, 62], [149, 179], [1299, 31], [1359, 16], [1443, 26], [1421, 167], [1836, 22], [1560, 11], [196, 4], [435, 175], [445, 4], [231, 4], [458, 4], [603, 4], [492, 4], [413, 4], [632, 4], [95, 4], [449, 4], [406, 114], [1880, 40], [158, 82], [1291, 28], [1702, 18], [17, 26], [874, 15], [731, 13], [625, 45], [1552, 32], [748, 267], [768, 32], [1808, 17], [1960, 14], [1647, 16], [609, 267], [818, 23], [53, 18], [1389, 11], [164, 13], [644, 22], [971, 27], [318, 18], [714, 73], [146, 120], [1371, 40], [658, 29], [1597, 25], [1624, 10], [1093, 13], [1097, 15], [617, 48], [325, 37], [1208, 51], [1141, 32], [980, 15], [1691, 130], [1979, 20], [683, 26], [1440, 15], [459, 279], [1145, 15], [1708, 49], [1154, 20], [60, 19], [589, 189], [1792, 93], [406, 117], [905, 129], [1630, 11], [1360, 47]], "mean": 8.726119995117188e-05}