{"vals": [0.625, 0.2255859375, 0.197265625, 0.18359375, 0.1142578125, 0.10302734375, 0.09033203125, 0.08837890625, 0.07861328125, 0.07763671875, 0.07373046875, 0.0732421875, 0.07275390625, 0.0625, 0.0625, 0.061279296875, 0.060546875, 0.059814453125, 0.052001953125, 0.052001953125, 0.051513671875, 0.05029296875, 0.050048828125, 0.046875, 0.046630859375, 0.045166015625, 0.045166015625, 0.044921875, 0.044921875, 0.043212890625, 0.04296875, 0.042236328125, 0.041015625, 0.038818359375, 0.037841796875, 0.037109375, 0.036376953125, 0.03564453125, 0.034912109375, 0.034912109375, 0.03466796875, 0.034423828125, 0.0341796875, 0.033203125, 0.0322265625, 0.03173828125, 0.03173828125, 0.031005859375, 0.03076171875, 0.0306396484375, 0.030517578125, 0.029296875, 0.029052734375, 0.0279541015625, 0.0272216796875, 0.027099609375, 0.0269775390625, 0.0267333984375, 0.026611328125, 0.0263671875, 0.02587890625, 0.025390625, 0.0252685546875, 0.02490234375, 0.024658203125, 0.024658203125, 0.0240478515625, 0.023193359375, 0.02294921875, 0.02294921875, 0.022705078125, 0.022705078125, 0.0224609375, 0.0224609375, 0.0224609375, 0.0224609375, 0.0223388671875, 0.02197265625, 0.0216064453125, 0.0213623046875, 0.021240234375, 0.0208740234375, 0.0208740234375, 0.020751953125, 0.0206298828125, 0.0203857421875, 0.0203857421875, 0.020263671875, 0.020263671875, 0.0201416015625, 0.0201416015625, 0.02001953125, 0.0198974609375, 0.0196533203125, 0.01953125, 0.01953125, 0.01953125, 0.0194091796875, 0.019287109375, 0.0191650390625], "inds": [[1428, 149], [460, 14], [1791, 186], [833, 31], [540, 13], [425, 35], [1588, 46], [1492, 101], [1227, 51], [905, 129], [319, 174], [425, 26], [425, 10], [1726, 72], [425, 34], [710, 16], [1464, 12], [331, 14], [236, 181], [1695, 36], [748, 137], [319, 189], [1371, 78], [271, 87], [800, 75], [748, 136], [833, 45], [732, 14], [149, 39], [833, 43], [360, 8], [833, 47], [967, 59], [480, 20], [425, 45], [1748, 268], [236, 192], [404, 33], [1684, 49], [1520, 11], [753, 21], [425, 7], [609, 267], [1966, 23], [1553, 163], [1553, 83], [450, 51], [1448, 13], [1588, 45], [387, 11], [748, 41], [425, 32], [1553, 144], [236, 196], [1553, 112], [763, 131], [1130, 225], [1336, 267], [88, 10], [1679, 60], [1388, 154], [425, 25], [1539, 210], [425, 23], [748, 135], [1382, 183], [564, 12], [581, 11], [1721, 77], [1267, 156], [288, 23], [1655, 21], [1765, 19], [1695, 34], [1520, 12], [1539, 39], [1989, 34], [1781, 14], [504, 8], [528, 137], [1713, 135], [1655, 12], [147, 30], [887, 83], [1336, 271], [1110, 17], [1553, 172], [425, 43], [147, 13], [425, 79], [1588, 44], [406, 257], [1553, 226], [1322, 30], [236, 198], [450, 10], [624, 6], [679, 21], [845, 264], [950, 213]], "mean": 6.008148193359375e-05}