{"vals": [0.11279296875, 0.11279296875, 0.1083984375, 0.0986328125, 0.06884765625, 0.0537109375, 0.0478515625, 0.04736328125, 0.046875, 0.04638671875, 0.0419921875, 0.04150390625, 0.041015625, 0.036376953125, 0.033447265625, 0.03271484375, 0.03271484375, 0.031494140625, 0.02978515625, 0.0267333984375, 0.02587890625, 0.025634765625, 0.0245361328125, 0.0240478515625, 0.023193359375, 0.0220947265625, 0.021484375, 0.021240234375, 0.0205078125, 0.01953125, 0.018310546875, 0.0179443359375, 0.017333984375, 0.0169677734375, 0.016845703125, 0.0167236328125, 0.0164794921875, 0.0164794921875, 0.0164794921875, 0.0159912109375, 0.015869140625, 0.01556396484375, 0.01483154296875, 0.01458740234375, 0.0145263671875, 0.0142822265625, 0.01409912109375, 0.01385498046875, 0.01373291015625, 0.0135498046875, 0.01324462890625, 0.012939453125, 0.01275634765625, 0.012451171875, 0.01202392578125, 0.011962890625, 0.01190185546875, 0.0118408203125, 0.0118408203125, 0.01177978515625, 0.01171875, 0.01165771484375, 0.011474609375, 0.0113525390625, 0.01123046875, 0.01116943359375, 0.01104736328125, 0.01092529296875, 0.01080322265625, 0.01055908203125, 0.0103759765625, 0.0101318359375, 0.0098876953125, 0.00982666015625, 0.009765625, 0.009765625, 0.009521484375, 0.00946044921875, 0.00933837890625, 0.00927734375, 0.00921630859375, 0.00921630859375, 0.009033203125, 0.00897216796875, 0.00897216796875, 0.00885009765625, 0.0087890625, 0.008544921875, 0.00848388671875, 0.00848388671875, 0.0084228515625, 0.0084228515625, 0.0084228515625, 0.00830078125, 0.00830078125, 0.00823974609375, 0.00811767578125, 0.008056640625, 0.008056640625, 0.0079345703125], "inds": [[1624, 252], [1629, 254], [319, 50], [556, 66], [1284, 116], [1428, 149], [1101, 52], [1267, 156], [609, 267], [1748, 74], [753, 21], [149, 179], [723, 55], [972, 106], [106, 121], [818, 221], [543, 64], [818, 218], [677, 31], [1296, 26], [8, 9], [710, 16], [1539, 210], [679, 21], [976, 7], [963, 124], [1288, 19], [646, 57], [298, 36], [1492, 101], [268, 87], [996, 42], [191, 5], [1314, 54], [818, 220], [1639, 104], [589, 189], [1708, 49], [818, 23], [512, 109], [1726, 72], [1748, 239], [1103, 246], [1614, 202], [43, 116], [543, 164], [1777, 6], [1079, 24], [1752, 39], [1539, 39], [716, 163], [716, 71], [574, 14], [1288, 17], [818, 24], [1611, 72], [1585, 14], [543, 62], [948, 121], [971, 50], [818, 219], [748, 267], [818, 231], [1198, 49], [1791, 186], [460, 10], [37, 228], [1322, 30], [1655, 88], [818, 229], [406, 257], [1532, 138], [826, 105], [1582, 29], [1816, 72], [558, 130], [1096, 20], [1421, 167], [1806, 136], [1377, 38], [1982, 18], [460, 14], [1014, 183], [1597, 25], [1539, 209], [425, 26], [976, 49], [1363, 34], [1074, 275], [348, 52], [448, 32], [1655, 133], [813, 106], [374, 289], [279, 31], [425, 35], [543, 61], [453, 5], [818, 243], [204, 69]], "mean": 2.9921531677246094e-05}