{"vals": [1.734375, 1.6796875, 0.546875, 0.515625, 0.466796875, 0.328125, 0.31640625, 0.2275390625, 0.134765625, 0.11767578125, 0.10693359375, 0.1005859375, 0.09814453125, 0.09716796875, 0.09228515625, 0.0908203125, 0.080078125, 0.0791015625, 0.07470703125, 0.07275390625, 0.0673828125, 0.06494140625, 0.0615234375, 0.060302734375, 0.05908203125, 0.058349609375, 0.05810546875, 0.057861328125, 0.05517578125, 0.054931640625, 0.05419921875, 0.05322265625, 0.052734375, 0.052734375, 0.05224609375, 0.051513671875, 0.0498046875, 0.04833984375, 0.048095703125, 0.0478515625, 0.04736328125, 0.04736328125, 0.046875, 0.046630859375, 0.04638671875, 0.0458984375, 0.044677734375, 0.04443359375, 0.0439453125, 0.04345703125, 0.04296875, 0.04248046875, 0.041748046875, 0.040771484375, 0.040771484375, 0.040283203125, 0.040283203125, 0.0400390625, 0.03955078125, 0.03955078125, 0.039306640625, 0.0390625, 0.03857421875, 0.03759765625, 0.037353515625, 0.037353515625, 0.03662109375, 0.035888671875, 0.03515625, 0.034423828125, 0.0341796875, 0.033203125, 0.033203125, 0.032470703125, 0.032470703125, 0.0322265625, 0.0322265625, 0.031982421875, 0.031005859375, 0.031005859375, 0.0308837890625, 0.0302734375, 0.0301513671875, 0.0294189453125, 0.0291748046875, 0.029052734375, 0.0284423828125, 0.0284423828125, 0.0281982421875, 0.0279541015625, 0.0277099609375, 0.02734375, 0.0272216796875, 0.027099609375, 0.0269775390625, 0.0269775390625, 0.0269775390625, 0.02685546875, 0.0263671875, 0.0262451171875], "inds": [[1001, 53], [319, 50], [1614, 202], [1296, 26], [106, 121], [1079, 24], [818, 24], [1982, 18], [1341, 28], [972, 106], [543, 64], [1614, 241], [1747, 33], [1205, 156], [926, 145], [1476, 122], [325, 37], [1243, 82], [818, 23], [585, 24], [846, 81], [1284, 116], [609, 211], [1132, 11], [1702, 18], [1303, 170], [1933, 25], [43, 92], [469, 175], [837, 25], [1101, 88], [167, 18], [645, 289], [1761, 26], [1747, 34], [609, 267], [963, 124], [302, 292], [1145, 15], [549, 22], [1409, 14], [1960, 14], [883, 22], [302, 160], [1074, 275], [892, 133], [543, 62], [1979, 20], [1774, 51], [469, 200], [318, 18], [1913, 72], [381, 229], [905, 129], [590, 240], [266, 24], [20, 34], [645, 297], [325, 29], [1299, 34], [793, 151], [293, 200], [1371, 78], [1202, 239], [1154, 20], [778, 27], [462, 20], [1098, 48], [1602, 25], [426, 61], [1588, 52], [1100, 50], [1035, 40], [1521, 28], [948, 121], [1673, 17], [1992, 26], [520, 35], [1771, 21], [368, 21], [1544, 23], [1206, 26], [543, 61], [1614, 203], [1756, 72], [606, 166], [299, 191], [1173, 131], [1233, 61], [1837, 273], [1828, 18], [1966, 23], [880, 12], [1093, 13], [1640, 40], [294, 204], [1708, 49], [306, 16], [837, 24], [1690, 17]], "mean": 0.00011014938354492188}