{"vals": [0.56640625, 0.23046875, 0.169921875, 0.1494140625, 0.1416015625, 0.125, 0.12255859375, 0.12109375, 0.1044921875, 0.091796875, 0.0888671875, 0.08642578125, 0.08544921875, 0.08251953125, 0.08056640625, 0.07958984375, 0.07861328125, 0.07275390625, 0.072265625, 0.0703125, 0.0693359375, 0.0654296875, 0.0634765625, 0.0625, 0.062255859375, 0.0615234375, 0.059326171875, 0.05908203125, 0.057373046875, 0.055908203125, 0.055908203125, 0.055908203125, 0.05517578125, 0.054931640625, 0.052978515625, 0.052978515625, 0.050048828125, 0.0498046875, 0.04931640625, 0.04931640625, 0.049072265625, 0.049072265625, 0.0478515625, 0.045654296875, 0.044921875, 0.044677734375, 0.0439453125, 0.04345703125, 0.043212890625, 0.042724609375, 0.0419921875, 0.0390625, 0.03857421875, 0.03857421875, 0.038330078125, 0.03759765625, 0.03759765625, 0.03759765625, 0.037353515625, 0.037353515625, 0.03662109375, 0.0341796875, 0.033935546875, 0.032958984375, 0.03271484375, 0.032470703125, 0.0322265625, 0.0322265625, 0.031005859375, 0.03076171875, 0.0303955078125, 0.0294189453125, 0.0294189453125, 0.0294189453125, 0.029296875, 0.02880859375, 0.0286865234375, 0.028076171875, 0.0279541015625, 0.02783203125, 0.02783203125, 0.0277099609375, 0.0267333984375, 0.0267333984375, 0.0264892578125, 0.0263671875, 0.0262451171875, 0.02587890625, 0.0257568359375, 0.0257568359375, 0.0257568359375, 0.025390625, 0.025146484375, 0.025146484375, 0.02490234375, 0.0247802734375, 0.0245361328125, 0.0245361328125, 0.0244140625, 0.024169921875], "inds": [[1614, 202], [319, 50], [416, 104], [1777, 6], [1428, 61], [972, 106], [233, 208], [164, 13], [950, 6], [1096, 20], [650, 28], [1164, 11], [1624, 252], [241, 50], [34, 94], [1629, 254], [1284, 116], [967, 59], [833, 31], [818, 24], [1614, 61], [905, 129], [1849, 67], [233, 209], [34, 98], [1101, 52], [1778, 38], [625, 35], [723, 55], [406, 114], [1553, 221], [818, 23], [1979, 269], [1553, 174], [416, 284], [1140, 137], [1814, 10], [574, 249], [528, 169], [1204, 24], [1778, 7], [416, 95], [784, 171], [216, 97], [1614, 203], [625, 45], [186, 14], [374, 75], [1006, 8], [1806, 227], [1553, 172], [1553, 219], [227, 18], [1427, 7], [367, 23], [1791, 186], [725, 11], [404, 160], [216, 98], [296, 34], [831, 5], [1170, 166], [950, 10], [1417, 7], [609, 211], [1778, 8], [1624, 10], [309, 55], [236, 181], [22, 6], [216, 96], [1476, 73], [711, 74], [1065, 230], [1286, 90], [728, 59], [1301, 14], [697, 213], [1849, 66], [416, 107], [659, 77], [404, 161], [427, 37], [716, 202], [1778, 61], [926, 281], [1553, 144], [1740, 48], [582, 242], [512, 109], [626, 257], [1624, 8], [1614, 46], [974, 236], [1169, 259], [98, 15], [589, 189], [532, 228], [1002, 225], [833, 43]], "mean": 8.726119995117188e-05}