{"vals": [0.134765625, 0.083984375, 0.0673828125, 0.053466796875, 0.048095703125, 0.046875, 0.03955078125, 0.036865234375, 0.0361328125, 0.032470703125, 0.0308837890625, 0.030517578125, 0.0284423828125, 0.0263671875, 0.0263671875, 0.026123046875, 0.0255126953125, 0.0250244140625, 0.024169921875, 0.02197265625, 0.021728515625, 0.021240234375, 0.0211181640625, 0.02099609375, 0.0208740234375, 0.0206298828125, 0.0205078125, 0.0196533203125, 0.0189208984375, 0.0184326171875, 0.018310546875, 0.0179443359375, 0.0179443359375, 0.017333984375, 0.0172119140625, 0.01708984375, 0.016845703125, 0.0164794921875, 0.01611328125, 0.015869140625, 0.015869140625, 0.0157470703125, 0.0155029296875, 0.015380859375, 0.01495361328125, 0.01483154296875, 0.01422119140625, 0.01416015625, 0.0137939453125, 0.01373291015625, 0.01373291015625, 0.013671875, 0.013671875, 0.01361083984375, 0.013427734375, 0.0133056640625, 0.01324462890625, 0.0130615234375, 0.01300048828125, 0.0126953125, 0.0123291015625, 0.01220703125, 0.01214599609375, 0.01214599609375, 0.01214599609375, 0.01190185546875, 0.01171875, 0.01165771484375, 0.01165771484375, 0.0115966796875, 0.01129150390625, 0.01116943359375, 0.01104736328125, 0.01104736328125, 0.010986328125, 0.010986328125, 0.010986328125, 0.0108642578125, 0.01080322265625, 0.01068115234375, 0.0106201171875, 0.010498046875, 0.010498046875, 0.010498046875, 0.01043701171875, 0.0103759765625, 0.01031494140625, 0.01025390625, 0.01025390625, 0.01019287109375, 0.01007080078125, 0.00994873046875, 0.00994873046875, 0.009765625, 0.009765625, 0.009765625, 0.0096435546875, 0.0096435546875, 0.0096435546875, 0.00958251953125], "inds": [[1303, 170], [1132, 11], [127, 15], [971, 50], [1836, 22], [106, 121], [926, 145], [971, 64], [967, 89], [1219, 12], [1541, 10], [1303, 168], [1927, 230], [319, 50], [76, 24], [1790, 135], [748, 250], [1545, 73], [967, 176], [967, 144], [1636, 188], [435, 175], [149, 179], [557, 13], [1531, 274], [753, 21], [1679, 60], [76, 23], [971, 61], [76, 54], [1233, 61], [76, 31], [609, 267], [1001, 53], [1284, 116], [76, 36], [1614, 202], [1927, 229], [967, 182], [963, 156], [3, 81], [875, 20], [1428, 49], [677, 31], [1836, 19], [967, 18], [162, 51], [731, 13], [76, 34], [293, 87], [971, 57], [967, 63], [214, 38], [1248, 197], [271, 188], [926, 281], [1597, 43], [968, 179], [835, 162], [1566, 58], [1724, 18], [117, 11], [967, 268], [50, 14], [974, 264], [1499, 15], [1143, 134], [1205, 176], [967, 127], [1341, 28], [1951, 113], [1092, 26], [590, 257], [967, 56], [1075, 14], [271, 148], [3, 80], [1563, 130], [462, 125], [729, 91], [80, 74], [1767, 73], [581, 11], [833, 31], [504, 27], [594, 187], [948, 121], [325, 29], [585, 24], [1248, 178], [338, 70], [1630, 11], [1553, 174], [50, 88], [1733, 42], [1767, 89], [1553, 221], [1508, 22], [137, 183], [1303, 250]], "mean": 6.437301635742188e-05}