{"vals": [0.1962890625, 0.146484375, 0.111328125, 0.09423828125, 0.060546875, 0.06005859375, 0.057861328125, 0.049072265625, 0.048583984375, 0.046630859375, 0.039794921875, 0.038330078125, 0.037109375, 0.0361328125, 0.035400390625, 0.034912109375, 0.03466796875, 0.032958984375, 0.032470703125, 0.0308837890625, 0.02978515625, 0.029541015625, 0.029296875, 0.029052734375, 0.0289306640625, 0.02880859375, 0.0283203125, 0.0283203125, 0.02783203125, 0.025634765625, 0.0250244140625, 0.0247802734375, 0.0234375, 0.023193359375, 0.022705078125, 0.0225830078125, 0.0224609375, 0.02197265625, 0.0218505859375, 0.021484375, 0.0213623046875, 0.021240234375, 0.020263671875, 0.02001953125, 0.0198974609375, 0.0198974609375, 0.01904296875, 0.01904296875, 0.01904296875, 0.01806640625, 0.01806640625, 0.017822265625, 0.0174560546875, 0.0174560546875, 0.0169677734375, 0.0167236328125, 0.0167236328125, 0.0167236328125, 0.016357421875, 0.0162353515625, 0.0159912109375, 0.0159912109375, 0.015869140625, 0.0157470703125, 0.0157470703125, 0.015625, 0.015625, 0.0155029296875, 0.0155029296875, 0.0155029296875, 0.0155029296875, 0.01544189453125, 0.01513671875, 0.01507568359375, 0.01507568359375, 0.014892578125, 0.01470947265625, 0.01446533203125, 0.014404296875, 0.01422119140625, 0.01397705078125, 0.013916015625, 0.013916015625, 0.01373291015625, 0.01361083984375, 0.01336669921875, 0.0133056640625, 0.01318359375, 0.01312255859375, 0.01312255859375, 0.01300048828125, 0.01300048828125, 0.01287841796875, 0.0128173828125, 0.0125732421875, 0.0125732421875, 0.012451171875, 0.01239013671875, 0.01239013671875, 0.0123291015625], "inds": [[359, 117], [1916, 158], [581, 11], [732, 8], [1016, 112], [891, 21], [856, 5], [926, 281], [763, 212], [748, 80], [191, 5], [164, 13], [18, 12], [1228, 45], [479, 17], [1918, 116], [1568, 9], [971, 19], [818, 23], [1001, 53], [160, 15], [748, 51], [1791, 186], [1096, 20], [533, 18], [146, 120], [780, 173], [1068, 33], [1096, 123], [149, 39], [88, 10], [1946, 35], [1014, 34], [1985, 124], [449, 39], [585, 24], [1068, 40], [1167, 19], [880, 12], [1527, 61], [1358, 250], [972, 106], [160, 11], [324, 143], [723, 55], [260, 12], [1228, 8], [1149, 18], [1452, 238], [1395, 16], [831, 157], [609, 267], [1916, 157], [20, 224], [1285, 275], [460, 10], [1539, 39], [1624, 252], [861, 10], [1009, 149], [1629, 254], [1428, 198], [1814, 10], [671, 126], [543, 64], [1011, 25], [416, 135], [864, 8], [753, 21], [241, 50], [1837, 273], [374, 200], [1984, 235], [1713, 267], [460, 11], [1887, 151], [1285, 93], [1747, 33], [411, 20], [710, 16], [416, 284], [856, 7], [74, 98], [1985, 159], [1096, 122], [1479, 24], [1336, 31], [174, 24], [865, 12], [460, 14], [431, 150], [1838, 30], [1286, 178], [1016, 110], [1164, 15], [963, 59], [122, 43], [1008, 24], [1285, 218], [1642, 263]], "mean": 4.935264587402344e-05}