{"vals": [0.03466796875, 0.030029296875, 0.0299072265625, 0.021240234375, 0.02099609375, 0.0208740234375, 0.0205078125, 0.0194091796875, 0.0159912109375, 0.0157470703125, 0.01519775390625, 0.0146484375, 0.0145263671875, 0.01385498046875, 0.013671875, 0.01361083984375, 0.01300048828125, 0.0125732421875, 0.01239013671875, 0.01239013671875, 0.0123291015625, 0.01220703125, 0.01214599609375, 0.01214599609375, 0.011962890625, 0.01190185546875, 0.01190185546875, 0.0118408203125, 0.0118408203125, 0.01165771484375, 0.01165771484375, 0.01153564453125, 0.011474609375, 0.01141357421875, 0.0113525390625, 0.01123046875, 0.01116943359375, 0.0111083984375, 0.0111083984375, 0.01104736328125, 0.01092529296875, 0.01080322265625, 0.01080322265625, 0.0107421875, 0.01068115234375, 0.01055908203125, 0.010498046875, 0.010498046875, 0.01043701171875, 0.0103759765625, 0.01031494140625, 0.01031494140625, 0.01025390625, 0.01025390625, 0.01025390625, 0.01007080078125, 0.01007080078125, 0.01007080078125, 0.01007080078125, 0.010009765625, 0.0098876953125, 0.0098876953125, 0.0098876953125, 0.0098876953125, 0.0098876953125, 0.00982666015625, 0.009765625, 0.009765625, 0.009765625, 0.00970458984375, 0.00970458984375, 0.0096435546875, 0.00958251953125, 0.00958251953125, 0.00958251953125, 0.00958251953125, 0.00946044921875, 0.00946044921875, 0.0093994140625, 0.00927734375, 0.00921630859375, 0.00921630859375, 0.00921630859375, 0.00921630859375, 0.0091552734375, 0.0091552734375, 0.0091552734375, 0.0091552734375, 0.00909423828125, 0.00909423828125, 0.009033203125, 0.009033203125, 0.009033203125, 0.009033203125, 0.009033203125, 0.00897216796875, 0.00897216796875, 0.0089111328125, 0.00885009765625, 0.00885009765625], "inds": [[897, 199], [1817, 235], [925, 58], [310, 228], [159, 295], [507, 206], [1105, 15], [1848, 246], [994, 37], [1573, 22], [897, 213], [296, 16], [397, 108], [1215, 189], [1966, 33], [495, 16], [1133, 24], [761, 197], [1986, 22], [1365, 15], [229, 16], [1957, 50], [798, 18], [846, 24], [1790, 75], [118, 108], [1744, 16], [198, 40], [759, 16], [1891, 16], [631, 23], [897, 197], [1394, 287], [1756, 72], [1928, 24], [1480, 16], [930, 16], [10, 33], [1348, 16], [756, 38], [883, 22], [1352, 166], [925, 24], [1878, 32], [1085, 29], [1627, 28], [871, 30], [1099, 52], [1976, 31], [1215, 201], [1951, 55], [1679, 61], [1602, 15], [782, 18], [810, 14], [1689, 16], [863, 299], [1432, 123], [738, 22], [1031, 21], [597, 23], [1714, 11], [1916, 238], [1271, 77], [1807, 24], [1960, 14], [779, 17], [341, 35], [1216, 14], [1172, 247], [1707, 20], [1036, 18], [879, 14], [812, 16], [622, 20], [174, 30], [612, 42], [505, 37], [1498, 16], [1274, 29], [78, 22], [934, 14], [939, 18], [372, 27], [353, 40], [416, 16], [1050, 20], [1231, 154], [390, 14], [474, 14], [235, 238], [566, 21], [940, 33], [1779, 19], [839, 25], [1534, 13], [232, 34], [685, 24], [113, 208], [564, 17]], "mean": 4.935264587402344e-05}