{"vals": [0.0341796875, 0.027587890625, 0.02734375, 0.0255126953125, 0.024658203125, 0.02294921875, 0.0203857421875, 0.0166015625, 0.0157470703125, 0.015625, 0.0150146484375, 0.0146484375, 0.01409912109375, 0.01409912109375, 0.01336669921875, 0.01287841796875, 0.01251220703125, 0.01226806640625, 0.01171875, 0.0113525390625, 0.01104736328125, 0.00994873046875, 0.0098876953125, 0.009765625, 0.009521484375, 0.009521484375, 0.00933837890625, 0.00933837890625, 0.00921630859375, 0.00921630859375, 0.0091552734375, 0.0091552734375, 0.009033203125, 0.00897216796875, 0.0086669921875, 0.00860595703125, 0.00848388671875, 0.0084228515625, 0.00836181640625, 0.00830078125, 0.00830078125, 0.0081787109375, 0.0081787109375, 0.008056640625, 0.008056640625, 0.00799560546875, 0.00799560546875, 0.0079345703125, 0.00787353515625, 0.00787353515625, 0.0078125, 0.007720947265625, 0.00762939453125, 0.007568359375, 0.007568359375, 0.007537841796875, 0.00750732421875, 0.007476806640625, 0.007476806640625, 0.0074462890625, 0.007415771484375, 0.00738525390625, 0.00732421875, 0.00726318359375, 0.00726318359375, 0.0072021484375, 0.007110595703125, 0.006988525390625, 0.006988525390625, 0.0069580078125, 0.00689697265625, 0.006866455078125, 0.0068359375, 0.00677490234375, 0.006622314453125, 0.006561279296875, 0.006500244140625, 0.006439208984375, 0.006439208984375, 0.00640869140625, 0.006378173828125, 0.00634765625, 0.00634765625, 0.00634765625, 0.00628662109375, 0.006256103515625, 0.006256103515625, 0.006195068359375, 0.006195068359375, 0.006195068359375, 0.006072998046875, 0.00604248046875, 0.00604248046875, 0.005950927734375, 0.00592041015625, 0.005859375, 0.005859375, 0.005859375, 0.005859375, 0.005828857421875], "inds": [[1925, 44], [248, 59], [1826, 120], [1049, 50], [719, 172], [1261, 245], [1196, 54], [1765, 35], [1818, 85], [964, 46], [377, 66], [269, 161], [1804, 152], [1292, 253], [1113, 208], [1263, 115], [373, 202], [1293, 47], [1472, 137], [1500, 175], [1510, 230], [768, 287], [133, 201], [1574, 103], [477, 88], [1570, 72], [391, 69], [640, 133], [1810, 33], [1038, 86], [260, 51], [1666, 49], [1570, 77], [391, 246], [1648, 136], [980, 50], [1855, 42], [808, 33], [1565, 37], [1803, 263], [719, 59], [270, 42], [1272, 40], [137, 205], [721, 188], [1754, 43], [287, 56], [678, 100], [306, 57], [1083, 30], [1109, 187], [136, 105], [1524, 255], [1699, 157], [1406, 100], [581, 76], [1509, 196], [1927, 72], [843, 259], [1621, 46], [287, 58], [1289, 299], [1853, 276], [1626, 53], [1676, 240], [236, 66], [1820, 36], [959, 106], [155, 231], [1524, 97], [133, 25], [1925, 24], [1410, 180], [255, 148], [276, 247], [1666, 24], [825, 168], [602, 180], [1971, 27], [1348, 162], [696, 150], [1681, 109], [1740, 36], [1016, 74], [1000, 23], [1307, 64], [1571, 129], [437, 142], [318, 152], [1985, 86], [1821, 133], [797, 43], [727, 45], [713, 269], [1372, 96], [205, 28], [1861, 238], [1226, 230], [1992, 212], [1049, 22]], "mean": 4.863739013671875e-05}