{"vals": [0.1064453125, 0.09228515625, 0.08642578125, 0.07666015625, 0.07568359375, 0.0732421875, 0.06787109375, 0.06640625, 0.0654296875, 0.06494140625, 0.06396484375, 0.0625, 0.06103515625, 0.05908203125, 0.058349609375, 0.0576171875, 0.05712890625, 0.0556640625, 0.054443359375, 0.0537109375, 0.05322265625, 0.052734375, 0.052734375, 0.05224609375, 0.052001953125, 0.050537109375, 0.0498046875, 0.0498046875, 0.049560546875, 0.049560546875, 0.048583984375, 0.048583984375, 0.047607421875, 0.046875, 0.046875, 0.046630859375, 0.046142578125, 0.044921875, 0.044921875, 0.044677734375, 0.0439453125, 0.043701171875, 0.043212890625, 0.04248046875, 0.042236328125, 0.0419921875, 0.041748046875, 0.041748046875, 0.041015625, 0.040771484375, 0.04052734375, 0.0400390625, 0.039794921875, 0.039794921875, 0.03955078125, 0.039306640625, 0.0390625, 0.0390625, 0.03857421875, 0.038330078125, 0.038330078125, 0.038330078125, 0.0380859375, 0.03662109375, 0.036376953125, 0.036376953125, 0.0361328125, 0.03564453125, 0.03564453125, 0.035400390625, 0.035400390625, 0.03515625, 0.03515625, 0.03515625, 0.03515625, 0.034912109375, 0.034912109375, 0.034423828125, 0.034423828125, 0.033935546875, 0.033935546875, 0.033935546875, 0.03369140625, 0.033447265625, 0.033447265625, 0.032958984375, 0.032958984375, 0.032958984375, 0.03271484375, 0.032470703125, 0.0322265625, 0.031982421875, 0.031982421875, 0.031982421875, 0.03173828125, 0.03173828125, 0.03173828125, 0.03173828125, 0.031494140625, 0.031494140625], "inds": [[1527, 182], [1334, 137], [416, 135], [969, 65], [1137, 64], [1438, 48], [581, 284], [989, 135], [1344, 87], [206, 222], [1134, 161], [1841, 289], [1244, 36], [1047, 98], [822, 294], [1834, 94], [1470, 285], [1649, 43], [1344, 80], [1235, 216], [1569, 126], [759, 250], [185, 113], [935, 140], [313, 259], [822, 295], [795, 104], [327, 197], [1344, 70], [279, 107], [944, 70], [1790, 219], [196, 126], [586, 102], [1688, 243], [29, 64], [944, 163], [1581, 94], [586, 145], [411, 138], [516, 173], [168, 88], [1676, 39], [1028, 55], [906, 293], [321, 144], [1824, 30], [1790, 218], [1065, 75], [1051, 165], [1841, 288], [1715, 172], [1514, 35], [326, 136], [896, 287], [614, 118], [1137, 178], [1196, 81], [1047, 33], [199, 77], [548, 295], [677, 191], [643, 142], [1111, 140], [902, 105], [1137, 205], [156, 74], [105, 292], [28, 161], [745, 206], [994, 144], [1716, 193], [947, 85], [1021, 193], [225, 183], [568, 123], [1943, 146], [944, 162], [1385, 146], [287, 103], [159, 83], [1757, 194], [1378, 214], [837, 62], [886, 77], [1688, 170], [314, 254], [521, 190], [187, 85], [254, 201], [155, 267], [849, 140], [1998, 54], [943, 253], [280, 263], [1004, 225], [794, 221], [114, 280], [868, 185], [1437, 182]], "mean": 0.000263214111328125}