{"vals": [0.11181640625, 0.0771484375, 0.06982421875, 0.0673828125, 0.052978515625, 0.03955078125, 0.03857421875, 0.036865234375, 0.036376953125, 0.034423828125, 0.033447265625, 0.0322265625, 0.03125, 0.0311279296875, 0.0296630859375, 0.029296875, 0.0286865234375, 0.0286865234375, 0.0286865234375, 0.0274658203125, 0.0274658203125, 0.026611328125, 0.0263671875, 0.025390625, 0.02490234375, 0.0242919921875, 0.0228271484375, 0.0225830078125, 0.0220947265625, 0.0220947265625, 0.02197265625, 0.0216064453125, 0.0205078125, 0.0203857421875, 0.0203857421875, 0.02001953125, 0.0184326171875, 0.0184326171875, 0.018310546875, 0.0181884765625, 0.017578125, 0.017578125, 0.017333984375, 0.0172119140625, 0.0169677734375, 0.016845703125, 0.0166015625, 0.0164794921875, 0.016357421875, 0.016357421875, 0.016357421875, 0.0162353515625, 0.0162353515625, 0.015869140625, 0.015869140625, 0.015869140625, 0.0157470703125, 0.0157470703125, 0.0155029296875, 0.015380859375, 0.0152587890625, 0.0152587890625, 0.01519775390625, 0.01507568359375, 0.0150146484375, 0.0150146484375, 0.01458740234375, 0.01458740234375, 0.01458740234375, 0.01446533203125, 0.01446533203125, 0.01446533203125, 0.01446533203125, 0.014404296875, 0.014404296875, 0.01434326171875, 0.0142822265625, 0.01422119140625, 0.01416015625, 0.01409912109375, 0.01397705078125, 0.01373291015625, 0.01361083984375, 0.0135498046875, 0.01348876953125, 0.013427734375, 0.01336669921875, 0.01336669921875, 0.01336669921875, 0.01324462890625, 0.01318359375, 0.01312255859375, 0.0130615234375, 0.01300048828125, 0.01300048828125, 0.01287841796875, 0.0128173828125, 0.0128173828125, 0.0128173828125, 0.0128173828125], "inds": [[1826, 120], [255, 148], [4, 220], [1719, 155], [815, 57], [248, 59], [1287, 135], [1272, 40], [707, 42], [377, 61], [1888, 268], [1524, 225], [391, 69], [1463, 81], [798, 136], [1366, 95], [1826, 282], [563, 43], [532, 265], [1090, 223], [1729, 53], [54, 175], [255, 149], [391, 48], [1060, 112], [113, 84], [1293, 47], [888, 51], [1753, 136], [374, 162], [1765, 35], [255, 64], [378, 205], [1854, 288], [1439, 234], [1401, 71], [1368, 205], [1420, 91], [1810, 33], [1060, 107], [1045, 295], [1618, 138], [1805, 90], [1129, 43], [1470, 54], [668, 88], [529, 55], [1489, 66], [1992, 103], [223, 112], [1557, 50], [1992, 46], [577, 94], [887, 46], [1442, 33], [288, 90], [477, 50], [1888, 271], [760, 279], [1792, 149], [1826, 61], [1203, 257], [1324, 182], [1948, 54], [689, 261], [1555, 123], [1045, 296], [1404, 79], [354, 239], [964, 46], [488, 150], [1489, 56], [81, 86], [389, 113], [227, 140], [1880, 212], [414, 206], [251, 124], [1396, 178], [1855, 264], [1413, 92], [217, 56], [1326, 163], [1888, 286], [1868, 34], [1231, 50], [895, 203], [274, 40], [1029, 30], [1188, 248], [617, 48], [540, 233], [1553, 61], [1854, 48], [1372, 64], [418, 103], [1681, 88], [355, 127], [1018, 189], [1524, 226]], "mean": 0.00015544891357421875}