{"vals": [0.025390625, 0.021728515625, 0.019775390625, 0.0181884765625, 0.0181884765625, 0.0166015625, 0.01611328125, 0.015869140625, 0.015625, 0.01556396484375, 0.01513671875, 0.014892578125, 0.014892578125, 0.0142822265625, 0.0140380859375, 0.01318359375, 0.01300048828125, 0.01226806640625, 0.01220703125, 0.01214599609375, 0.01202392578125, 0.0113525390625, 0.01129150390625, 0.010986328125, 0.0108642578125, 0.01068115234375, 0.01068115234375, 0.0106201171875, 0.01055908203125, 0.01055908203125, 0.01055908203125, 0.01043701171875, 0.01043701171875, 0.01025390625, 0.01025390625, 0.0101318359375, 0.01007080078125, 0.01007080078125, 0.01007080078125, 0.00994873046875, 0.0098876953125, 0.009765625, 0.009765625, 0.009765625, 0.00970458984375, 0.00946044921875, 0.00933837890625, 0.00921630859375, 0.00909423828125, 0.00897216796875, 0.00897216796875, 0.0089111328125, 0.0087890625, 0.00872802734375, 0.00872802734375, 0.00872802734375, 0.0086669921875, 0.0086669921875, 0.008544921875, 0.008544921875, 0.00848388671875, 0.0084228515625, 0.00836181640625, 0.00836181640625, 0.00836181640625, 0.00836181640625, 0.00830078125, 0.00823974609375, 0.00823974609375, 0.00823974609375, 0.00811767578125, 0.008056640625, 0.0079345703125, 0.0079345703125, 0.00787353515625, 0.00787353515625, 0.0078125, 0.007720947265625, 0.007659912109375, 0.007598876953125, 0.007537841796875, 0.007537841796875, 0.007537841796875, 0.007476806640625, 0.007415771484375, 0.00738525390625, 0.00738525390625, 0.00738525390625, 0.007354736328125, 0.007354736328125, 0.00732421875, 0.007293701171875, 0.007293701171875, 0.007232666015625, 0.007232666015625, 0.0072021484375, 0.0072021484375, 0.0072021484375, 0.007171630859375, 0.00714111328125], "inds": [[156, 192], [343, 168], [1506, 246], [466, 286], [825, 278], [282, 137], [351, 11], [574, 14], [232, 117], [364, 254], [1411, 269], [133, 260], [1852, 52], [397, 188], [529, 235], [9, 130], [529, 234], [967, 56], [593, 284], [506, 14], [802, 233], [1514, 227], [1970, 151], [133, 247], [477, 170], [593, 115], [1600, 20], [1630, 231], [211, 241], [1683, 279], [165, 135], [683, 181], [477, 181], [716, 246], [416, 135], [284, 238], [428, 186], [463, 126], [82, 137], [196, 129], [1406, 182], [812, 164], [1630, 267], [916, 67], [450, 255], [1486, 14], [971, 250], [529, 121], [1630, 285], [1178, 199], [1883, 43], [403, 80], [1051, 174], [222, 168], [827, 89], [1393, 223], [165, 265], [1852, 183], [554, 115], [450, 293], [825, 272], [325, 187], [1488, 230], [868, 255], [1254, 25], [593, 90], [914, 299], [1472, 76], [133, 148], [1586, 169], [165, 240], [702, 143], [975, 87], [288, 242], [1295, 84], [246, 14], [1041, 168], [220, 284], [751, 133], [1403, 98], [165, 250], [1010, 219], [802, 208], [899, 125], [1764, 213], [1311, 226], [886, 166], [1081, 280], [1965, 158], [146, 248], [293, 149], [1401, 115], [529, 126], [582, 295], [1000, 166], [702, 23], [1401, 116], [1526, 31], [1601, 137], [593, 263]], "mean": 9.679794311523438e-05}