{"vals": [0.07861328125, 0.060791015625, 0.057373046875, 0.044677734375, 0.04443359375, 0.044189453125, 0.04345703125, 0.037109375, 0.036865234375, 0.03662109375, 0.0361328125, 0.035888671875, 0.03515625, 0.034912109375, 0.0322265625, 0.0322265625, 0.030517578125, 0.029296875, 0.0281982421875, 0.02783203125, 0.0277099609375, 0.0267333984375, 0.0262451171875, 0.0257568359375, 0.0255126953125, 0.025390625, 0.02490234375, 0.024658203125, 0.0244140625, 0.0242919921875, 0.0240478515625, 0.0234375, 0.02294921875, 0.022705078125, 0.022705078125, 0.0225830078125, 0.0224609375, 0.0218505859375, 0.0218505859375, 0.0218505859375, 0.0208740234375, 0.020751953125, 0.020751953125, 0.0205078125, 0.0198974609375, 0.01953125, 0.01953125, 0.0194091796875, 0.018798828125, 0.018798828125, 0.0185546875, 0.018310546875, 0.0181884765625, 0.01806640625, 0.0179443359375, 0.0177001953125, 0.017578125, 0.017578125, 0.0174560546875, 0.0174560546875, 0.017333984375, 0.017333984375, 0.017333984375, 0.0172119140625, 0.01708984375, 0.0169677734375, 0.016845703125, 0.0164794921875, 0.0164794921875, 0.0164794921875, 0.016357421875, 0.016357421875, 0.016357421875, 0.0162353515625, 0.0162353515625, 0.0157470703125, 0.0157470703125, 0.015625, 0.01556396484375, 0.0155029296875, 0.0155029296875, 0.0152587890625, 0.01507568359375, 0.01507568359375, 0.0150146484375, 0.0150146484375, 0.01495361328125, 0.014892578125, 0.01483154296875, 0.01470947265625, 0.01470947265625, 0.0146484375, 0.01458740234375, 0.0145263671875, 0.01446533203125, 0.014404296875, 0.014404296875, 0.01434326171875, 0.01434326171875, 0.0142822265625], "inds": [[1033, 252], [203, 21], [491, 15], [1676, 142], [1115, 112], [1066, 16], [1448, 13], [848, 214], [943, 249], [1019, 27], [1651, 35], [112, 157], [1027, 256], [506, 14], [1122, 185], [859, 40], [1972, 215], [1676, 146], [1347, 288], [1361, 13], [1430, 20], [1248, 17], [1088, 15], [566, 204], [1389, 238], [1076, 13], [1000, 49], [1712, 142], [1899, 18], [1262, 10], [1237, 9], [347, 14], [263, 14], [1950, 15], [482, 35], [1725, 66], [231, 54], [909, 13], [1056, 15], [716, 246], [801, 20], [1122, 187], [816, 12], [1292, 114], [629, 139], [185, 280], [1276, 40], [246, 14], [1486, 163], [416, 135], [880, 13], [898, 11], [930, 268], [1185, 52], [1797, 15], [38, 184], [1755, 242], [102, 12], [600, 39], [219, 126], [600, 40], [1600, 39], [776, 203], [351, 11], [375, 15], [1014, 34], [812, 164], [1523, 284], [1936, 167], [1628, 239], [1413, 82], [207, 15], [1306, 11], [816, 43], [130, 22], [1292, 121], [1201, 14], [737, 253], [311, 16], [900, 24], [1017, 19], [930, 163], [701, 297], [863, 158], [355, 79], [1676, 141], [185, 17], [529, 166], [282, 16], [1945, 214], [587, 171], [1849, 61], [1011, 25], [1029, 131], [930, 202], [451, 37], [764, 60], [644, 171], [116, 175], [1348, 281]], "mean": 0.0001888275146484375}