{"vals": [0.03271484375, 0.0224609375, 0.0179443359375, 0.016357421875, 0.0159912109375, 0.01513671875, 0.01513671875, 0.01318359375, 0.0118408203125, 0.01171875, 0.01171875, 0.01153564453125, 0.0113525390625, 0.01092529296875, 0.0107421875, 0.01025390625, 0.0101318359375, 0.0101318359375, 0.00994873046875, 0.00982666015625, 0.009765625, 0.009765625, 0.009521484375, 0.00946044921875, 0.00927734375, 0.00921630859375, 0.00860595703125, 0.00848388671875, 0.00799560546875, 0.0079345703125, 0.00787353515625, 0.00787353515625, 0.0078125, 0.007720947265625, 0.007659912109375, 0.007568359375, 0.007568359375, 0.007476806640625, 0.00738525390625, 0.007293701171875, 0.006988525390625, 0.006927490234375, 0.00689697265625, 0.006744384765625, 0.00665283203125, 0.006622314453125, 0.006622314453125, 0.006591796875, 0.00653076171875, 0.006500244140625, 0.006500244140625, 0.006439208984375, 0.00634765625, 0.00628662109375, 0.0062255859375, 0.00616455078125, 0.006011962890625, 0.006011962890625, 0.0059814453125, 0.00592041015625, 0.00592041015625, 0.005889892578125, 0.005859375, 0.005828857421875, 0.005828857421875, 0.00579833984375, 0.005767822265625, 0.0057373046875, 0.005706787109375, 0.00567626953125, 0.005645751953125, 0.005645751953125, 0.005615234375, 0.00555419921875, 0.0054931640625, 0.00543212890625, 0.005401611328125, 0.005401611328125, 0.00531005859375, 0.005279541015625, 0.0052490234375, 0.00518798828125, 0.005157470703125, 0.005126953125, 0.00506591796875, 0.00506591796875, 0.00506591796875, 0.00506591796875, 0.0050048828125, 0.004913330078125, 0.0048828125, 0.00482177734375, 0.00482177734375, 0.004791259765625, 0.004791259765625, 0.0047607421875, 0.004730224609375, 0.004730224609375, 0.004638671875, 0.004638671875], "inds": [[1942, 260], [968, 109], [1253, 298], [968, 173], [10, 294], [10, 295], [931, 237], [181, 192], [526, 23], [199, 73], [970, 83], [760, 164], [1205, 250], [1731, 183], [1194, 202], [1935, 165], [1623, 94], [1951, 165], [1341, 81], [312, 158], [1997, 193], [1638, 221], [927, 35], [880, 166], [278, 47], [1266, 284], [700, 262], [127, 256], [127, 246], [708, 245], [1240, 47], [589, 244], [113, 251], [1527, 76], [486, 295], [113, 245], [341, 35], [582, 174], [407, 124], [983, 147], [1789, 272], [464, 23], [1340, 99], [1619, 190], [1672, 152], [268, 180], [1865, 113], [1304, 220], [278, 203], [1938, 271], [1374, 11], [1989, 99], [113, 246], [537, 167], [312, 188], [556, 67], [1342, 256], [756, 38], [806, 13], [1550, 100], [1519, 229], [3, 174], [1086, 231], [1299, 282], [928, 158], [1042, 165], [127, 264], [1201, 132], [773, 130], [293, 103], [370, 32], [1142, 278], [394, 288], [1663, 291], [921, 80], [1966, 33], [968, 262], [1623, 93], [878, 87], [137, 184], [1880, 41], [350, 127], [1433, 32], [1056, 111], [1220, 250], [642, 174], [1440, 43], [1085, 29], [1215, 178], [528, 171], [1685, 68], [1194, 154], [465, 178], [741, 288], [1125, 287], [1265, 98], [1105, 15], [1741, 211], [1211, 23], [1181, 178]], "mean": 4.1961669921875e-05}