{"vals": [0.0458984375, 0.033447265625, 0.032958984375, 0.032470703125, 0.031982421875, 0.030517578125, 0.0301513671875, 0.030029296875, 0.028076171875, 0.0252685546875, 0.0252685546875, 0.0233154296875, 0.023193359375, 0.0223388671875, 0.0223388671875, 0.0220947265625, 0.0216064453125, 0.021240234375, 0.02099609375, 0.02001953125, 0.02001953125, 0.019775390625, 0.0196533203125, 0.0191650390625, 0.0189208984375, 0.0185546875, 0.017822265625, 0.017578125, 0.0172119140625, 0.016845703125, 0.016845703125, 0.01611328125, 0.015869140625, 0.0157470703125, 0.0155029296875, 0.01531982421875, 0.01513671875, 0.01507568359375, 0.014892578125, 0.0147705078125, 0.0147705078125, 0.0146484375, 0.0146484375, 0.01446533203125, 0.01446533203125, 0.0142822265625, 0.01422119140625, 0.01409912109375, 0.01373291015625, 0.013671875, 0.01361083984375, 0.0135498046875, 0.0135498046875, 0.01348876953125, 0.01318359375, 0.0130615234375, 0.012939453125, 0.01287841796875, 0.01287841796875, 0.01275634765625, 0.0126953125, 0.012451171875, 0.01226806640625, 0.01226806640625, 0.01226806640625, 0.01220703125, 0.01220703125, 0.01220703125, 0.0120849609375, 0.01202392578125, 0.01202392578125, 0.01190185546875, 0.01190185546875, 0.01190185546875, 0.01177978515625, 0.0115966796875, 0.01153564453125, 0.0113525390625, 0.01129150390625, 0.01129150390625, 0.01129150390625, 0.01123046875, 0.01116943359375, 0.0111083984375, 0.0111083984375, 0.01104736328125, 0.01104736328125, 0.010986328125, 0.01092529296875, 0.01092529296875, 0.0108642578125, 0.0108642578125, 0.0108642578125, 0.01080322265625, 0.0107421875, 0.0107421875, 0.0107421875, 0.01068115234375, 0.01068115234375, 0.0106201171875], "inds": [[9, 281], [1927, 291], [1335, 251], [1325, 57], [1527, 182], [1850, 170], [1171, 250], [1569, 126], [935, 263], [1376, 204], [1969, 284], [349, 280], [1266, 146], [1466, 282], [1171, 249], [87, 149], [164, 182], [83, 80], [244, 53], [1140, 191], [1028, 170], [1312, 284], [1679, 273], [1441, 257], [742, 111], [834, 70], [526, 80], [977, 46], [681, 168], [1131, 187], [261, 100], [1038, 97], [1055, 290], [874, 107], [1400, 249], [1659, 114], [1856, 213], [1699, 226], [1332, 50], [396, 231], [32, 275], [927, 163], [112, 179], [719, 160], [631, 134], [686, 119], [1531, 24], [647, 123], [529, 103], [225, 212], [50, 281], [416, 135], [1671, 73], [1020, 292], [84, 169], [300, 171], [733, 18], [1021, 234], [663, 164], [211, 161], [1602, 258], [1488, 232], [1797, 236], [888, 126], [803, 33], [91, 175], [97, 88], [1658, 74], [1511, 45], [977, 53], [344, 287], [1777, 263], [618, 83], [1259, 285], [378, 244], [834, 69], [7, 243], [1103, 246], [1555, 86], [1891, 254], [187, 253], [1527, 206], [180, 166], [890, 261], [1448, 66], [927, 162], [549, 140], [337, 183], [1513, 281], [1632, 17], [1803, 104], [1173, 258], [545, 115], [1618, 167], [1432, 162], [1312, 163], [81, 78], [151, 160], [1013, 182], [330, 142]], "mean": 8.296966552734375e-05}