{"vals": [0.01275634765625, 0.01190185546875, 0.01080322265625, 0.010498046875, 0.0098876953125, 0.00970458984375, 0.00958251953125, 0.00860595703125, 0.00811767578125, 0.007720947265625, 0.007598876953125, 0.00714111328125, 0.007080078125, 0.006866455078125, 0.006561279296875, 0.006561279296875, 0.0064697265625, 0.006439208984375, 0.006378173828125, 0.00634765625, 0.006317138671875, 0.00628662109375, 0.006256103515625, 0.0062255859375, 0.00616455078125, 0.006103515625, 0.006103515625, 0.006072998046875, 0.006011962890625, 0.005767822265625, 0.005584716796875, 0.005523681640625, 0.005523681640625, 0.0054931640625, 0.0054931640625, 0.0054931640625, 0.005462646484375, 0.005401611328125, 0.005401611328125, 0.005340576171875, 0.005218505859375, 0.005157470703125, 0.005126953125, 0.005096435546875, 0.005096435546875, 0.00506591796875, 0.005035400390625, 0.005035400390625, 0.00482177734375, 0.0047607421875, 0.004730224609375, 0.00469970703125, 0.004608154296875, 0.00457763671875, 0.00457763671875, 0.004547119140625, 0.004547119140625, 0.004425048828125, 0.004425048828125, 0.004364013671875, 0.004364013671875, 0.00433349609375, 0.00433349609375, 0.004302978515625, 0.004302978515625, 0.0042724609375, 0.004241943359375, 0.004241943359375, 0.00421142578125, 0.004150390625, 0.004119873046875, 0.00408935546875, 0.00408935546875, 0.00408935546875, 0.004058837890625, 0.004058837890625, 0.00396728515625, 0.003936767578125, 0.003936767578125, 0.003936767578125, 0.00390625, 0.0038909912109375, 0.0038909912109375, 0.003875732421875, 0.003875732421875, 0.0038604736328125, 0.0038299560546875, 0.0038299560546875, 0.0038299560546875, 0.0037994384765625, 0.0037841796875, 0.00372314453125, 0.00372314453125, 0.00372314453125, 0.0037078857421875, 0.0037078857421875, 0.003692626953125, 0.003692626953125, 0.0036773681640625, 0.0036773681640625], "inds": [[1476, 87], [284, 160], [576, 225], [1476, 88], [1916, 243], [2, 113], [173, 90], [288, 111], [109, 24], [1459, 263], [1566, 203], [558, 86], [187, 112], [648, 112], [1517, 276], [917, 222], [489, 165], [1786, 167], [1752, 57], [426, 94], [1428, 138], [753, 286], [1231, 299], [388, 291], [1012, 67], [1277, 156], [136, 284], [863, 259], [866, 252], [109, 23], [1408, 141], [55, 223], [1894, 205], [1104, 80], [863, 212], [1457, 256], [771, 138], [917, 223], [558, 104], [1744, 166], [1027, 188], [1992, 39], [1181, 282], [25, 176], [528, 295], [1347, 179], [397, 83], [1786, 168], [403, 208], [66, 25], [536, 197], [1181, 284], [1856, 248], [191, 295], [576, 226], [1013, 69], [666, 21], [40, 102], [195, 36], [771, 45], [1488, 123], [965, 248], [551, 268], [968, 285], [390, 77], [1517, 284], [576, 135], [174, 70], [193, 282], [1477, 241], [1193, 270], [1938, 223], [1744, 169], [1590, 55], [783, 35], [903, 215], [769, 174], [654, 69], [392, 227], [866, 56], [1514, 271], [1575, 115], [1133, 151], [69, 215], [999, 261], [593, 115], [1514, 264], [1363, 250], [1862, 180], [320, 228], [446, 126], [1801, 160], [506, 238], [501, 122], [1060, 160], [781, 81], [498, 67], [993, 196], [1431, 96], [721, 117]], "mean": 6.29425048828125e-05}