{"vals": [0.03662109375, 0.027099609375, 0.0247802734375, 0.018310546875, 0.01495361328125, 0.0147705078125, 0.01336669921875, 0.0130615234375, 0.012939453125, 0.01165771484375, 0.0107421875, 0.0107421875, 0.01043701171875, 0.01043701171875, 0.01025390625, 0.010009765625, 0.0098876953125, 0.009765625, 0.0096435546875, 0.009521484375, 0.00933837890625, 0.0091552734375, 0.009033203125, 0.009033203125, 0.00885009765625, 0.0087890625, 0.0081787109375, 0.0079345703125, 0.0078125, 0.007598876953125, 0.007232666015625, 0.007080078125, 0.007049560546875, 0.007049560546875, 0.00701904296875, 0.00701904296875, 0.006988525390625, 0.006927490234375, 0.006927490234375, 0.00689697265625, 0.00677490234375, 0.006744384765625, 0.006744384765625, 0.0067138671875, 0.0067138671875, 0.00665283203125, 0.006622314453125, 0.006561279296875, 0.00628662109375, 0.0062255859375, 0.006195068359375, 0.00616455078125, 0.006134033203125, 0.006103515625, 0.00604248046875, 0.005950927734375, 0.00592041015625, 0.005889892578125, 0.005859375, 0.005828857421875, 0.005828857421875, 0.005828857421875, 0.00579833984375, 0.0057373046875, 0.005706787109375, 0.005706787109375, 0.00567626953125, 0.005645751953125, 0.005645751953125, 0.005584716796875, 0.005584716796875, 0.00555419921875, 0.005523681640625, 0.005523681640625, 0.0054931640625, 0.0054931640625, 0.005462646484375, 0.005462646484375, 0.00537109375, 0.005340576171875, 0.005340576171875, 0.00531005859375, 0.005279541015625, 0.005279541015625, 0.0052490234375, 0.005218505859375, 0.00518798828125, 0.00518798828125, 0.005157470703125, 0.005035400390625, 0.0050048828125, 0.004974365234375, 0.004974365234375, 0.004974365234375, 0.004974365234375, 0.004974365234375, 0.00494384765625, 0.004913330078125, 0.004913330078125, 0.0048828125], "inds": [[815, 40], [511, 255], [943, 225], [1636, 15], [850, 16], [1238, 217], [977, 182], [1200, 84], [1476, 87], [576, 25], [1781, 21], [191, 36], [1688, 150], [1358, 24], [1476, 60], [176, 107], [1631, 117], [65, 48], [6, 217], [372, 148], [1162, 46], [1191, 36], [1960, 14], [398, 198], [109, 16], [247, 90], [847, 201], [1882, 21], [1490, 51], [1615, 27], [595, 226], [404, 215], [1047, 94], [907, 180], [1128, 228], [834, 64], [706, 66], [1476, 54], [432, 295], [1597, 28], [419, 186], [1687, 152], [1070, 227], [641, 208], [1952, 19], [851, 116], [1284, 103], [179, 20], [308, 140], [470, 74], [189, 124], [1208, 282], [62, 89], [560, 58], [731, 19], [1238, 111], [470, 72], [1172, 55], [1091, 257], [1451, 19], [1454, 19], [1455, 19], [1190, 44], [1845, 201], [1531, 225], [315, 232], [1285, 30], [741, 137], [196, 75], [1473, 92], [1514, 119], [432, 297], [1023, 47], [1329, 289], [575, 36], [1838, 26], [1476, 88], [1406, 111], [1672, 299], [903, 89], [1845, 121], [569, 64], [1343, 87], [1789, 69], [1706, 77], [721, 39], [1898, 71], [658, 66], [1663, 282], [961, 204], [1965, 23], [59, 204], [34, 77], [562, 51], [922, 51], [783, 76], [1984, 51], [412, 19], [1500, 194], [391, 39]], "mean": 4.982948303222656e-05}