{"vals": [0.005859375, 0.005645751953125, 0.005096435546875, 0.00433349609375, 0.004150390625, 0.0035858154296875, 0.003448486328125, 0.003326416015625, 0.00323486328125, 0.003204345703125, 0.0031585693359375, 0.003143310546875, 0.0028076171875, 0.002685546875, 0.0026092529296875, 0.002593994140625, 0.002471923828125, 0.002410888671875, 0.002349853515625, 0.0023193359375, 0.002288818359375, 0.00225830078125, 0.0022430419921875, 0.0022430419921875, 0.002166748046875, 0.0020904541015625, 0.0020904541015625, 0.0020751953125, 0.0020294189453125, 0.0020294189453125, 0.00201416015625, 0.00201416015625, 0.0019683837890625, 0.001953125, 0.0019378662109375, 0.00193023681640625, 0.001922607421875, 0.0019073486328125, 0.00186920166015625, 0.001861572265625, 0.00185394287109375, 0.0018310546875, 0.00182342529296875, 0.001800537109375, 0.00179290771484375, 0.0017852783203125, 0.0017852783203125, 0.0017547607421875, 0.001739501953125, 0.001739501953125, 0.00171661376953125, 0.001708984375, 0.00170135498046875, 0.0016937255859375, 0.001678466796875, 0.0016632080078125, 0.0016326904296875, 0.00162506103515625, 0.00159454345703125, 0.00159454345703125, 0.0015869140625, 0.0015716552734375, 0.0015716552734375, 0.00154876708984375, 0.0015411376953125, 0.0015411376953125, 0.00153350830078125, 0.00151824951171875, 0.00151824951171875, 0.00151824951171875, 0.00151824951171875, 0.00150299072265625, 0.001495361328125, 0.001495361328125, 0.00148773193359375, 0.0014801025390625, 0.00147247314453125, 0.00146484375, 0.00146484375, 0.00146484375, 0.00146484375, 0.00145721435546875, 0.0014495849609375, 0.0014495849609375, 0.00144195556640625, 0.00142669677734375, 0.0014190673828125, 0.00140380859375, 0.00139617919921875, 0.00139617919921875, 0.0013885498046875, 0.00138092041015625, 0.00138092041015625, 0.00138092041015625, 0.001373291015625, 0.001373291015625, 0.00136566162109375, 0.00136566162109375, 0.0013427734375, 0.00133514404296875], "inds": [[406, 192], [1048, 291], [590, 240], [1969, 63], [1271, 78], [1850, 174], [100, 244], [520, 239], [1990, 131], [1286, 204], [788, 84], [1705, 118], [1188, 178], [548, 178], [89, 151], [1045, 289], [1407, 37], [1179, 63], [1210, 274], [1926, 92], [995, 90], [1325, 295], [52, 61], [113, 129], [1194, 139], [877, 290], [1188, 110], [1868, 158], [1722, 71], [1737, 160], [293, 276], [353, 268], [721, 104], [1743, 133], [37, 94], [877, 265], [1466, 168], [1105, 23], [1466, 93], [972, 68], [590, 249], [1269, 234], [594, 45], [1261, 146], [815, 161], [1512, 147], [721, 149], [780, 232], [1336, 287], [1002, 100], [1899, 31], [603, 12], [1726, 148], [909, 74], [65, 290], [1466, 187], [1141, 47], [724, 272], [1618, 207], [1626, 250], [1748, 276], [127, 29], [818, 197], [968, 105], [117, 196], [1134, 199], [536, 168], [1067, 177], [1607, 259], [1500, 107], [458, 24], [1946, 83], [971, 57], [188, 79], [1413, 44], [1926, 91], [388, 176], [406, 287], [64, 23], [1088, 15], [255, 65], [167, 34], [1521, 77], [1556, 203], [945, 180], [877, 296], [1614, 284], [137, 209], [296, 77], [1210, 263], [447, 96], [1868, 59], [1503, 137], [1405, 135], [186, 14], [222, 85], [53, 263], [1188, 137], [237, 104], [20, 80]], "mean": 2.658367156982422e-05}