{"vals": [0.0294189453125, 0.0255126953125, 0.0238037109375, 0.0238037109375, 0.0208740234375, 0.01953125, 0.01953125, 0.018798828125, 0.0181884765625, 0.0177001953125, 0.0177001953125, 0.0167236328125, 0.0166015625, 0.01611328125, 0.0159912109375, 0.0159912109375, 0.015625, 0.015625, 0.014892578125, 0.0147705078125, 0.0147705078125, 0.01470947265625, 0.0145263671875, 0.01373291015625, 0.01373291015625, 0.0130615234375, 0.012939453125, 0.012939453125, 0.01287841796875, 0.0126953125, 0.01263427734375, 0.01263427734375, 0.01263427734375, 0.01251220703125, 0.01239013671875, 0.0123291015625, 0.01226806640625, 0.0118408203125, 0.01177978515625, 0.01153564453125, 0.011474609375, 0.0113525390625, 0.0113525390625, 0.01123046875, 0.01116943359375, 0.0111083984375, 0.010986328125, 0.01092529296875, 0.01092529296875, 0.01080322265625, 0.01068115234375, 0.01068115234375, 0.01068115234375, 0.01055908203125, 0.010498046875, 0.0103759765625, 0.01031494140625, 0.01031494140625, 0.01019287109375, 0.01019287109375, 0.01007080078125, 0.01007080078125, 0.010009765625, 0.00994873046875, 0.00982666015625, 0.00982666015625, 0.0096435546875, 0.00958251953125, 0.00958251953125, 0.009521484375, 0.009521484375, 0.0093994140625, 0.0093994140625, 0.00933837890625, 0.00933837890625, 0.00927734375, 0.00927734375, 0.00927734375, 0.00927734375, 0.00921630859375, 0.00921630859375, 0.0091552734375, 0.0091552734375, 0.00909423828125, 0.009033203125, 0.009033203125, 0.009033203125, 0.009033203125, 0.00897216796875, 0.00897216796875, 0.0089111328125, 0.00872802734375, 0.0086669921875, 0.0086669921875, 0.0086669921875, 0.0086669921875, 0.008544921875, 0.00836181640625, 0.00836181640625, 0.00836181640625], "inds": [[863, 22], [455, 226], [1015, 37], [1246, 290], [1326, 142], [1797, 15], [1940, 10], [1614, 222], [149, 218], [1017, 40], [1639, 125], [401, 12], [1392, 23], [189, 26], [138, 200], [1405, 14], [1887, 151], [1061, 14], [1766, 18], [880, 13], [74, 97], [716, 246], [963, 124], [833, 94], [327, 227], [1361, 13], [816, 12], [1802, 77], [651, 65], [400, 12], [1819, 45], [1597, 25], [1235, 12], [1662, 80], [1855, 135], [903, 84], [745, 17], [1038, 207], [1130, 16], [1468, 24], [587, 10], [1269, 20], [829, 14], [1502, 16], [504, 100], [246, 14], [1523, 203], [1089, 12], [482, 35], [67, 26], [1903, 13], [1528, 13], [1486, 14], [610, 119], [1188, 178], [1614, 197], [598, 12], [995, 90], [814, 12], [1714, 10], [1078, 25], [406, 287], [1614, 218], [1186, 117], [821, 153], [1183, 32], [1066, 16], [245, 185], [491, 15], [448, 15], [1056, 88], [409, 34], [1782, 74], [929, 12], [1080, 273], [1656, 41], [1428, 149], [1775, 86], [922, 46], [1248, 17], [1523, 39], [922, 191], [1254, 25], [1403, 21], [118, 16], [1177, 169], [1792, 105], [98, 33], [1932, 119], [909, 13], [335, 12], [6, 20], [1662, 139], [282, 16], [646, 81], [431, 150], [780, 12], [937, 28], [280, 51], [617, 13]], "mean": 0.0001354217529296875}