{"vals": [0.0225830078125, 0.022216796875, 0.01312255859375, 0.01287841796875, 0.01287841796875, 0.0125732421875, 0.0113525390625, 0.01068115234375, 0.01043701171875, 0.01031494140625, 0.01007080078125, 0.00927734375, 0.00897216796875, 0.00860595703125, 0.007537841796875, 0.007415771484375, 0.006866455078125, 0.0068359375, 0.006622314453125, 0.006500244140625, 0.0064697265625, 0.0064697265625, 0.00640869140625, 0.006256103515625, 0.00616455078125, 0.006134033203125, 0.006072998046875, 0.0059814453125, 0.00592041015625, 0.005859375, 0.005859375, 0.0057373046875, 0.00555419921875, 0.00543212890625, 0.005340576171875, 0.005340576171875, 0.005340576171875, 0.00531005859375, 0.00531005859375, 0.00531005859375, 0.005126953125, 0.005096435546875, 0.005096435546875, 0.00506591796875, 0.0050048828125, 0.0048828125, 0.00482177734375, 0.004730224609375, 0.004730224609375, 0.004730224609375, 0.00469970703125, 0.00469970703125, 0.004669189453125, 0.004638671875, 0.004547119140625, 0.004547119140625, 0.0045166015625, 0.004486083984375, 0.004486083984375, 0.004364013671875, 0.00433349609375, 0.00433349609375, 0.004302978515625, 0.004302978515625, 0.0042724609375, 0.004241943359375, 0.00421142578125, 0.004180908203125, 0.004150390625, 0.00408935546875, 0.00408935546875, 0.004058837890625, 0.004058837890625, 0.004058837890625, 0.0040283203125, 0.0040283203125, 0.0040283203125, 0.0040283203125, 0.0040283203125, 0.003997802734375, 0.003997802734375, 0.003997802734375, 0.00396728515625, 0.003936767578125, 0.003875732421875, 0.0038299560546875, 0.0038299560546875, 0.0038299560546875, 0.003814697265625, 0.0037994384765625, 0.0037994384765625, 0.0037384033203125, 0.003692626953125, 0.0036773681640625, 0.003662109375, 0.003631591796875, 0.0036163330078125, 0.0036163330078125, 0.00360107421875, 0.003570556640625], "inds": [[1456, 273], [1031, 80], [636, 26], [329, 225], [1950, 45], [793, 71], [1382, 143], [134, 35], [1741, 211], [1619, 173], [1460, 241], [1009, 170], [582, 235], [350, 30], [884, 256], [1177, 169], [1192, 114], [407, 106], [1060, 274], [113, 247], [852, 40], [984, 41], [1022, 107], [232, 245], [271, 244], [236, 28], [793, 57], [714, 240], [1737, 36], [1323, 168], [766, 27], [1022, 46], [1624, 182], [459, 15], [1945, 20], [1143, 134], [1527, 232], [149, 270], [1945, 273], [985, 49], [1098, 48], [1390, 193], [1009, 231], [1457, 104], [1173, 256], [812, 16], [1629, 184], [43, 156], [354, 228], [599, 119], [1354, 29], [307, 168], [694, 132], [1951, 55], [1380, 233], [1806, 293], [948, 183], [1410, 57], [1185, 224], [1523, 81], [1421, 252], [1042, 165], [407, 101], [1878, 32], [981, 31], [1581, 21], [1147, 28], [302, 213], [773, 35], [404, 297], [1460, 249], [424, 52], [158, 123], [768, 32], [648, 199], [1010, 122], [435, 91], [1451, 20], [930, 16], [322, 276], [198, 40], [1545, 33], [541, 16], [1188, 264], [1220, 32], [994, 37], [1892, 21], [1790, 139], [7, 49], [1082, 17], [1260, 17], [1816, 72], [959, 55], [1697, 112], [1033, 13], [1480, 16], [1790, 98], [1790, 21], [319, 50], [27, 153]], "mean": 6.341934204101562e-05}