{"vals": [0.04150390625, 0.02734375, 0.0262451171875, 0.02587890625, 0.025146484375, 0.0250244140625, 0.0244140625, 0.0242919921875, 0.0242919921875, 0.0234375, 0.022705078125, 0.022705078125, 0.0224609375, 0.021728515625, 0.021484375, 0.02099609375, 0.020751953125, 0.0198974609375, 0.01953125, 0.0194091796875, 0.019287109375, 0.01904296875, 0.0185546875, 0.018310546875, 0.0181884765625, 0.0181884765625, 0.01806640625, 0.0179443359375, 0.017822265625, 0.0174560546875, 0.017333984375, 0.0172119140625, 0.0172119140625, 0.01708984375, 0.016845703125, 0.0167236328125, 0.0166015625, 0.0162353515625, 0.0159912109375, 0.015869140625, 0.0157470703125, 0.0157470703125, 0.015625, 0.015625, 0.01556396484375, 0.01544189453125, 0.0152587890625, 0.01519775390625, 0.01513671875, 0.01495361328125, 0.01495361328125, 0.0146484375, 0.01458740234375, 0.01446533203125, 0.014404296875, 0.014404296875, 0.01434326171875, 0.01434326171875, 0.0142822265625, 0.0142822265625, 0.01422119140625, 0.01416015625, 0.01416015625, 0.01409912109375, 0.01409912109375, 0.0140380859375, 0.0140380859375, 0.01397705078125, 0.013916015625, 0.0137939453125, 0.013671875, 0.01361083984375, 0.01348876953125, 0.01348876953125, 0.01348876953125, 0.01348876953125, 0.013427734375, 0.01336669921875, 0.01336669921875, 0.0133056640625, 0.01318359375, 0.01312255859375, 0.0130615234375, 0.0130615234375, 0.0130615234375, 0.01300048828125, 0.01300048828125, 0.01275634765625, 0.0126953125, 0.0126953125, 0.01263427734375, 0.0125732421875, 0.0125732421875, 0.01251220703125, 0.01220703125, 0.01220703125, 0.01214599609375, 0.01202392578125, 0.01202392578125, 0.01202392578125], "inds": [[397, 148], [1768, 199], [972, 284], [1059, 236], [1103, 256], [971, 241], [907, 13], [1269, 141], [882, 211], [235, 147], [32, 91], [515, 46], [276, 217], [112, 285], [825, 34], [1309, 107], [1866, 165], [1150, 159], [104, 218], [1821, 99], [1424, 298], [1167, 246], [397, 150], [466, 29], [229, 169], [615, 147], [1032, 213], [1331, 273], [136, 118], [1251, 279], [1157, 152], [1396, 223], [825, 200], [1000, 128], [558, 270], [54, 175], [1497, 268], [1453, 187], [1301, 36], [1396, 245], [1516, 296], [624, 170], [1002, 259], [267, 82], [88, 49], [1403, 165], [1535, 129], [607, 190], [687, 267], [1229, 245], [340, 205], [878, 17], [353, 161], [1994, 299], [1177, 208], [1329, 199], [1458, 46], [1622, 179], [1684, 39], [1852, 275], [1091, 106], [357, 233], [357, 67], [1871, 115], [633, 278], [320, 148], [1210, 294], [733, 276], [440, 241], [1094, 196], [1177, 162], [1825, 17], [1037, 20], [1615, 110], [37, 280], [1632, 217], [1510, 166], [445, 136], [478, 105], [11, 17], [235, 217], [1096, 168], [852, 295], [687, 144], [241, 222], [630, 273], [274, 221], [1484, 58], [1871, 116], [1945, 18], [1994, 298], [55, 226], [279, 65], [136, 85], [184, 118], [1622, 183], [357, 283], [1866, 259], [1210, 290], [69, 219]], "mean": 0.00011491775512695312}