{"vals": [0.06787109375, 0.0341796875, 0.0302734375, 0.017578125, 0.016357421875, 0.01531982421875, 0.01422119140625, 0.01416015625, 0.013427734375, 0.01318359375, 0.01318359375, 0.01312255859375, 0.01251220703125, 0.01202392578125, 0.01190185546875, 0.01171875, 0.0113525390625, 0.01104736328125, 0.010986328125, 0.010498046875, 0.010498046875, 0.01031494140625, 0.01025390625, 0.0101318359375, 0.0098876953125, 0.009765625, 0.0096435546875, 0.0096435546875, 0.0093994140625, 0.0089111328125, 0.0087890625, 0.0086669921875, 0.00860595703125, 0.00860595703125, 0.0084228515625, 0.0084228515625, 0.00799560546875, 0.0079345703125, 0.00787353515625, 0.007781982421875, 0.00762939453125, 0.007598876953125, 0.007568359375, 0.0074462890625, 0.007415771484375, 0.00738525390625, 0.007354736328125, 0.007354736328125, 0.00732421875, 0.00726318359375, 0.0072021484375, 0.0072021484375, 0.00714111328125, 0.00714111328125, 0.00701904296875, 0.006988525390625, 0.006927490234375, 0.006927490234375, 0.006805419921875, 0.006805419921875, 0.006744384765625, 0.0067138671875, 0.00665283203125, 0.006622314453125, 0.006591796875, 0.006591796875, 0.00653076171875, 0.0064697265625, 0.006439208984375, 0.006378173828125, 0.00634765625, 0.006317138671875, 0.0062255859375, 0.006072998046875, 0.00604248046875, 0.00604248046875, 0.006011962890625, 0.00592041015625, 0.00592041015625, 0.005889892578125, 0.005859375, 0.005828857421875, 0.0057373046875, 0.005645751953125, 0.005584716796875, 0.00555419921875, 0.00555419921875, 0.0054931640625, 0.0054931640625, 0.005462646484375, 0.005401611328125, 0.005401611328125, 0.005401611328125, 0.005340576171875, 0.005279541015625, 0.0052490234375, 0.005218505859375, 0.005218505859375, 0.005218505859375, 0.00518798828125], "inds": [[1939, 202], [1144, 48], [959, 130], [1466, 187], [960, 50], [260, 66], [1921, 38], [979, 284], [1412, 126], [278, 112], [203, 240], [1420, 122], [278, 109], [330, 199], [1540, 213], [278, 114], [700, 232], [956, 89], [473, 113], [1114, 68], [8, 142], [679, 130], [934, 129], [1034, 123], [444, 60], [1816, 71], [1341, 100], [960, 151], [492, 43], [95, 299], [745, 289], [1052, 270], [1664, 233], [536, 124], [1590, 99], [514, 128], [1399, 194], [1746, 33], [1379, 297], [1679, 206], [122, 212], [1626, 150], [1350, 73], [57, 265], [932, 288], [868, 142], [1695, 288], [79, 35], [1604, 100], [884, 256], [868, 141], [1687, 126], [565, 184], [931, 234], [1609, 121], [693, 82], [974, 120], [1376, 76], [727, 118], [1088, 15], [1125, 195], [789, 121], [689, 256], [1486, 30], [1146, 116], [585, 87], [1910, 181], [463, 179], [1102, 168], [1734, 31], [1393, 284], [1640, 102], [571, 93], [510, 145], [744, 160], [1422, 138], [727, 141], [1631, 262], [1394, 246], [712, 201], [1766, 46], [375, 134], [1732, 80], [1114, 67], [145, 262], [768, 107], [900, 15], [1666, 193], [1376, 192], [1239, 94], [470, 74], [109, 252], [960, 183], [821, 257], [335, 163], [1102, 171], [783, 294], [1618, 138], [684, 127], [888, 100]], "mean": 6.151199340820312e-05}