{"vals": [0.0263671875, 0.0225830078125, 0.0208740234375, 0.0167236328125, 0.0159912109375, 0.0155029296875, 0.01397705078125, 0.0128173828125, 0.012451171875, 0.01177978515625, 0.01031494140625, 0.01019287109375, 0.00909423828125, 0.009033203125, 0.008544921875, 0.008544921875, 0.0084228515625, 0.0081787109375, 0.00811767578125, 0.00811767578125, 0.008056640625, 0.00799560546875, 0.00775146484375, 0.007720947265625, 0.007598876953125, 0.007476806640625, 0.007415771484375, 0.00738525390625, 0.0072021484375, 0.007110595703125, 0.007049560546875, 0.007049560546875, 0.00701904296875, 0.00689697265625, 0.006866455078125, 0.0068359375, 0.006683349609375, 0.006561279296875, 0.0062255859375, 0.006195068359375, 0.006103515625, 0.0059814453125, 0.005950927734375, 0.005950927734375, 0.00592041015625, 0.005889892578125, 0.005889892578125, 0.005889892578125, 0.005828857421875, 0.00567626953125, 0.00567626953125, 0.005645751953125, 0.005584716796875, 0.00555419921875, 0.0054931640625, 0.00543212890625, 0.005340576171875, 0.00531005859375, 0.005279541015625, 0.005279541015625, 0.005096435546875, 0.00506591796875, 0.00506591796875, 0.00506591796875, 0.005035400390625, 0.0050048828125, 0.004974365234375, 0.00494384765625, 0.00494384765625, 0.0048828125, 0.004852294921875, 0.004852294921875, 0.004852294921875, 0.004791259765625, 0.0047607421875, 0.004730224609375, 0.004730224609375, 0.004730224609375, 0.004730224609375, 0.004638671875, 0.004638671875, 0.004608154296875, 0.00457763671875, 0.00457763671875, 0.00457763671875, 0.004486083984375, 0.00445556640625, 0.00445556640625, 0.004425048828125, 0.00439453125, 0.00439453125, 0.00439453125, 0.0042724609375, 0.004241943359375, 0.004241943359375, 0.00421142578125, 0.00421142578125, 0.004180908203125, 0.004180908203125, 0.004150390625], "inds": [[995, 229], [891, 201], [1867, 49], [19, 40], [435, 91], [1081, 178], [1998, 209], [995, 232], [595, 190], [1406, 83], [1969, 59], [1346, 13], [534, 131], [838, 212], [496, 186], [1906, 46], [954, 70], [238, 167], [1925, 25], [500, 65], [1508, 22], [1830, 269], [1833, 108], [727, 79], [1955, 249], [758, 281], [1497, 169], [857, 101], [467, 215], [1705, 227], [82, 118], [719, 133], [1471, 13], [59, 221], [1443, 179], [995, 233], [372, 148], [898, 288], [442, 95], [437, 139], [1444, 24], [534, 223], [981, 92], [1837, 204], [185, 65], [1875, 65], [339, 114], [1523, 171], [372, 216], [1315, 282], [93, 11], [85, 203], [438, 273], [1910, 165], [1452, 250], [647, 115], [1802, 116], [435, 139], [1259, 133], [166, 298], [1330, 123], [1081, 111], [143, 145], [676, 27], [676, 78], [251, 166], [1713, 267], [141, 157], [1483, 146], [374, 162], [1420, 91], [1840, 236], [374, 84], [689, 40], [1740, 230], [828, 206], [400, 91], [1167, 259], [412, 38], [427, 41], [1510, 191], [682, 261], [460, 29], [861, 258], [917, 64], [1497, 34], [694, 120], [452, 204], [1879, 231], [222, 103], [478, 197], [590, 76], [314, 225], [399, 65], [819, 270], [1953, 245], [1920, 100], [963, 233], [732, 191], [843, 259]], "mean": 5.3882598876953125e-05}