{"vals": [0.0167236328125, 0.0164794921875, 0.0145263671875, 0.01434326171875, 0.010498046875, 0.01019287109375, 0.00848388671875, 0.00848388671875, 0.0084228515625, 0.00830078125, 0.0078125, 0.006927490234375, 0.006744384765625, 0.006591796875, 0.006561279296875, 0.00640869140625, 0.006317138671875, 0.006317138671875, 0.00628662109375, 0.00616455078125, 0.006134033203125, 0.005950927734375, 0.00592041015625, 0.005859375, 0.005859375, 0.005859375, 0.005706787109375, 0.005523681640625, 0.00543212890625, 0.005340576171875, 0.005218505859375, 0.005218505859375, 0.005157470703125, 0.00506591796875, 0.0050048828125, 0.004913330078125, 0.0048828125, 0.004791259765625, 0.004730224609375, 0.004730224609375, 0.004638671875, 0.004638671875, 0.0045166015625, 0.0045166015625, 0.00439453125, 0.00439453125, 0.0042724609375, 0.0042724609375, 0.00421142578125, 0.00421142578125, 0.00421142578125, 0.00421142578125, 0.004119873046875, 0.004119873046875, 0.00408935546875, 0.00408935546875, 0.003997802734375, 0.00396728515625, 0.003936767578125, 0.003936767578125, 0.00390625, 0.00390625, 0.0038604736328125, 0.00384521484375, 0.0038299560546875, 0.003814697265625, 0.0037841796875, 0.003753662109375, 0.0037384033203125, 0.00372314453125, 0.00372314453125, 0.0036773681640625, 0.0036773681640625, 0.0036773681640625, 0.003662109375, 0.003662109375, 0.003662109375, 0.0036468505859375, 0.0036163330078125, 0.0036163330078125, 0.00360107421875, 0.0035858154296875, 0.0035552978515625, 0.0035400390625, 0.0035400390625, 0.0035247802734375, 0.00347900390625, 0.0034637451171875, 0.003448486328125, 0.003448486328125, 0.003448486328125, 0.003448486328125, 0.003448486328125, 0.00341796875, 0.00341796875, 0.0034027099609375, 0.0034027099609375, 0.003387451171875, 0.0033721923828125, 0.0033721923828125], "inds": [[221, 124], [438, 38], [1965, 35], [429, 17], [1301, 36], [907, 174], [1799, 201], [255, 126], [1716, 23], [1068, 132], [1124, 28], [1182, 18], [1847, 105], [429, 26], [1324, 242], [163, 231], [1467, 205], [1210, 290], [1573, 72], [131, 168], [231, 28], [1546, 216], [1513, 33], [745, 156], [1576, 212], [977, 170], [1133, 103], [616, 201], [967, 147], [397, 150], [327, 31], [874, 50], [1270, 74], [506, 97], [1967, 211], [1603, 22], [1718, 205], [1441, 141], [1467, 206], [1150, 159], [828, 58], [926, 139], [1314, 247], [854, 200], [438, 56], [1210, 294], [1822, 257], [1965, 49], [1839, 255], [1745, 168], [1575, 296], [1535, 188], [1632, 17], [406, 275], [1269, 141], [113, 273], [1994, 299], [113, 56], [1718, 256], [1716, 20], [922, 221], [1555, 36], [1279, 272], [1181, 281], [1910, 58], [1373, 83], [265, 63], [154, 99], [1365, 129], [1037, 34], [1924, 24], [214, 159], [1056, 154], [252, 166], [1959, 199], [618, 154], [1456, 64], [1061, 32], [1069, 270], [1367, 200], [973, 20], [1693, 141], [4, 163], [474, 67], [1228, 155], [221, 65], [1170, 273], [702, 231], [649, 203], [967, 117], [211, 293], [1616, 125], [466, 74], [933, 90], [1269, 140], [1931, 125], [1040, 279], [995, 237], [1384, 214], [1106, 178]], "mean": 7.43865966796875e-05}