{"vals": [0.48046875, 0.388671875, 0.3046875, 0.2333984375, 0.2265625, 0.208984375, 0.1572265625, 0.11767578125, 0.11083984375, 0.109375, 0.10595703125, 0.0888671875, 0.07421875, 0.07373046875, 0.0712890625, 0.07080078125, 0.0693359375, 0.0654296875, 0.062255859375, 0.060546875, 0.056640625, 0.0556640625, 0.05029296875, 0.04638671875, 0.044921875, 0.042236328125, 0.0390625, 0.0380859375, 0.03515625, 0.03515625, 0.033447265625, 0.03173828125, 0.0311279296875, 0.0284423828125, 0.0267333984375, 0.0260009765625, 0.02587890625, 0.025390625, 0.0218505859375, 0.021484375, 0.0206298828125, 0.019775390625, 0.018310546875, 0.0181884765625, 0.015869140625, 0.0157470703125, 0.0147705078125, 0.01470947265625, 0.0146484375, 0.0146484375, 0.01416015625, 0.01348876953125, 0.01190185546875, 0.01116943359375, 0.01116943359375, 0.0108642578125, 0.01080322265625, 0.01068115234375, 0.01055908203125, 0.0103759765625, 0.00994873046875, 0.00982666015625, 0.0096435546875, 0.009521484375, 0.0093994140625, 0.00933837890625, 0.00933837890625, 0.00927734375, 0.00921630859375, 0.0091552734375, 0.0091552734375, 0.0091552734375, 0.00909423828125, 0.00897216796875, 0.00897216796875, 0.008544921875, 0.00836181640625, 0.00836181640625, 0.0081787109375, 0.0081787109375, 0.00811767578125, 0.0079345703125, 0.0078125, 0.0078125, 0.007568359375, 0.007415771484375, 0.00726318359375, 0.0072021484375, 0.007171630859375, 0.007171630859375, 0.007171630859375, 0.007171630859375, 0.007110595703125, 0.006988525390625, 0.0069580078125, 0.006927490234375, 0.00689697265625, 0.006866455078125, 0.006866455078125, 0.00677490234375], "inds": [[1180, 30], [963, 101], [293, 24], [329, 225], [149, 218], [149, 270], [1614, 218], [149, 207], [149, 159], [1614, 222], [773, 89], [1614, 153], [1614, 197], [149, 183], [963, 124], [1180, 170], [1792, 105], [149, 131], [149, 102], [329, 244], [855, 141], [149, 80], [855, 48], [855, 70], [1614, 144], [1614, 211], [1180, 127], [149, 171], [1614, 291], [1180, 93], [1564, 83], [716, 178], [855, 119], [1614, 256], [1614, 241], [988, 217], [149, 147], [716, 107], [1564, 154], [963, 100], [1614, 181], [1614, 170], [963, 123], [330, 152], [1614, 274], [1748, 110], [701, 129], [1748, 181], [528, 169], [543, 51], [1180, 162], [1180, 70], [1537, 46], [195, 246], [716, 52], [1158, 98], [528, 172], [1467, 118], [716, 86], [179, 255], [1748, 55], [1027, 289], [346, 297], [1983, 194], [1390, 125], [1384, 125], [1614, 115], [1201, 29], [1890, 264], [1792, 174], [27, 119], [181, 284], [1313, 122], [1312, 118], [155, 49], [293, 33], [1607, 215], [1318, 134], [330, 142], [1843, 62], [1109, 138], [211, 172], [1629, 271], [1607, 31], [1265, 158], [1564, 111], [1664, 156], [106, 48], [1723, 220], [1723, 85], [350, 53], [396, 229], [1712, 144], [1546, 216], [1459, 248], [58, 295], [1748, 89], [1858, 31], [211, 158], [211, 195]], "mean": 3.62396240234375e-05}