{"vals": [0.046142578125, 0.03369140625, 0.03271484375, 0.032470703125, 0.0322265625, 0.031494140625, 0.02978515625, 0.0296630859375, 0.0283203125, 0.0279541015625, 0.02783203125, 0.0277099609375, 0.02685546875, 0.026123046875, 0.02587890625, 0.02587890625, 0.02490234375, 0.0247802734375, 0.0245361328125, 0.023681640625, 0.0234375, 0.02294921875, 0.022705078125, 0.0224609375, 0.0224609375, 0.0223388671875, 0.022216796875, 0.0220947265625, 0.02197265625, 0.02197265625, 0.021728515625, 0.021484375, 0.021240234375, 0.0211181640625, 0.02099609375, 0.020751953125, 0.0206298828125, 0.0205078125, 0.020263671875, 0.020263671875, 0.02001953125, 0.01953125, 0.0191650390625, 0.0191650390625, 0.01904296875, 0.0189208984375, 0.018798828125, 0.0186767578125, 0.018310546875, 0.0181884765625, 0.0181884765625, 0.0177001953125, 0.0174560546875, 0.0174560546875, 0.0174560546875, 0.017333984375, 0.016845703125, 0.016845703125, 0.0167236328125, 0.0167236328125, 0.0164794921875, 0.0164794921875, 0.016357421875, 0.0162353515625, 0.0162353515625, 0.0162353515625, 0.0162353515625, 0.01611328125, 0.0159912109375, 0.0159912109375, 0.015869140625, 0.015869140625, 0.0157470703125, 0.015625, 0.01556396484375, 0.015380859375, 0.015380859375, 0.015380859375, 0.01531982421875, 0.0152587890625, 0.0152587890625, 0.0152587890625, 0.0152587890625, 0.0152587890625, 0.01519775390625, 0.01507568359375, 0.0150146484375, 0.0147705078125, 0.0147705078125, 0.0147705078125, 0.01470947265625, 0.0146484375, 0.0146484375, 0.0145263671875, 0.014404296875, 0.01434326171875, 0.01422119140625, 0.01422119140625, 0.01422119140625, 0.01416015625], "inds": [[1334, 38], [1043, 28], [87, 24], [790, 77], [42, 155], [750, 41], [802, 36], [733, 18], [802, 48], [49, 32], [584, 26], [549, 102], [1742, 87], [1345, 29], [966, 176], [133, 185], [583, 67], [1800, 28], [464, 32], [1625, 254], [1103, 252], [1889, 29], [819, 20], [506, 26], [615, 296], [785, 30], [85, 39], [1345, 87], [1335, 156], [1948, 222], [7, 268], [1115, 165], [116, 275], [1725, 143], [1238, 168], [454, 179], [365, 144], [107, 71], [803, 33], [834, 245], [1802, 36], [1261, 145], [1544, 59], [1782, 271], [13, 95], [235, 147], [1702, 283], [1625, 262], [583, 260], [90, 45], [819, 74], [994, 53], [1540, 124], [1860, 74], [469, 200], [1345, 90], [1269, 141], [730, 81], [406, 90], [132, 47], [54, 101], [45, 70], [1464, 141], [803, 66], [766, 160], [20, 102], [188, 26], [34, 64], [406, 98], [1518, 11], [733, 22], [1322, 49], [161, 56], [406, 99], [1188, 148], [571, 30], [782, 31], [1239, 60], [1737, 29], [1782, 272], [669, 238], [1368, 42], [176, 130], [584, 25], [1322, 174], [534, 57], [1430, 191], [1883, 117], [103, 207], [537, 229], [1028, 90], [960, 297], [895, 39], [1205, 269], [323, 43], [1889, 39], [1558, 35], [1533, 265], [894, 234], [313, 24]], "mean": 0.000133514404296875}