{"vals": [0.2294921875, 0.181640625, 0.154296875, 0.11376953125, 0.10595703125, 0.10302734375, 0.10107421875, 0.09814453125, 0.0966796875, 0.095703125, 0.09326171875, 0.09033203125, 0.0830078125, 0.0830078125, 0.08251953125, 0.080078125, 0.0791015625, 0.07861328125, 0.078125, 0.0771484375, 0.0732421875, 0.0712890625, 0.07080078125, 0.06982421875, 0.06884765625, 0.0673828125, 0.0673828125, 0.06591796875, 0.064453125, 0.06396484375, 0.0634765625, 0.0634765625, 0.06298828125, 0.0625, 0.0625, 0.0625, 0.0625, 0.0615234375, 0.06103515625, 0.060791015625, 0.060546875, 0.060302734375, 0.059814453125, 0.059814453125, 0.05908203125, 0.05859375, 0.05810546875, 0.057373046875, 0.056396484375, 0.055908203125, 0.055419921875, 0.05517578125, 0.054443359375, 0.054443359375, 0.053955078125, 0.053466796875, 0.052978515625, 0.052734375, 0.052490234375, 0.05224609375, 0.0517578125, 0.051513671875, 0.05126953125, 0.051025390625, 0.050537109375, 0.05029296875, 0.05029296875, 0.05029296875, 0.05029296875, 0.0498046875, 0.049560546875, 0.049560546875, 0.04931640625, 0.04931640625, 0.049072265625, 0.049072265625, 0.048828125, 0.04833984375, 0.04833984375, 0.048095703125, 0.048095703125, 0.047607421875, 0.047607421875, 0.04736328125, 0.04736328125, 0.047119140625, 0.047119140625, 0.046875, 0.046630859375, 0.04638671875, 0.046142578125, 0.0458984375, 0.045654296875, 0.045166015625, 0.044921875, 0.044921875, 0.044921875, 0.044921875, 0.044921875, 0.044677734375], "inds": [[401, 21], [623, 97], [1886, 32], [691, 58], [437, 275], [105, 88], [1456, 114], [523, 54], [598, 126], [1150, 269], [1456, 109], [331, 61], [251, 117], [1181, 85], [809, 111], [801, 164], [592, 61], [1895, 178], [1402, 93], [440, 87], [877, 283], [768, 295], [226, 24], [721, 62], [919, 197], [312, 170], [1267, 184], [1920, 268], [1328, 72], [791, 77], [1616, 280], [728, 214], [483, 110], [619, 40], [728, 189], [553, 129], [440, 59], [809, 144], [440, 118], [836, 236], [768, 198], [662, 56], [1111, 80], [1514, 68], [1669, 249], [1446, 184], [964, 293], [1718, 124], [1766, 215], [769, 162], [462, 73], [1940, 74], [4, 107], [1150, 268], [1583, 194], [623, 119], [1123, 121], [744, 151], [656, 227], [1723, 54], [752, 37], [1904, 296], [156, 63], [509, 21], [470, 274], [549, 176], [1840, 248], [619, 39], [880, 142], [133, 79], [1406, 87], [1659, 226], [151, 174], [133, 69], [1417, 178], [760, 168], [736, 201], [1676, 146], [1863, 54], [956, 97], [1004, 172], [636, 144], [1776, 240], [713, 103], [1026, 57], [47, 61], [1456, 104], [429, 259], [419, 282], [1987, 289], [1952, 167], [133, 60], [301, 237], [1861, 273], [1760, 250], [123, 296], [1359, 102], [1464, 182], [929, 37], [255, 247]], "mean": 0.0003643035888671875}