{"vals": [0.0216064453125, 0.01904296875, 0.00946044921875, 0.0089111328125, 0.00799560546875, 0.0072021484375, 0.00677490234375, 0.006683349609375, 0.006591796875, 0.006500244140625, 0.00604248046875, 0.005889892578125, 0.005828857421875, 0.005462646484375, 0.005340576171875, 0.00531005859375, 0.004974365234375, 0.0047607421875, 0.004669189453125, 0.004638671875, 0.00457763671875, 0.0045166015625, 0.00421142578125, 0.004150390625, 0.004119873046875, 0.00396728515625, 0.0038604736328125, 0.0037689208984375, 0.003662109375, 0.0036163330078125, 0.0035858154296875, 0.0034027099609375, 0.0033721923828125, 0.0033111572265625, 0.0032958984375, 0.003265380859375, 0.0032196044921875, 0.0032196044921875, 0.003204345703125, 0.003173828125, 0.0030975341796875, 0.003082275390625, 0.003082275390625, 0.003082275390625, 0.0030364990234375, 0.0029754638671875, 0.002960205078125, 0.002899169921875, 0.002899169921875, 0.0028839111328125, 0.0028533935546875, 0.002838134765625, 0.0027923583984375, 0.00274658203125, 0.00274658203125, 0.0027313232421875, 0.0027313232421875, 0.002716064453125, 0.002716064453125, 0.0027008056640625, 0.0026702880859375, 0.002655029296875, 0.002655029296875, 0.0026397705078125, 0.00262451171875, 0.00262451171875, 0.002593994140625, 0.0025482177734375, 0.0025482177734375, 0.0025482177734375, 0.00250244140625, 0.00250244140625, 0.0024871826171875, 0.002471923828125, 0.00244140625, 0.00244140625, 0.00244140625, 0.002410888671875, 0.002410888671875, 0.00238037109375, 0.00238037109375, 0.00238037109375, 0.0023651123046875, 0.0023651123046875, 0.0023651123046875, 0.0023345947265625, 0.0023193359375, 0.0023040771484375, 0.0022735595703125, 0.002227783203125, 0.0022125244140625, 0.002197265625, 0.0021820068359375, 0.0021820068359375, 0.0021820068359375, 0.002166748046875, 0.0021514892578125, 0.0021514892578125, 0.002105712890625, 0.002105712890625], "inds": [[856, 249], [880, 170], [34, 102], [444, 54], [1037, 15], [1194, 11], [1640, 217], [1441, 282], [1527, 117], [335, 182], [764, 76], [259, 118], [1763, 42], [819, 235], [1160, 154], [1640, 249], [825, 206], [1499, 240], [1441, 283], [1514, 181], [1333, 105], [255, 20], [163, 222], [1354, 116], [464, 23], [1320, 183], [400, 213], [830, 66], [1007, 52], [993, 250], [1466, 143], [830, 209], [958, 86], [1272, 219], [1229, 190], [1753, 248], [1450, 298], [825, 177], [1130, 16], [699, 40], [443, 75], [822, 66], [699, 41], [856, 250], [1656, 196], [822, 239], [347, 84], [868, 82], [1599, 198], [106, 230], [1160, 153], [1412, 69], [1682, 40], [1643, 203], [1957, 188], [333, 294], [825, 167], [1866, 147], [830, 180], [1541, 81], [61, 149], [883, 192], [173, 218], [1576, 212], [1466, 231], [915, 57], [845, 259], [1439, 266], [1597, 25], [1043, 65], [1007, 60], [1955, 80], [1527, 150], [146, 45], [488, 226], [1640, 248], [819, 100], [130, 125], [1514, 201], [120, 220], [232, 204], [1111, 11], [930, 94], [642, 99], [1080, 270], [154, 109], [1939, 127], [845, 114], [341, 35], [405, 115], [325, 109], [1532, 138], [1763, 137], [432, 52], [526, 23], [1640, 145], [1959, 134], [4, 194], [1718, 106], [1433, 50]], "mean": 2.4199485778808594e-05}