{"vals": [0.0189208984375, 0.0169677734375, 0.01544189453125, 0.0152587890625, 0.0146484375, 0.01361083984375, 0.01348876953125, 0.01348876953125, 0.01336669921875, 0.012451171875, 0.01226806640625, 0.01190185546875, 0.01171875, 0.01165771484375, 0.0115966796875, 0.01153564453125, 0.011474609375, 0.01068115234375, 0.0103759765625, 0.01031494140625, 0.0101318359375, 0.00982666015625, 0.009765625, 0.00933837890625, 0.00933837890625, 0.00927734375, 0.00921630859375, 0.00885009765625, 0.0086669921875, 0.0086669921875, 0.00848388671875, 0.0084228515625, 0.00823974609375, 0.008056640625, 0.007781982421875, 0.00775146484375, 0.00775146484375, 0.007568359375, 0.007476806640625, 0.007415771484375, 0.007415771484375, 0.007415771484375, 0.007354736328125, 0.007354736328125, 0.00732421875, 0.007293701171875, 0.00726318359375, 0.00726318359375, 0.00726318359375, 0.007171630859375, 0.007080078125, 0.007080078125, 0.007049560546875, 0.006988525390625, 0.0069580078125, 0.00689697265625, 0.00689697265625, 0.006805419921875, 0.00677490234375, 0.0067138671875, 0.006622314453125, 0.006622314453125, 0.006622314453125, 0.00653076171875, 0.00653076171875, 0.0064697265625, 0.0064697265625, 0.00640869140625, 0.00634765625, 0.00634765625, 0.006317138671875, 0.00628662109375, 0.00628662109375, 0.006256103515625, 0.006256103515625, 0.0062255859375, 0.006195068359375, 0.00616455078125, 0.00604248046875, 0.00604248046875, 0.00604248046875, 0.006011962890625, 0.0059814453125, 0.0059814453125, 0.005950927734375, 0.005950927734375, 0.00592041015625, 0.00592041015625, 0.005859375, 0.005859375, 0.005828857421875, 0.00579833984375, 0.005767822265625, 0.005767822265625, 0.0057373046875, 0.0057373046875, 0.005706787109375, 0.00567626953125, 0.005645751953125, 0.005645751953125], "inds": [[1047, 114], [994, 292], [515, 194], [766, 158], [1538, 245], [408, 275], [793, 150], [1009, 153], [1142, 64], [1975, 241], [793, 187], [845, 138], [1832, 132], [1047, 113], [470, 129], [793, 151], [268, 115], [1047, 163], [488, 114], [1802, 40], [1038, 194], [1406, 55], [1472, 34], [1914, 298], [1331, 273], [1324, 240], [1047, 136], [593, 249], [1127, 207], [853, 26], [764, 124], [111, 135], [535, 237], [640, 266], [922, 299], [1142, 144], [1734, 63], [963, 114], [289, 191], [28, 22], [284, 296], [238, 163], [907, 182], [1324, 192], [1600, 263], [1564, 24], [845, 137], [75, 23], [813, 260], [241, 252], [254, 58], [515, 193], [1534, 134], [1142, 183], [1625, 122], [1127, 208], [793, 244], [195, 178], [1589, 163], [845, 162], [1100, 204], [1020, 68], [207, 35], [586, 289], [153, 160], [128, 173], [674, 52], [1075, 210], [1021, 237], [824, 77], [583, 180], [106, 92], [1607, 184], [43, 209], [1487, 142], [537, 36], [1318, 157], [1519, 214], [211, 161], [801, 29], [1023, 111], [1792, 125], [377, 34], [1103, 246], [243, 207], [395, 41], [740, 256], [1047, 46], [1948, 125], [1517, 176], [383, 61], [983, 182], [1047, 91], [793, 185], [1047, 65], [1047, 47], [1672, 111], [793, 130], [284, 297], [1811, 88]], "mean": 2.3365020751953125e-05}