{"vals": [0.046630859375, 0.034423828125, 0.03076171875, 0.0289306640625, 0.02880859375, 0.0262451171875, 0.0257568359375, 0.023681640625, 0.0230712890625, 0.0223388671875, 0.022216796875, 0.022216796875, 0.02197265625, 0.02197265625, 0.021728515625, 0.021240234375, 0.021240234375, 0.020751953125, 0.020751953125, 0.020751953125, 0.019775390625, 0.01904296875, 0.0186767578125, 0.0186767578125, 0.0185546875, 0.0185546875, 0.0185546875, 0.018310546875, 0.0181884765625, 0.01806640625, 0.0179443359375, 0.017822265625, 0.017822265625, 0.0177001953125, 0.0177001953125, 0.017578125, 0.0172119140625, 0.0172119140625, 0.0169677734375, 0.0169677734375, 0.016845703125, 0.0167236328125, 0.0167236328125, 0.0167236328125, 0.0167236328125, 0.0166015625, 0.0166015625, 0.0164794921875, 0.0164794921875, 0.0164794921875, 0.0164794921875, 0.016357421875, 0.016357421875, 0.01611328125, 0.01611328125, 0.01611328125, 0.0159912109375, 0.0159912109375, 0.0157470703125, 0.015625, 0.015625, 0.015625, 0.015625, 0.01556396484375, 0.015380859375, 0.0152587890625, 0.01519775390625, 0.01513671875, 0.01513671875, 0.01513671875, 0.0150146484375, 0.0150146484375, 0.01495361328125, 0.01495361328125, 0.01483154296875, 0.01470947265625, 0.0146484375, 0.0146484375, 0.01458740234375, 0.0145263671875, 0.01446533203125, 0.01446533203125, 0.014404296875, 0.014404296875, 0.014404296875, 0.014404296875, 0.01434326171875, 0.0142822265625, 0.0142822265625, 0.01422119140625, 0.01416015625, 0.01416015625, 0.01416015625, 0.01409912109375, 0.01409912109375, 0.01409912109375, 0.01397705078125, 0.01397705078125, 0.01397705078125, 0.013916015625], "inds": [[1173, 258], [383, 253], [346, 241], [917, 31], [714, 92], [229, 25], [346, 281], [1017, 214], [229, 294], [229, 190], [22, 229], [1579, 285], [1522, 15], [917, 292], [1783, 59], [404, 215], [229, 54], [576, 86], [1725, 184], [1458, 122], [229, 18], [1515, 137], [646, 183], [1815, 34], [1017, 84], [22, 184], [1783, 215], [825, 84], [1290, 237], [714, 170], [1290, 242], [1430, 106], [188, 65], [759, 144], [1476, 98], [993, 293], [487, 48], [1291, 236], [422, 22], [1095, 258], [305, 172], [164, 198], [993, 245], [229, 191], [229, 67], [1290, 114], [1833, 201], [229, 26], [188, 197], [576, 273], [114, 140], [1012, 34], [1320, 175], [1568, 207], [266, 35], [1458, 70], [423, 263], [1584, 99], [305, 143], [346, 285], [305, 89], [305, 212], [1444, 77], [1269, 27], [1579, 88], [229, 277], [22, 281], [1580, 71], [1085, 85], [1706, 132], [1262, 13], [1216, 28], [1016, 258], [229, 194], [1863, 26], [305, 27], [1263, 70], [1919, 145], [1079, 228], [1783, 217], [1008, 83], [267, 82], [267, 83], [1332, 138], [1911, 129], [993, 233], [1009, 288], [161, 241], [114, 65], [325, 200], [325, 40], [303, 172], [325, 107], [384, 48], [725, 131], [487, 80], [487, 276], [450, 71], [1471, 287], [1126, 96]], "mean": 0.00012493133544921875}