{"vals": [0.10205078125, 0.05908203125, 0.058837890625, 0.05615234375, 0.052490234375, 0.05224609375, 0.0498046875, 0.0478515625, 0.047607421875, 0.046875, 0.04345703125, 0.043212890625, 0.04248046875, 0.041748046875, 0.04150390625, 0.04150390625, 0.041259765625, 0.040771484375, 0.04052734375, 0.03955078125, 0.03955078125, 0.03857421875, 0.038330078125, 0.038330078125, 0.03759765625, 0.03759765625, 0.037353515625, 0.03564453125, 0.03564453125, 0.035400390625, 0.035400390625, 0.03515625, 0.03515625, 0.03515625, 0.03466796875, 0.034423828125, 0.0341796875, 0.0341796875, 0.0341796875, 0.033935546875, 0.033447265625, 0.033447265625, 0.033447265625, 0.032958984375, 0.032958984375, 0.032470703125, 0.032470703125, 0.0322265625, 0.03173828125, 0.03173828125, 0.03173828125, 0.031494140625, 0.03125, 0.03125, 0.0306396484375, 0.0306396484375, 0.0303955078125, 0.0302734375, 0.0302734375, 0.0301513671875, 0.030029296875, 0.030029296875, 0.02978515625, 0.0296630859375, 0.0294189453125, 0.0294189453125, 0.0294189453125, 0.0294189453125, 0.029296875, 0.029296875, 0.0291748046875, 0.0291748046875, 0.029052734375, 0.0289306640625, 0.02880859375, 0.0284423828125, 0.0284423828125, 0.0283203125, 0.0283203125, 0.0281982421875, 0.0281982421875, 0.0281982421875, 0.028076171875, 0.0279541015625, 0.0279541015625, 0.0279541015625, 0.02783203125, 0.02783203125, 0.0277099609375, 0.027587890625, 0.027587890625, 0.027587890625, 0.0272216796875, 0.0272216796875, 0.027099609375, 0.027099609375, 0.0269775390625, 0.0269775390625, 0.0269775390625, 0.0269775390625], "inds": [[1017, 214], [1476, 98], [1016, 259], [406, 99], [22, 184], [1695, 153], [921, 151], [1336, 29], [685, 44], [576, 273], [646, 237], [1017, 45], [1556, 73], [448, 159], [1016, 258], [1269, 141], [921, 155], [1642, 18], [22, 230], [1280, 159], [620, 232], [53, 287], [1629, 192], [448, 190], [1017, 87], [1833, 201], [1580, 71], [448, 293], [1902, 159], [1476, 107], [1768, 191], [448, 191], [137, 142], [585, 124], [998, 220], [1734, 240], [358, 105], [1017, 84], [1072, 69], [1568, 207], [1568, 285], [1568, 203], [1624, 190], [114, 65], [1072, 68], [1476, 123], [114, 140], [1072, 70], [17, 92], [603, 229], [184, 54], [551, 40], [646, 183], [1017, 274], [308, 35], [1965, 267], [1568, 246], [713, 15], [551, 201], [1514, 42], [1144, 61], [551, 135], [1445, 45], [469, 201], [1568, 124], [1381, 68], [518, 48], [1692, 70], [1827, 152], [1794, 83], [998, 168], [369, 54], [469, 237], [1010, 96], [1016, 192], [1383, 277], [1692, 168], [1638, 166], [551, 83], [1017, 255], [358, 216], [1072, 55], [473, 265], [1580, 123], [1568, 282], [5, 138], [753, 292], [845, 114], [802, 43], [846, 81], [1204, 195], [497, 48], [558, 71], [87, 130], [574, 207], [963, 253], [1417, 15], [406, 98], [1164, 36], [1615, 110]], "mean": 0.00035858154296875}