{"vals": [0.032958984375, 0.0302734375, 0.021728515625, 0.0111083984375, 0.010986328125, 0.01055908203125, 0.00958251953125, 0.00860595703125, 0.00799560546875, 0.007568359375, 0.00726318359375, 0.00714111328125, 0.007080078125, 0.00677490234375, 0.006683349609375, 0.00665283203125, 0.006591796875, 0.006500244140625, 0.00640869140625, 0.006378173828125, 0.00634765625, 0.0062255859375, 0.0059814453125, 0.0059814453125, 0.00567626953125, 0.005615234375, 0.0054931640625, 0.0054931640625, 0.005340576171875, 0.00531005859375, 0.005279541015625, 0.00506591796875, 0.00494384765625, 0.0048828125, 0.004852294921875, 0.00482177734375, 0.00482177734375, 0.004730224609375, 0.004730224609375, 0.00469970703125, 0.00469970703125, 0.004638671875, 0.004638671875, 0.004638671875, 0.004547119140625, 0.004547119140625, 0.004486083984375, 0.004486083984375, 0.004486083984375, 0.004364013671875, 0.00433349609375, 0.00433349609375, 0.004241943359375, 0.00421142578125, 0.004180908203125, 0.004180908203125, 0.004119873046875, 0.004119873046875, 0.0040283203125, 0.003997802734375, 0.00396728515625, 0.00396728515625, 0.003936767578125, 0.003875732421875, 0.0038604736328125, 0.00384521484375, 0.0037994384765625, 0.003753662109375, 0.00372314453125, 0.00372314453125, 0.003692626953125, 0.0036773681640625, 0.003662109375, 0.0036468505859375, 0.0036468505859375, 0.0036468505859375, 0.003631591796875, 0.00360107421875, 0.00360107421875, 0.00360107421875, 0.00360107421875, 0.0035858154296875, 0.0035858154296875, 0.0035858154296875, 0.0035858154296875, 0.0035552978515625, 0.0035400390625, 0.0035247802734375, 0.0035247802734375, 0.00347900390625, 0.00347900390625, 0.00347900390625, 0.00347900390625, 0.003448486328125, 0.0034332275390625, 0.00341796875, 0.003387451171875, 0.003387451171875, 0.0033721923828125, 0.00335693359375], "inds": [[72, 212], [72, 230], [1591, 157], [1720, 193], [978, 198], [1042, 139], [72, 172], [732, 143], [1123, 260], [1210, 116], [1989, 188], [177, 45], [754, 277], [1266, 169], [1556, 285], [1987, 24], [815, 31], [1000, 113], [184, 263], [895, 264], [544, 238], [43, 262], [1987, 239], [181, 260], [54, 177], [877, 62], [1006, 268], [153, 252], [1102, 260], [1006, 223], [72, 183], [1932, 295], [757, 218], [1528, 99], [1473, 119], [1247, 179], [757, 262], [109, 252], [249, 97], [1989, 111], [1796, 174], [328, 107], [215, 214], [515, 280], [1614, 291], [150, 20], [1042, 186], [967, 214], [73, 114], [1800, 239], [1591, 156], [1048, 51], [1300, 76], [745, 23], [1989, 272], [427, 40], [741, 252], [424, 22], [1128, 133], [631, 37], [372, 129], [1927, 258], [1473, 195], [977, 204], [1800, 156], [906, 94], [946, 241], [628, 245], [151, 266], [316, 282], [152, 119], [282, 248], [272, 143], [433, 299], [1042, 164], [589, 258], [35, 169], [412, 294], [1591, 216], [1958, 147], [1973, 54], [1008, 262], [1216, 131], [424, 53], [523, 34], [1630, 78], [601, 292], [746, 130], [1042, 210], [1784, 173], [1769, 110], [602, 231], [459, 146], [1629, 189], [225, 37], [1511, 187], [124, 192], [774, 209], [602, 169], [645, 19]], "mean": 3.0994415283203125e-05}