{"vals": [0.025390625, 0.0198974609375, 0.015625, 0.01531982421875, 0.01141357421875, 0.00909423828125, 0.00823974609375, 0.008056640625, 0.0079345703125, 0.007537841796875, 0.0074462890625, 0.007415771484375, 0.007354736328125, 0.00726318359375, 0.0072021484375, 0.00714111328125, 0.006927490234375, 0.00677490234375, 0.006500244140625, 0.006500244140625, 0.006439208984375, 0.006256103515625, 0.00616455078125, 0.006134033203125, 0.006103515625, 0.006011962890625, 0.005828857421875, 0.005828857421875, 0.005828857421875, 0.00567626953125, 0.005645751953125, 0.00543212890625, 0.00537109375, 0.00537109375, 0.00518798828125, 0.005126953125, 0.005126953125, 0.00506591796875, 0.00506591796875, 0.004913330078125, 0.0048828125, 0.004730224609375, 0.00469970703125, 0.004669189453125, 0.004669189453125, 0.004608154296875, 0.00457763671875, 0.004547119140625, 0.00445556640625, 0.004302978515625, 0.004302978515625, 0.004302978515625, 0.0042724609375, 0.004241943359375, 0.004241943359375, 0.004241943359375, 0.00421142578125, 0.004180908203125, 0.004150390625, 0.004119873046875, 0.004119873046875, 0.00408935546875, 0.00408935546875, 0.004058837890625, 0.0040283203125, 0.00396728515625, 0.00390625, 0.00390625, 0.0038604736328125, 0.0037994384765625, 0.003753662109375, 0.0037078857421875, 0.003692626953125, 0.0036773681640625, 0.003570556640625, 0.0035552978515625, 0.0035400390625, 0.00347900390625, 0.0034332275390625, 0.0034332275390625, 0.00341796875, 0.0034027099609375, 0.003387451171875, 0.0033721923828125, 0.00335693359375, 0.0033416748046875, 0.0033416748046875, 0.0033111572265625, 0.0033111572265625, 0.0033111572265625, 0.0032958984375, 0.0032806396484375, 0.0032501220703125, 0.0032501220703125, 0.00323486328125, 0.00323486328125, 0.0032196044921875, 0.0032196044921875, 0.003204345703125, 0.003204345703125], "inds": [[1065, 21], [1614, 284], [1614, 134], [1566, 25], [211, 225], [1368, 12], [674, 52], [436, 262], [687, 267], [1631, 57], [1608, 43], [1130, 19], [1614, 131], [134, 45], [1614, 170], [231, 249], [687, 105], [1608, 44], [325, 41], [1232, 138], [929, 23], [1881, 113], [1902, 76], [1110, 123], [1479, 173], [1601, 129], [1160, 119], [456, 95], [1730, 244], [1431, 248], [1614, 294], [479, 17], [1881, 74], [827, 169], [1228, 131], [687, 26], [1431, 178], [1733, 41], [1130, 37], [644, 239], [151, 198], [836, 67], [188, 138], [1011, 149], [1733, 141], [1927, 288], [1233, 61], [926, 146], [926, 120], [1160, 118], [1439, 13], [122, 173], [190, 25], [1608, 45], [541, 43], [1043, 65], [1349, 282], [1761, 109], [515, 79], [1766, 46], [776, 153], [1102, 104], [1747, 42], [1160, 117], [1461, 31], [62, 237], [633, 36], [1505, 67], [647, 296], [1614, 291], [1720, 223], [1456, 74], [37, 135], [238, 222], [1431, 181], [1608, 46], [1123, 153], [440, 143], [1927, 296], [325, 40], [1573, 31], [766, 23], [1431, 240], [1437, 72], [1009, 135], [926, 172], [53, 240], [20, 80], [1160, 22], [1545, 23], [1162, 245], [1174, 47], [1951, 24], [1500, 107], [654, 20], [470, 183], [1923, 139], [1371, 131], [1587, 259], [1204, 112]], "mean": 1.537799835205078e-05}