{"vals": [0.09033203125, 0.07080078125, 0.06494140625, 0.0615234375, 0.059326171875, 0.0498046875, 0.049072265625, 0.048583984375, 0.04541015625, 0.044189453125, 0.043212890625, 0.0419921875, 0.041748046875, 0.04150390625, 0.04052734375, 0.039306640625, 0.038818359375, 0.0380859375, 0.036376953125, 0.033203125, 0.032958984375, 0.03271484375, 0.032470703125, 0.031494140625, 0.03125, 0.0308837890625, 0.0301513671875, 0.02978515625, 0.02978515625, 0.029541015625, 0.029052734375, 0.0283203125, 0.0277099609375, 0.0277099609375, 0.02734375, 0.02685546875, 0.02685546875, 0.0263671875, 0.0260009765625, 0.02587890625, 0.0247802734375, 0.0244140625, 0.0242919921875, 0.0242919921875, 0.0242919921875, 0.02392578125, 0.02392578125, 0.0238037109375, 0.0235595703125, 0.0233154296875, 0.0228271484375, 0.0224609375, 0.0224609375, 0.0224609375, 0.0223388671875, 0.0223388671875, 0.022216796875, 0.02197265625, 0.021728515625, 0.0216064453125, 0.021484375, 0.0213623046875, 0.0211181640625, 0.02099609375, 0.02099609375, 0.0208740234375, 0.0208740234375, 0.020751953125, 0.020751953125, 0.020263671875, 0.0201416015625, 0.0201416015625, 0.02001953125, 0.0198974609375, 0.0198974609375, 0.019775390625, 0.0196533203125, 0.0196533203125, 0.0196533203125, 0.01953125, 0.01953125, 0.0194091796875, 0.0194091796875, 0.0194091796875, 0.0194091796875, 0.0191650390625, 0.0191650390625, 0.01904296875, 0.0189208984375, 0.018798828125, 0.018798828125, 0.0186767578125, 0.0185546875, 0.0185546875, 0.0185546875, 0.0185546875, 0.0184326171875, 0.0184326171875, 0.0184326171875, 0.018310546875], "inds": [[409, 70], [1470, 167], [1282, 39], [1634, 162], [1492, 207], [128, 203], [776, 203], [1574, 188], [128, 173], [939, 286], [1363, 169], [1764, 269], [814, 27], [734, 145], [248, 53], [929, 232], [1828, 187], [281, 30], [585, 47], [943, 25], [1492, 208], [478, 105], [211, 251], [1776, 125], [719, 123], [128, 240], [128, 150], [233, 83], [347, 145], [1623, 43], [266, 138], [177, 155], [1574, 187], [1810, 240], [1574, 189], [683, 58], [554, 25], [649, 34], [320, 109], [1466, 157], [311, 51], [1776, 77], [1808, 154], [943, 37], [84, 173], [1890, 35], [1737, 35], [1215, 41], [293, 34], [1801, 138], [1259, 13], [387, 117], [468, 69], [867, 226], [994, 44], [1852, 39], [1840, 131], [266, 100], [1868, 127], [1192, 102], [227, 164], [1345, 197], [820, 81], [1225, 81], [1041, 294], [804, 32], [608, 290], [728, 169], [598, 98], [1587, 67], [697, 92], [614, 84], [278, 136], [1259, 123], [1929, 202], [396, 278], [1603, 280], [165, 258], [1914, 58], [1282, 129], [660, 44], [152, 119], [1456, 56], [1401, 96], [1640, 84], [211, 140], [77, 102], [1093, 203], [1965, 296], [1884, 130], [281, 297], [1269, 26], [823, 201], [823, 58], [1300, 137], [17, 42], [38, 112], [802, 242], [1755, 196], [1760, 43]], "mean": 0.00019359588623046875}