{"vals": [0.039306640625, 0.039306640625, 0.0299072265625, 0.0284423828125, 0.0218505859375, 0.0206298828125, 0.01953125, 0.017822265625, 0.017822265625, 0.015625, 0.01531982421875, 0.01531982421875, 0.01507568359375, 0.0140380859375, 0.01324462890625, 0.01300048828125, 0.0120849609375, 0.0115966796875, 0.011474609375, 0.01129150390625, 0.01043701171875, 0.0098876953125, 0.00970458984375, 0.0093994140625, 0.0093994140625, 0.00933837890625, 0.00921630859375, 0.0091552734375, 0.0091552734375, 0.009033203125, 0.00860595703125, 0.0084228515625, 0.00836181640625, 0.00830078125, 0.00823974609375, 0.00811767578125, 0.008056640625, 0.008056640625, 0.0079345703125, 0.00787353515625, 0.00787353515625, 0.0078125, 0.00762939453125, 0.007568359375, 0.007537841796875, 0.007476806640625, 0.00738525390625, 0.00738525390625, 0.00738525390625, 0.007354736328125, 0.007354736328125, 0.00732421875, 0.007232666015625, 0.0072021484375, 0.007171630859375, 0.006927490234375, 0.00689697265625, 0.00677490234375, 0.006744384765625, 0.006744384765625, 0.006622314453125, 0.006561279296875, 0.00653076171875, 0.00640869140625, 0.00634765625, 0.006317138671875, 0.006317138671875, 0.006317138671875, 0.00628662109375, 0.00616455078125, 0.00616455078125, 0.00604248046875, 0.006011962890625, 0.0059814453125, 0.005950927734375, 0.005950927734375, 0.005950927734375, 0.005950927734375, 0.00567626953125, 0.005584716796875, 0.00555419921875, 0.005523681640625, 0.005523681640625, 0.005462646484375, 0.005401611328125, 0.00537109375, 0.005340576171875, 0.00531005859375, 0.005279541015625, 0.0052490234375, 0.005218505859375, 0.005218505859375, 0.00518798828125, 0.00518798828125, 0.005157470703125, 0.005157470703125, 0.005157470703125, 0.005126953125, 0.005126953125, 0.005096435546875], "inds": [[20, 58], [1564, 83], [1537, 152], [20, 67], [956, 254], [1825, 17], [1577, 296], [907, 211], [185, 72], [358, 117], [1748, 166], [956, 255], [526, 41], [938, 24], [1067, 177], [1850, 174], [1289, 276], [1617, 288], [1539, 222], [938, 30], [68, 94], [386, 272], [675, 243], [1194, 207], [636, 258], [264, 84], [1894, 118], [426, 73], [1069, 79], [1856, 114], [1011, 69], [893, 228], [716, 53], [2, 295], [471, 188], [1011, 62], [152, 103], [1011, 77], [938, 31], [1617, 31], [10, 156], [716, 163], [192, 69], [325, 131], [1063, 126], [697, 96], [1006, 276], [831, 56], [1965, 95], [1894, 42], [898, 260], [1063, 125], [515, 116], [19, 109], [375, 281], [1894, 122], [551, 277], [716, 136], [1430, 167], [1748, 139], [1622, 183], [194, 40], [194, 114], [1818, 67], [357, 277], [218, 24], [923, 227], [471, 189], [56, 25], [1011, 99], [993, 293], [1538, 293], [474, 67], [1071, 217], [907, 286], [208, 95], [194, 53], [471, 241], [1054, 25], [1128, 113], [285, 35], [1564, 154], [32, 91], [831, 81], [575, 25], [454, 159], [1283, 41], [1405, 83], [855, 165], [1843, 264], [1492, 284], [1133, 170], [1959, 282], [1782, 176], [331, 233], [194, 221], [72, 289], [1580, 272], [1438, 223], [377, 87]], "mean": 2.8014183044433594e-05}