{"vals": [0.00933837890625, 0.0069580078125, 0.006561279296875, 0.006195068359375, 0.006103515625, 0.00567626953125, 0.005615234375, 0.004913330078125, 0.004852294921875, 0.00482177734375, 0.0047607421875, 0.004730224609375, 0.004730224609375, 0.00469970703125, 0.00469970703125, 0.0045166015625, 0.00445556640625, 0.00439453125, 0.004150390625, 0.00408935546875, 0.004058837890625, 0.004058837890625, 0.00390625, 0.0038299560546875, 0.0037841796875, 0.0037841796875, 0.0037689208984375, 0.00372314453125, 0.00372314453125, 0.0037078857421875, 0.003692626953125, 0.00360107421875, 0.003570556640625, 0.0035400390625, 0.003509521484375, 0.0034637451171875, 0.003448486328125, 0.0033416748046875, 0.0032958984375, 0.0032958984375, 0.003265380859375, 0.0032501220703125, 0.00323486328125, 0.003204345703125, 0.003204345703125, 0.003143310546875, 0.003143310546875, 0.003143310546875, 0.003082275390625, 0.0030517578125, 0.0030517578125, 0.0030364990234375, 0.0030364990234375, 0.00299072265625, 0.00299072265625, 0.0029754638671875, 0.0029296875, 0.002899169921875, 0.002899169921875, 0.00286865234375, 0.00286865234375, 0.002838134765625, 0.0028076171875, 0.0028076171875, 0.0027923583984375, 0.0027618408203125, 0.0027618408203125, 0.00274658203125, 0.0027313232421875, 0.0027313232421875, 0.002716064453125, 0.002716064453125, 0.0027008056640625, 0.0027008056640625, 0.002685546875, 0.002685546875, 0.002655029296875, 0.002655029296875, 0.0026397705078125, 0.00262451171875, 0.00262451171875, 0.00262451171875, 0.0026092529296875, 0.002593994140625, 0.002593994140625, 0.002593994140625, 0.0025787353515625, 0.0025634765625, 0.0025634765625, 0.0025482177734375, 0.0025482177734375, 0.0025482177734375, 0.002532958984375, 0.0025177001953125, 0.00250244140625, 0.00250244140625, 0.00250244140625, 0.00250244140625, 0.0024871826171875, 0.0024871826171875], "inds": [[294, 94], [1944, 8], [1335, 133], [167, 30], [1570, 71], [1208, 18], [1382, 143], [1335, 59], [940, 210], [568, 88], [446, 24], [751, 64], [327, 31], [354, 228], [1570, 70], [1484, 14], [1861, 127], [712, 250], [1144, 61], [580, 143], [326, 195], [1089, 25], [1182, 41], [124, 228], [273, 277], [281, 74], [1086, 226], [321, 126], [195, 160], [125, 189], [831, 197], [1573, 44], [1335, 123], [1203, 258], [1280, 163], [621, 184], [1783, 39], [77, 60], [220, 113], [24, 293], [993, 153], [33, 250], [1470, 94], [1380, 271], [1509, 170], [1833, 234], [961, 116], [1734, 84], [37, 219], [1708, 75], [1029, 30], [890, 99], [745, 160], [1312, 209], [1537, 26], [422, 107], [180, 36], [566, 86], [770, 137], [1030, 224], [712, 65], [1215, 84], [1776, 21], [426, 77], [1549, 117], [190, 296], [1047, 123], [1510, 166], [1650, 37], [1700, 193], [1583, 36], [597, 41], [1253, 290], [1992, 254], [420, 132], [661, 286], [1073, 123], [744, 57], [1927, 187], [1143, 20], [447, 201], [1463, 10], [797, 43], [1335, 41], [773, 61], [668, 106], [1753, 51], [1573, 72], [1947, 52], [803, 46], [1128, 87], [1082, 247], [1823, 282], [1571, 112], [239, 158], [668, 101], [1380, 221], [1873, 123], [37, 285], [1551, 80]], "mean": 4.649162292480469e-05}