{"vals": [0.0634765625, 0.0458984375, 0.0458984375, 0.041748046875, 0.041259765625, 0.041015625, 0.040771484375, 0.040771484375, 0.040771484375, 0.040283203125, 0.040283203125, 0.0400390625, 0.038818359375, 0.03857421875, 0.037841796875, 0.03759765625, 0.037353515625, 0.036865234375, 0.0361328125, 0.0361328125, 0.0361328125, 0.03564453125, 0.035400390625, 0.035400390625, 0.03515625, 0.03515625, 0.034912109375, 0.034912109375, 0.03466796875, 0.034423828125, 0.034423828125, 0.034423828125, 0.033935546875, 0.03369140625, 0.03369140625, 0.033447265625, 0.033203125, 0.032958984375, 0.032958984375, 0.03271484375, 0.03271484375, 0.03271484375, 0.0322265625, 0.031982421875, 0.031982421875, 0.03173828125, 0.03173828125, 0.031494140625, 0.031494140625, 0.03125, 0.0311279296875, 0.031005859375, 0.0308837890625, 0.0306396484375, 0.0306396484375, 0.030517578125, 0.030517578125, 0.0302734375, 0.0302734375, 0.0302734375, 0.0301513671875, 0.0301513671875, 0.0301513671875, 0.0301513671875, 0.0299072265625, 0.02978515625, 0.0296630859375, 0.0296630859375, 0.029541015625, 0.029541015625, 0.0294189453125, 0.0294189453125, 0.0294189453125, 0.0294189453125, 0.029296875, 0.029296875, 0.0291748046875, 0.0291748046875, 0.0289306640625, 0.02880859375, 0.0286865234375, 0.028564453125, 0.028564453125, 0.028564453125, 0.0283203125, 0.0283203125, 0.0283203125, 0.0283203125, 0.0283203125, 0.0281982421875, 0.0281982421875, 0.028076171875, 0.0279541015625, 0.0279541015625, 0.0279541015625, 0.0279541015625, 0.0279541015625, 0.02783203125, 0.02783203125, 0.02783203125], "inds": [[1259, 33], [1826, 25], [17, 35], [1858, 21], [1138, 47], [808, 18], [452, 35], [1374, 11], [1572, 29], [168, 17], [902, 22], [1412, 16], [341, 35], [927, 35], [198, 40], [1079, 24], [994, 37], [1521, 28], [33, 12], [1386, 24], [1291, 41], [1991, 63], [1001, 54], [620, 24], [1951, 55], [1689, 16], [1436, 21], [738, 22], [846, 24], [38, 20], [1161, 15], [1547, 19], [1003, 24], [1490, 49], [246, 15], [1039, 22], [217, 11], [939, 18], [1759, 38], [1593, 12], [761, 21], [1348, 16], [612, 42], [1912, 30], [1573, 22], [782, 18], [857, 36], [657, 14], [1251, 27], [1485, 19], [1581, 21], [1499, 32], [1099, 52], [964, 19], [1037, 13], [80, 17], [1577, 12], [234, 16], [1279, 16], [1707, 20], [1525, 18], [1602, 15], [1546, 47], [1452, 13], [328, 11], [997, 13], [479, 26], [1708, 72], [874, 16], [79, 18], [1000, 9], [418, 27], [760, 20], [855, 141], [1518, 12], [141, 14], [269, 20], [1483, 17], [849, 22], [1486, 15], [917, 24], [201, 12], [254, 16], [497, 21], [665, 17], [1960, 14], [36, 17], [862, 73], [1798, 20], [930, 16], [96, 12], [202, 13], [1948, 58], [1964, 24], [144, 14], [1850, 16], [1738, 19], [261, 14], [1104, 15], [325, 37]], "mean": 0.00019168853759765625}