{"vals": [0.034912109375, 0.031982421875, 0.0306396484375, 0.0303955078125, 0.029541015625, 0.028564453125, 0.028564453125, 0.0283203125, 0.028076171875, 0.02783203125, 0.02734375, 0.0269775390625, 0.026123046875, 0.0257568359375, 0.0234375, 0.0233154296875, 0.0228271484375, 0.0228271484375, 0.0225830078125, 0.0218505859375, 0.021240234375, 0.0211181640625, 0.02099609375, 0.02099609375, 0.02099609375, 0.0208740234375, 0.020751953125, 0.020751953125, 0.0206298828125, 0.0206298828125, 0.0205078125, 0.0203857421875, 0.0201416015625, 0.0201416015625, 0.02001953125, 0.0198974609375, 0.0196533203125, 0.01953125, 0.01953125, 0.01953125, 0.0194091796875, 0.019287109375, 0.0191650390625, 0.0191650390625, 0.0191650390625, 0.0189208984375, 0.0189208984375, 0.018798828125, 0.018798828125, 0.018798828125, 0.0186767578125, 0.0185546875, 0.0185546875, 0.0181884765625, 0.0181884765625, 0.0181884765625, 0.0181884765625, 0.01806640625, 0.0179443359375, 0.0179443359375, 0.0179443359375, 0.017822265625, 0.017822265625, 0.017822265625, 0.017822265625, 0.017822265625, 0.0177001953125, 0.0177001953125, 0.017578125, 0.017578125, 0.017578125, 0.0174560546875, 0.017333984375, 0.017333984375, 0.017333984375, 0.017333984375, 0.017333984375, 0.0172119140625, 0.01708984375, 0.01708984375, 0.01708984375, 0.01708984375, 0.01708984375, 0.01708984375, 0.0169677734375, 0.0169677734375, 0.0169677734375, 0.0169677734375, 0.0169677734375, 0.0169677734375, 0.016845703125, 0.016845703125, 0.0167236328125, 0.0167236328125, 0.0167236328125, 0.0167236328125, 0.0166015625, 0.0164794921875, 0.0164794921875, 0.0164794921875], "inds": [[1259, 33], [1905, 74], [1374, 11], [1412, 16], [902, 22], [333, 126], [927, 35], [695, 37], [43, 118], [72, 126], [972, 115], [1572, 29], [852, 68], [355, 214], [407, 124], [1013, 89], [591, 16], [1279, 16], [57, 164], [1458, 37], [1483, 17], [328, 11], [915, 13], [131, 45], [1079, 24], [1039, 22], [1705, 38], [489, 95], [1298, 214], [1047, 13], [1544, 74], [1737, 160], [565, 275], [1037, 13], [939, 18], [1184, 20], [1756, 72], [1572, 30], [1633, 23], [1812, 17], [320, 9], [1817, 34], [1940, 11], [269, 20], [1143, 80], [1099, 52], [668, 16], [1724, 177], [65, 18], [703, 11], [1183, 25], [742, 17], [738, 22], [657, 14], [1337, 33], [1778, 15], [1564, 213], [785, 22], [1964, 24], [808, 18], [317, 11], [1085, 30], [1836, 9], [166, 13], [1882, 19], [527, 241], [1524, 213], [1348, 16], [1230, 12], [1485, 19], [825, 290], [1701, 46], [586, 12], [59, 12], [1827, 19], [1306, 24], [1880, 41], [928, 39], [50, 25], [80, 17], [486, 53], [1807, 24], [1168, 64], [341, 35], [488, 12], [77, 54], [1974, 12], [1771, 21], [427, 192], [1461, 16], [1137, 116], [612, 42], [1602, 15], [964, 19], [663, 19], [643, 35], [479, 26], [1989, 99], [189, 27], [917, 24]], "mean": 0.00030517578125}