{"vals": [0.038818359375, 0.018798828125, 0.0162353515625, 0.01251220703125, 0.01214599609375, 0.01177978515625, 0.01025390625, 0.0101318359375, 0.00982666015625, 0.00970458984375, 0.00927734375, 0.009033203125, 0.009033203125, 0.0089111328125, 0.00885009765625, 0.00860595703125, 0.00860595703125, 0.00848388671875, 0.00830078125, 0.00823974609375, 0.00823974609375, 0.008056640625, 0.0079345703125, 0.0076904296875, 0.0076904296875, 0.007598876953125, 0.007080078125, 0.00701904296875, 0.006927490234375, 0.00689697265625, 0.006866455078125, 0.00677490234375, 0.006744384765625, 0.006683349609375, 0.006591796875, 0.006500244140625, 0.006439208984375, 0.00640869140625, 0.00628662109375, 0.0062255859375, 0.00616455078125, 0.006134033203125, 0.006072998046875, 0.00604248046875, 0.00604248046875, 0.0059814453125, 0.005859375, 0.00579833984375, 0.00579833984375, 0.0057373046875, 0.005645751953125, 0.005645751953125, 0.005584716796875, 0.00555419921875, 0.00555419921875, 0.005523681640625, 0.0054931640625, 0.005462646484375, 0.00543212890625, 0.005401611328125, 0.005401611328125, 0.00531005859375, 0.00531005859375, 0.00531005859375, 0.005279541015625, 0.0052490234375, 0.0052490234375, 0.0052490234375, 0.0052490234375, 0.005218505859375, 0.00518798828125, 0.005126953125, 0.005126953125, 0.005096435546875, 0.00506591796875, 0.00506591796875, 0.005035400390625, 0.005035400390625, 0.0050048828125, 0.0050048828125, 0.004974365234375, 0.00494384765625, 0.004913330078125, 0.0048828125, 0.004852294921875, 0.00482177734375, 0.00482177734375, 0.00482177734375, 0.00482177734375, 0.0047607421875, 0.004730224609375, 0.00469970703125, 0.004669189453125, 0.004608154296875, 0.004608154296875, 0.00457763671875, 0.004547119140625, 0.004547119140625, 0.004486083984375, 0.00445556640625], "inds": [[1385, 122], [1504, 111], [1287, 213], [282, 246], [1951, 24], [118, 119], [269, 144], [1626, 104], [645, 19], [831, 121], [1840, 131], [488, 210], [568, 174], [895, 230], [1988, 282], [271, 103], [566, 258], [1746, 247], [185, 231], [1187, 185], [1976, 261], [1440, 171], [299, 130], [1818, 191], [1192, 236], [1912, 37], [782, 200], [242, 141], [895, 192], [1596, 255], [1884, 109], [1108, 9], [54, 30], [1671, 161], [670, 169], [801, 30], [1471, 16], [144, 181], [876, 15], [1000, 75], [346, 208], [662, 248], [269, 143], [877, 278], [744, 187], [346, 218], [1536, 53], [255, 257], [738, 223], [988, 217], [1614, 197], [1894, 296], [1669, 26], [1951, 72], [1227, 128], [255, 191], [855, 119], [1095, 283], [891, 251], [1614, 153], [423, 59], [236, 30], [1926, 281], [356, 53], [1716, 251], [556, 66], [421, 230], [908, 239], [760, 280], [172, 224], [219, 174], [877, 247], [1254, 25], [917, 138], [137, 134], [1734, 283], [273, 232], [488, 91], [1588, 63], [756, 82], [1082, 88], [583, 149], [1693, 103], [1512, 32], [1192, 160], [1518, 11], [1340, 109], [719, 240], [1827, 73], [688, 290], [1169, 112], [1513, 37], [52, 274], [1005, 95], [1804, 185], [1133, 22], [455, 76], [1269, 19], [845, 269], [1574, 103]], "mean": 4.601478576660156e-05}