{"vals": [0.30078125, 0.154296875, 0.1337890625, 0.099609375, 0.060302734375, 0.048828125, 0.048583984375, 0.0390625, 0.03759765625, 0.035888671875, 0.03564453125, 0.0311279296875, 0.0306396484375, 0.030517578125, 0.0301513671875, 0.028564453125, 0.0277099609375, 0.027587890625, 0.0272216796875, 0.0267333984375, 0.0267333984375, 0.0255126953125, 0.0242919921875, 0.0240478515625, 0.0238037109375, 0.0238037109375, 0.023193359375, 0.023193359375, 0.0228271484375, 0.022705078125, 0.0223388671875, 0.02197265625, 0.021484375, 0.0211181640625, 0.02099609375, 0.020751953125, 0.0201416015625, 0.02001953125, 0.019775390625, 0.0194091796875, 0.01904296875, 0.0189208984375, 0.0186767578125, 0.0185546875, 0.017578125, 0.0174560546875, 0.0174560546875, 0.0169677734375, 0.0169677734375, 0.0169677734375, 0.0167236328125, 0.0164794921875, 0.016357421875, 0.0162353515625, 0.015869140625, 0.01544189453125, 0.015380859375, 0.0146484375, 0.0145263671875, 0.01422119140625, 0.01422119140625, 0.01416015625, 0.01409912109375, 0.0140380859375, 0.01397705078125, 0.013916015625, 0.0137939453125, 0.01373291015625, 0.01373291015625, 0.01373291015625, 0.01361083984375, 0.01361083984375, 0.0135498046875, 0.01336669921875, 0.01336669921875, 0.0133056640625, 0.0133056640625, 0.0133056640625, 0.0133056640625, 0.01324462890625, 0.01324462890625, 0.0130615234375, 0.01300048828125, 0.012939453125, 0.01287841796875, 0.0128173828125, 0.0128173828125, 0.0128173828125, 0.01275634765625, 0.01275634765625, 0.0126953125, 0.0126953125, 0.0125732421875, 0.01251220703125, 0.0123291015625, 0.0123291015625, 0.011962890625, 0.011962890625, 0.011962890625, 0.011962890625], "inds": [[1843, 48], [536, 193], [536, 172], [367, 23], [714, 73], [187, 239], [677, 66], [1887, 90], [661, 49], [1535, 287], [349, 84], [1484, 14], [1615, 44], [1818, 239], [294, 210], [1890, 112], [988, 217], [52, 22], [1074, 253], [1368, 148], [1021, 240], [330, 39], [1145, 244], [670, 219], [485, 46], [670, 209], [511, 148], [1154, 136], [510, 184], [398, 60], [675, 117], [670, 260], [856, 46], [963, 159], [1372, 222], [1330, 134], [1441, 269], [258, 245], [700, 262], [444, 208], [1647, 251], [407, 124], [268, 72], [1441, 270], [1600, 199], [1060, 187], [105, 126], [968, 27], [670, 235], [1691, 32], [1877, 218], [1081, 44], [1785, 78], [491, 294], [348, 272], [145, 11], [1125, 195], [714, 108], [845, 75], [1514, 139], [1608, 81], [67, 23], [677, 265], [1529, 275], [696, 110], [302, 28], [194, 17], [1712, 273], [1483, 146], [919, 25], [1829, 163], [280, 194], [716, 116], [746, 61], [1582, 115], [517, 152], [1777, 28], [820, 253], [974, 241], [1535, 65], [968, 26], [299, 21], [974, 240], [1732, 164], [1966, 23], [893, 124], [459, 45], [1600, 197], [171, 216], [543, 193], [645, 194], [1748, 119], [39, 88], [126, 179], [1607, 31], [1225, 190], [1890, 225], [1853, 134], [1437, 204], [891, 166]], "mean": 0.00017547607421875}