{"vals": [0.041748046875, 0.0322265625, 0.0272216796875, 0.0255126953125, 0.0224609375, 0.0174560546875, 0.0172119140625, 0.01507568359375, 0.013427734375, 0.0128173828125, 0.012451171875, 0.01239013671875, 0.01214599609375, 0.01171875, 0.01165771484375, 0.011474609375, 0.01116943359375, 0.0111083984375, 0.01104736328125, 0.010498046875, 0.01025390625, 0.01025390625, 0.009765625, 0.00946044921875, 0.0093994140625, 0.0093994140625, 0.00897216796875, 0.00872802734375, 0.00830078125, 0.008056640625, 0.00787353515625, 0.0078125, 0.007781982421875, 0.0076904296875, 0.00732421875, 0.00726318359375, 0.007080078125, 0.007049560546875, 0.006988525390625, 0.0069580078125, 0.006866455078125, 0.006683349609375, 0.006561279296875, 0.006561279296875, 0.00653076171875, 0.006378173828125, 0.006256103515625, 0.006256103515625, 0.00616455078125, 0.006103515625, 0.005950927734375, 0.005889892578125, 0.005859375, 0.005828857421875, 0.005767822265625, 0.005706787109375, 0.005645751953125, 0.00555419921875, 0.005523681640625, 0.0054931640625, 0.005401611328125, 0.00537109375, 0.005340576171875, 0.0052490234375, 0.00518798828125, 0.00506591796875, 0.0050048828125, 0.00494384765625, 0.00494384765625, 0.0048828125, 0.004852294921875, 0.00482177734375, 0.00482177734375, 0.00482177734375, 0.004730224609375, 0.00469970703125, 0.004669189453125, 0.004638671875, 0.004638671875, 0.004608154296875, 0.004547119140625, 0.004486083984375, 0.00445556640625, 0.00445556640625, 0.00445556640625, 0.004425048828125, 0.004425048828125, 0.00439453125, 0.00439453125, 0.004364013671875, 0.00433349609375, 0.00433349609375, 0.004302978515625, 0.004302978515625, 0.0042724609375, 0.004241943359375, 0.004241943359375, 0.004241943359375, 0.004241943359375, 0.004180908203125], "inds": [[1389, 264], [501, 43], [934, 64], [222, 155], [934, 72], [400, 91], [704, 46], [1955, 80], [934, 65], [839, 115], [160, 14], [839, 114], [1972, 217], [84, 127], [415, 283], [853, 57], [117, 201], [1849, 83], [1148, 180], [1056, 233], [1849, 61], [1663, 216], [1229, 191], [474, 187], [1389, 94], [106, 194], [900, 24], [1831, 266], [803, 86], [589, 100], [563, 129], [1414, 207], [1043, 17], [1367, 35], [27, 279], [1501, 93], [70, 9], [1614, 209], [1725, 66], [1621, 17], [1800, 149], [1457, 109], [705, 216], [1274, 16], [1753, 95], [522, 66], [589, 142], [1210, 259], [528, 169], [633, 51], [137, 183], [1797, 15], [507, 120], [240, 212], [1208, 74], [1425, 114], [891, 38], [1782, 74], [1621, 15], [1193, 13], [406, 257], [74, 97], [240, 213], [309, 95], [1405, 14], [635, 91], [532, 239], [1745, 186], [704, 39], [1117, 11], [1130, 36], [1581, 251], [475, 106], [1913, 267], [333, 125], [912, 17], [1529, 233], [480, 20], [1783, 33], [1849, 11], [832, 27], [257, 23], [1894, 267], [1415, 47], [782, 192], [919, 62], [346, 218], [772, 54], [474, 130], [1052, 52], [1400, 113], [571, 94], [256, 65], [668, 286], [1188, 197], [1985, 86], [602, 18], [1486, 14], [359, 100], [1628, 151]], "mean": 8.916854858398438e-05}