{"vals": [0.02392578125, 0.0235595703125, 0.0185546875, 0.01708984375, 0.01483154296875, 0.01348876953125, 0.01251220703125, 0.0113525390625, 0.01055908203125, 0.01043701171875, 0.01025390625, 0.0096435546875, 0.00921630859375, 0.00897216796875, 0.0086669921875, 0.008544921875, 0.00799560546875, 0.00775146484375, 0.00750732421875, 0.007476806640625, 0.0074462890625, 0.007415771484375, 0.007415771484375, 0.007293701171875, 0.007293701171875, 0.00714111328125, 0.00714111328125, 0.007110595703125, 0.007110595703125, 0.00689697265625, 0.006866455078125, 0.0068359375, 0.006744384765625, 0.006744384765625, 0.0067138671875, 0.00665283203125, 0.006500244140625, 0.0064697265625, 0.0064697265625, 0.006439208984375, 0.006378173828125, 0.006317138671875, 0.0062255859375, 0.006134033203125, 0.00604248046875, 0.0059814453125, 0.005859375, 0.005828857421875, 0.005828857421875, 0.0057373046875, 0.005615234375, 0.00555419921875, 0.00555419921875, 0.0054931640625, 0.005462646484375, 0.005462646484375, 0.005462646484375, 0.00543212890625, 0.005401611328125, 0.00531005859375, 0.00531005859375, 0.00531005859375, 0.00531005859375, 0.005218505859375, 0.005218505859375, 0.005218505859375, 0.005126953125, 0.005126953125, 0.005096435546875, 0.00506591796875, 0.005035400390625, 0.005035400390625, 0.004974365234375, 0.00494384765625, 0.00494384765625, 0.00494384765625, 0.004913330078125, 0.004852294921875, 0.004852294921875, 0.00482177734375, 0.004791259765625, 0.004791259765625, 0.0047607421875, 0.004730224609375, 0.00469970703125, 0.00469970703125, 0.00469970703125, 0.004669189453125, 0.004669189453125, 0.004669189453125, 0.004638671875, 0.00457763671875, 0.004547119140625, 0.00445556640625, 0.004425048828125, 0.004425048828125, 0.004425048828125, 0.004425048828125, 0.00439453125, 0.004364013671875], "inds": [[578, 59], [1597, 124], [1849, 83], [645, 289], [1153, 166], [514, 175], [587, 102], [1273, 206], [1645, 208], [1556, 48], [1418, 189], [1198, 132], [1531, 226], [1978, 14], [1838, 209], [1711, 152], [515, 176], [1436, 199], [1322, 52], [9, 103], [784, 189], [1902, 153], [1645, 245], [1852, 275], [674, 52], [805, 128], [1418, 244], [1856, 239], [1645, 56], [28, 235], [1556, 203], [851, 194], [1213, 293], [683, 278], [500, 219], [1481, 251], [655, 181], [100, 244], [1782, 272], [1322, 262], [552, 250], [1645, 97], [1078, 289], [1832, 117], [1988, 220], [1917, 154], [1886, 103], [339, 201], [1802, 137], [1646, 139], [1507, 116], [1607, 31], [1033, 179], [1867, 236], [596, 230], [1642, 18], [1797, 295], [829, 146], [1614, 221], [471, 261], [1794, 83], [1645, 279], [514, 230], [1794, 141], [1242, 36], [1833, 256], [630, 276], [645, 221], [910, 205], [1071, 98], [1059, 216], [1960, 293], [1769, 243], [406, 257], [119, 193], [1714, 234], [1902, 139], [1645, 228], [1583, 195], [1523, 31], [1406, 229], [720, 153], [937, 235], [1769, 254], [553, 103], [500, 267], [829, 109], [1103, 246], [1481, 209], [460, 140], [124, 217], [1376, 48], [244, 169], [1583, 268], [124, 57], [793, 151], [356, 53], [1436, 157], [645, 250], [721, 63]], "mean": 5.4836273193359375e-05}