{"vals": [0.0213623046875, 0.0152587890625, 0.010986328125, 0.0101318359375, 0.0096435546875, 0.0089111328125, 0.0081787109375, 0.008056640625, 0.00799560546875, 0.00799560546875, 0.00762939453125, 0.00750732421875, 0.007232666015625, 0.00714111328125, 0.006866455078125, 0.006622314453125, 0.006591796875, 0.00653076171875, 0.006500244140625, 0.006256103515625, 0.006195068359375, 0.00616455078125, 0.006011962890625, 0.0059814453125, 0.005950927734375, 0.0057373046875, 0.005645751953125, 0.005615234375, 0.005615234375, 0.005584716796875, 0.005523681640625, 0.0054931640625, 0.005462646484375, 0.00537109375, 0.0052490234375, 0.005126953125, 0.005096435546875, 0.00506591796875, 0.005035400390625, 0.0050048828125, 0.0050048828125, 0.004913330078125, 0.0048828125, 0.004852294921875, 0.004852294921875, 0.00482177734375, 0.00482177734375, 0.00482177734375, 0.0047607421875, 0.0047607421875, 0.00469970703125, 0.004669189453125, 0.004669189453125, 0.004638671875, 0.004638671875, 0.00457763671875, 0.00457763671875, 0.00457763671875, 0.00457763671875, 0.00457763671875, 0.004547119140625, 0.004486083984375, 0.004425048828125, 0.004364013671875, 0.00433349609375, 0.00433349609375, 0.004302978515625, 0.004302978515625, 0.004241943359375, 0.004241943359375, 0.004241943359375, 0.00421142578125, 0.00421142578125, 0.00421142578125, 0.004180908203125, 0.004150390625, 0.004150390625, 0.004119873046875, 0.004119873046875, 0.004119873046875, 0.004119873046875, 0.004058837890625, 0.004058837890625, 0.004058837890625, 0.003997802734375, 0.003997802734375, 0.00396728515625, 0.003936767578125, 0.003936767578125, 0.003936767578125, 0.00390625, 0.0038909912109375, 0.0038909912109375, 0.003875732421875, 0.0038604736328125, 0.0038299560546875, 0.003814697265625, 0.0037994384765625, 0.0037841796875, 0.0037841796875], "inds": [[1945, 273], [1613, 221], [622, 22], [1315, 34], [1134, 121], [1394, 205], [1403, 278], [1827, 96], [1614, 284], [263, 79], [1603, 22], [1691, 133], [1042, 31], [1752, 254], [1131, 210], [106, 48], [1018, 83], [48, 116], [630, 299], [260, 30], [1852, 275], [1989, 26], [1131, 222], [664, 199], [185, 280], [12, 25], [664, 171], [1555, 47], [1275, 77], [498, 286], [1786, 83], [1111, 190], [1829, 112], [1748, 277], [1503, 109], [1602, 192], [222, 194], [1131, 280], [225, 147], [983, 137], [418, 121], [1752, 295], [1394, 292], [1821, 138], [1972, 217], [233, 146], [320, 195], [18, 42], [1851, 92], [550, 21], [1136, 199], [284, 27], [1749, 51], [1225, 225], [1596, 211], [1623, 64], [995, 224], [1797, 169], [1772, 18], [1065, 41], [1065, 42], [1259, 63], [1614, 107], [1796, 92], [352, 101], [1647, 197], [234, 27], [729, 18], [634, 36], [1006, 91], [746, 67], [1530, 244], [1406, 83], [1740, 127], [1487, 217], [74, 260], [1752, 251], [620, 40], [1671, 63], [180, 77], [1006, 128], [1691, 237], [1074, 84], [1376, 282], [1564, 154], [1768, 227], [367, 82], [634, 87], [536, 66], [1046, 293], [898, 107], [1336, 80], [1507, 237], [550, 20], [407, 214], [1413, 89], [344, 80], [674, 58], [1001, 243], [27, 132]], "mean": 3.814697265625e-05}