{"vals": [0.017333984375, 0.01611328125, 0.0159912109375, 0.01519775390625, 0.01507568359375, 0.01409912109375, 0.0140380859375, 0.013916015625, 0.01373291015625, 0.01239013671875, 0.01190185546875, 0.01190185546875, 0.0115966796875, 0.01123046875, 0.01116943359375, 0.010986328125, 0.01080322265625, 0.0106201171875, 0.01055908203125, 0.01055908203125, 0.01031494140625, 0.01031494140625, 0.01025390625, 0.01007080078125, 0.0098876953125, 0.0098876953125, 0.00982666015625, 0.00982666015625, 0.00982666015625, 0.00970458984375, 0.0096435546875, 0.009521484375, 0.00946044921875, 0.00946044921875, 0.00933837890625, 0.00933837890625, 0.00933837890625, 0.00927734375, 0.00927734375, 0.00921630859375, 0.0091552734375, 0.0091552734375, 0.0091552734375, 0.0091552734375, 0.009033203125, 0.009033203125, 0.00897216796875, 0.0089111328125, 0.0089111328125, 0.00885009765625, 0.00885009765625, 0.00885009765625, 0.00872802734375, 0.0086669921875, 0.008544921875, 0.00848388671875, 0.0084228515625, 0.0084228515625, 0.00836181640625, 0.00830078125, 0.00830078125, 0.00823974609375, 0.00823974609375, 0.0081787109375, 0.0081787109375, 0.0081787109375, 0.0081787109375, 0.0081787109375, 0.00811767578125, 0.00811767578125, 0.00811767578125, 0.00811767578125, 0.00811767578125, 0.00811767578125, 0.00811767578125, 0.008056640625, 0.008056640625, 0.008056640625, 0.008056640625, 0.00799560546875, 0.00799560546875, 0.00799560546875, 0.00799560546875, 0.00799560546875, 0.00799560546875, 0.00799560546875, 0.0079345703125, 0.00787353515625, 0.00787353515625, 0.0078125, 0.0078125, 0.0078125, 0.007781982421875, 0.00775146484375, 0.007720947265625, 0.007720947265625, 0.0076904296875, 0.007659912109375, 0.007659912109375, 0.007659912109375], "inds": [[1713, 134], [168, 17], [26, 70], [333, 126], [1756, 72], [1554, 12], [1079, 24], [57, 164], [266, 24], [597, 23], [407, 124], [1133, 24], [1196, 16], [915, 13], [1495, 15], [1904, 94], [1827, 19], [56, 17], [1130, 17], [420, 13], [56, 204], [1307, 18], [916, 267], [1341, 81], [89, 51], [782, 18], [1708, 72], [252, 22], [1125, 75], [1801, 21], [34, 19], [278, 46], [839, 25], [1291, 41], [505, 37], [1293, 12], [1527, 68], [862, 73], [488, 12], [424, 100], [1739, 37], [1273, 43], [253, 16], [1572, 29], [385, 194], [374, 26], [1364, 262], [768, 60], [979, 23], [1786, 12], [1830, 76], [1161, 15], [368, 21], [883, 22], [1878, 32], [668, 16], [59, 12], [586, 12], [1156, 16], [1960, 14], [902, 22], [607, 76], [1104, 15], [486, 19], [562, 226], [59, 55], [1340, 31], [1357, 18], [698, 41], [153, 22], [1130, 16], [1331, 122], [1986, 22], [191, 34], [414, 122], [65, 18], [1563, 16], [1531, 25], [1535, 39], [456, 86], [1826, 25], [238, 165], [1538, 16], [1530, 24], [1234, 33], [564, 17], [1665, 37], [1023, 27], [832, 32], [787, 17], [424, 12], [1836, 9], [270, 17], [217, 11], [296, 16], [962, 19], [542, 18], [481, 19], [871, 30], [1473, 17]], "mean": 9.679794311523438e-05}