{"vals": [0.05419921875, 0.038330078125, 0.030517578125, 0.0301513671875, 0.0252685546875, 0.023193359375, 0.022705078125, 0.021484375, 0.0208740234375, 0.0208740234375, 0.0206298828125, 0.02001953125, 0.019775390625, 0.019775390625, 0.0196533203125, 0.0194091796875, 0.0194091796875, 0.0194091796875, 0.019287109375, 0.0186767578125, 0.01806640625, 0.01806640625, 0.0179443359375, 0.017578125, 0.017333984375, 0.017333984375, 0.0172119140625, 0.016845703125, 0.016845703125, 0.0167236328125, 0.0167236328125, 0.0166015625, 0.0162353515625, 0.01611328125, 0.0159912109375, 0.015869140625, 0.015380859375, 0.01531982421875, 0.01531982421875, 0.0152587890625, 0.01519775390625, 0.01519775390625, 0.01513671875, 0.01513671875, 0.01470947265625, 0.0146484375, 0.0146484375, 0.01446533203125, 0.01434326171875, 0.01422119140625, 0.01361083984375, 0.013427734375, 0.01336669921875, 0.01324462890625, 0.01324462890625, 0.01324462890625, 0.01318359375, 0.01287841796875, 0.01263427734375, 0.01263427734375, 0.01263427734375, 0.01251220703125, 0.012451171875, 0.0123291015625, 0.01226806640625, 0.01220703125, 0.01202392578125, 0.011962890625, 0.011962890625, 0.0118408203125, 0.0115966796875, 0.011474609375, 0.01141357421875, 0.0113525390625, 0.01116943359375, 0.0111083984375, 0.01104736328125, 0.010986328125, 0.010986328125, 0.0108642578125, 0.01068115234375, 0.01055908203125, 0.01055908203125, 0.010498046875, 0.0103759765625, 0.01019287109375, 0.0101318359375, 0.0101318359375, 0.010009765625, 0.010009765625, 0.00994873046875, 0.0098876953125, 0.0098876953125, 0.00982666015625, 0.00982666015625, 0.009765625, 0.009765625, 0.009765625, 0.00970458984375, 0.00958251953125], "inds": [[1560, 63], [952, 151], [1768, 176], [237, 23], [1492, 110], [449, 39], [1776, 84], [208, 34], [1109, 219], [230, 25], [1143, 115], [1389, 26], [1095, 201], [1095, 233], [1209, 37], [504, 108], [308, 34], [1969, 266], [1898, 73], [341, 52], [101, 112], [213, 30], [1777, 23], [1899, 49], [1610, 13], [1713, 24], [411, 27], [627, 30], [308, 35], [528, 188], [1899, 21], [489, 30], [873, 235], [578, 59], [602, 169], [1170, 284], [1987, 32], [512, 256], [1711, 21], [1870, 34], [412, 23], [993, 13], [1704, 25], [813, 253], [29, 16], [449, 32], [1777, 16], [1374, 18], [1825, 25], [890, 35], [1015, 85], [890, 31], [1028, 19], [1095, 219], [1238, 160], [1216, 16], [449, 40], [991, 220], [1478, 39], [647, 21], [747, 21], [88, 14], [952, 200], [454, 152], [1319, 53], [1321, 22], [1385, 15], [453, 117], [952, 170], [1075, 129], [1618, 172], [268, 283], [716, 272], [1276, 60], [896, 13], [1583, 20], [869, 87], [602, 123], [1783, 21], [821, 35], [1870, 27], [398, 38], [776, 13], [349, 263], [1536, 258], [1867, 19], [434, 12], [1704, 20], [1856, 19], [942, 65], [1489, 101], [642, 31], [1364, 62], [684, 22], [403, 35], [1015, 78], [517, 174], [97, 104], [1679, 91], [1569, 22]], "mean": 0.00011014938354492188}