{"vals": [0.01806640625, 0.0169677734375, 0.013427734375, 0.01318359375, 0.0098876953125, 0.00921630859375, 0.00860595703125, 0.0084228515625, 0.00811767578125, 0.008056640625, 0.007171630859375, 0.007171630859375, 0.00714111328125, 0.00714111328125, 0.00714111328125, 0.006927490234375, 0.00677490234375, 0.00677490234375, 0.006744384765625, 0.006744384765625, 0.00665283203125, 0.006591796875, 0.006378173828125, 0.006378173828125, 0.006256103515625, 0.00616455078125, 0.006103515625, 0.006103515625, 0.006072998046875, 0.006072998046875, 0.00604248046875, 0.0059814453125, 0.005859375, 0.005828857421875, 0.005828857421875, 0.00579833984375, 0.0057373046875, 0.005706787109375, 0.005615234375, 0.005615234375, 0.005615234375, 0.005615234375, 0.00555419921875, 0.00555419921875, 0.00555419921875, 0.005523681640625, 0.0054931640625, 0.0054931640625, 0.005462646484375, 0.005462646484375, 0.005462646484375, 0.005401611328125, 0.005401611328125, 0.005401611328125, 0.005401611328125, 0.00537109375, 0.00537109375, 0.005340576171875, 0.005279541015625, 0.005279541015625, 0.005218505859375, 0.00518798828125, 0.005157470703125, 0.005157470703125, 0.005157470703125, 0.005126953125, 0.005126953125, 0.005096435546875, 0.00506591796875, 0.00506591796875, 0.005035400390625, 0.005035400390625, 0.005035400390625, 0.005035400390625, 0.004974365234375, 0.004974365234375, 0.00494384765625, 0.00494384765625, 0.004913330078125, 0.004913330078125, 0.0048828125, 0.0048828125, 0.004852294921875, 0.004852294921875, 0.004852294921875, 0.00482177734375, 0.004791259765625, 0.004791259765625, 0.004791259765625, 0.0047607421875, 0.0047607421875, 0.0047607421875, 0.0047607421875, 0.0047607421875, 0.004730224609375, 0.004730224609375, 0.004730224609375, 0.004730224609375, 0.00469970703125, 0.00469970703125], "inds": [[560, 234], [706, 244], [72, 193], [793, 183], [1726, 127], [733, 217], [804, 93], [1042, 155], [1722, 13], [1183, 53], [1772, 53], [162, 182], [1919, 97], [158, 94], [1842, 106], [733, 13], [1306, 24], [695, 37], [129, 179], [931, 125], [173, 95], [648, 54], [1772, 18], [473, 236], [851, 40], [1989, 151], [770, 23], [1765, 35], [896, 32], [593, 61], [1414, 257], [1005, 184], [636, 29], [898, 46], [333, 212], [1617, 58], [15, 22], [1183, 80], [435, 190], [929, 50], [1066, 33], [1031, 94], [1263, 29], [1651, 38], [794, 39], [1380, 292], [881, 24], [271, 275], [1867, 155], [737, 95], [339, 45], [565, 75], [1454, 41], [1962, 294], [1805, 31], [1194, 47], [888, 96], [808, 203], [1955, 119], [180, 76], [1842, 295], [1839, 201], [696, 282], [936, 249], [729, 40], [1675, 41], [41, 23], [975, 22], [1244, 174], [82, 49], [1787, 123], [1062, 37], [595, 188], [199, 34], [61, 22], [1446, 62], [1993, 51], [592, 50], [1571, 290], [504, 127], [989, 40], [1514, 53], [182, 256], [1854, 257], [1653, 63], [1989, 162], [236, 66], [1218, 29], [1204, 266], [1087, 34], [454, 35], [577, 123], [1238, 35], [798, 30], [25, 37], [507, 30], [626, 50], [278, 58], [1157, 14], [1649, 38]], "mean": 0.00012302398681640625}