{"vals": [0.0091552734375, 0.007049560546875, 0.006256103515625, 0.005859375, 0.005523681640625, 0.005401611328125, 0.0050048828125, 0.004974365234375, 0.00494384765625, 0.0048828125, 0.004730224609375, 0.00469970703125, 0.004638671875, 0.00445556640625, 0.004364013671875, 0.00433349609375, 0.00421142578125, 0.004119873046875, 0.00408935546875, 0.004058837890625, 0.0040283203125, 0.00396728515625, 0.003936767578125, 0.0038909912109375, 0.0038909912109375, 0.003753662109375, 0.003753662109375, 0.00372314453125, 0.0036773681640625, 0.003662109375, 0.00360107421875, 0.003570556640625, 0.003570556640625, 0.003509521484375, 0.0034637451171875, 0.00341796875, 0.003387451171875, 0.0033111572265625, 0.003265380859375, 0.0031890869140625, 0.003173828125, 0.0031585693359375, 0.0031585693359375, 0.0030975341796875, 0.0030975341796875, 0.0030670166015625, 0.0030517578125, 0.0030364990234375, 0.0030364990234375, 0.0030364990234375, 0.0030059814453125, 0.00299072265625, 0.0029754638671875, 0.0029296875, 0.0029296875, 0.0029144287109375, 0.0029144287109375, 0.0029144287109375, 0.0028533935546875, 0.0028533935546875, 0.0028533935546875, 0.002838134765625, 0.0027923583984375, 0.0027923583984375, 0.0027923583984375, 0.0027923583984375, 0.002777099609375, 0.0027313232421875, 0.002716064453125, 0.0027008056640625, 0.0027008056640625, 0.0027008056640625, 0.002685546875, 0.0026397705078125, 0.0026092529296875, 0.002593994140625, 0.0025787353515625, 0.0025787353515625, 0.0025787353515625, 0.0025177001953125, 0.0025177001953125, 0.00250244140625, 0.0024871826171875, 0.0024871826171875, 0.0024871826171875, 0.0024871826171875, 0.0024871826171875, 0.002471923828125, 0.002471923828125, 0.0024566650390625, 0.0024566650390625, 0.0024566650390625, 0.00244140625, 0.00244140625, 0.00244140625, 0.0023956298828125, 0.00238037109375, 0.0023651123046875, 0.0023651123046875, 0.0023651123046875], "inds": [[645, 297], [699, 279], [1303, 153], [1048, 172], [499, 32], [1229, 192], [1007, 54], [610, 291], [556, 21], [1490, 63], [443, 89], [1675, 30], [1767, 15], [705, 189], [9, 20], [1383, 216], [453, 117], [866, 188], [167, 33], [1239, 143], [2, 158], [1899, 32], [1898, 200], [1124, 120], [531, 17], [1350, 103], [1704, 233], [998, 48], [1048, 70], [1048, 233], [1704, 236], [1205, 290], [39, 212], [1277, 92], [443, 163], [121, 86], [278, 63], [556, 19], [1205, 294], [1273, 187], [1945, 177], [1429, 210], [877, 48], [1125, 96], [914, 199], [1126, 143], [296, 261], [1428, 274], [1443, 44], [997, 12], [1987, 21], [1841, 127], [646, 156], [1631, 66], [1620, 65], [645, 194], [1772, 37], [1304, 215], [884, 184], [1185, 133], [651, 268], [1991, 62], [1916, 255], [645, 282], [370, 99], [1623, 64], [1417, 71], [1977, 80], [1047, 213], [1232, 71], [1657, 231], [188, 79], [1669, 204], [1056, 175], [1999, 85], [1895, 43], [470, 73], [28, 98], [1617, 62], [266, 263], [1484, 79], [1273, 213], [919, 140], [1050, 141], [1129, 28], [259, 238], [76, 103], [1615, 262], [1078, 16], [1374, 36], [142, 52], [1173, 283], [839, 80], [1277, 76], [522, 217], [172, 142], [773, 228], [1670, 53], [1785, 46], [443, 91]], "mean": 6.341934204101562e-05}