{"vals": [0.1875, 0.1044921875, 0.036376953125, 0.035888671875, 0.0306396484375, 0.02490234375, 0.0218505859375, 0.021728515625, 0.021728515625, 0.021240234375, 0.021240234375, 0.019287109375, 0.019287109375, 0.019287109375, 0.019287109375, 0.019287109375, 0.019287109375, 0.019287109375, 0.019287109375, 0.019287109375, 0.019287109375, 0.019287109375, 0.019287109375, 0.019287109375, 0.019287109375, 0.019287109375, 0.019287109375, 0.019287109375, 0.019287109375, 0.019287109375, 0.019287109375, 0.019287109375, 0.019287109375, 0.019287109375, 0.019287109375, 0.019287109375, 0.019287109375, 0.019287109375, 0.019287109375, 0.019287109375, 0.019287109375, 0.019287109375, 0.019287109375, 0.019287109375, 0.019287109375, 0.019287109375, 0.019287109375, 0.019287109375, 0.019287109375, 0.019287109375, 0.019287109375, 0.019287109375, 0.019287109375, 0.019287109375, 0.019287109375, 0.019287109375, 0.019287109375, 0.019287109375, 0.019287109375, 0.019287109375, 0.019287109375, 0.019287109375, 0.019287109375, 0.019287109375, 0.019287109375, 0.019287109375, 0.019287109375, 0.019287109375, 0.019287109375, 0.019287109375, 0.019287109375, 0.019287109375, 0.019287109375, 0.019287109375, 0.019287109375, 0.019287109375, 0.019287109375, 0.019287109375, 0.019287109375, 0.019287109375, 0.019287109375, 0.019287109375, 0.019287109375, 0.019287109375, 0.019287109375, 0.019287109375, 0.019287109375, 0.019287109375, 0.019287109375, 0.019287109375, 0.019287109375, 0.019287109375, 0.019287109375, 0.019287109375, 0.019287109375, 0.019287109375, 0.019287109375, 0.019287109375, 0.019287109375, 0.019287109375], "inds": [[350, 36], [880, 13], [1269, 20], [1991, 62], [1528, 123], [536, 193], [909, 71], [324, 61], [1219, 52], [1869, 204], [715, 20], [46, 1], [8, 1], [28, 1], [2, 1], [82, 1], [43, 1], [14, 1], [1, 1], [71, 1], [20, 1], [11, 1], [80, 1], [70, 1], [36, 1], [25, 1], [45, 1], [91, 1], [24, 1], [89, 1], [42, 1], [41, 1], [23, 1], [86, 1], [75, 1], [39, 1], [72, 1], [74, 1], [9, 1], [27, 1], [19, 1], [97, 1], [62, 1], [63, 1], [22, 1], [13, 1], [66, 1], [61, 1], [15, 1], [3, 1], [59, 1], [10, 1], [18, 1], [67, 1], [60, 1], [35, 1], [31, 1], [92, 1], [93, 1], [90, 1], [94, 1], [87, 1], [88, 1], [44, 1], [95, 1], [83, 1], [84, 1], [7, 1], [85, 1], [0, 1], [81, 1], [30, 1], [96, 1], [76, 1], [77, 1], [26, 1], [78, 1], [6, 1], [73, 1], [40, 1], [79, 1], [37, 1], [48, 1], [17, 1], [69, 1], [38, 1], [47, 1], [16, 1], [98, 1], [21, 1], [64, 1], [12, 1], [65, 1], [29, 1], [55, 1], [56, 1], [54, 1], [52, 1], [57, 1], [53, 1]], "mean": 0.00018024444580078125}