{"vals": [0.0927734375, 0.0791015625, 0.037109375, 0.03125, 0.0225830078125, 0.021728515625, 0.021484375, 0.0185546875, 0.01507568359375, 0.01409912109375, 0.01397705078125, 0.01397705078125, 0.01275634765625, 0.0125732421875, 0.0123291015625, 0.0123291015625, 0.01214599609375, 0.01116943359375, 0.01116943359375, 0.01104736328125, 0.01092529296875, 0.0107421875, 0.01043701171875, 0.01031494140625, 0.01019287109375, 0.0098876953125, 0.009765625, 0.00958251953125, 0.009521484375, 0.0093994140625, 0.00933837890625, 0.0091552734375, 0.00909423828125, 0.0089111328125, 0.0087890625, 0.0086669921875, 0.0086669921875, 0.0086669921875, 0.00860595703125, 0.008544921875, 0.00830078125, 0.0078125, 0.0078125, 0.007720947265625, 0.00762939453125, 0.00750732421875, 0.007415771484375, 0.007293701171875, 0.007293701171875, 0.007232666015625, 0.007232666015625, 0.0072021484375, 0.007171630859375, 0.007110595703125, 0.007049560546875, 0.00701904296875, 0.0069580078125, 0.006927490234375, 0.006622314453125, 0.006622314453125, 0.00653076171875, 0.0064697265625, 0.006439208984375, 0.006378173828125, 0.006378173828125, 0.00628662109375, 0.006256103515625, 0.006256103515625, 0.0062255859375, 0.0062255859375, 0.006195068359375, 0.006195068359375, 0.00616455078125, 0.006072998046875, 0.00604248046875, 0.00604248046875, 0.00604248046875, 0.006011962890625, 0.0059814453125, 0.0059814453125, 0.005950927734375, 0.00592041015625, 0.005889892578125, 0.005706787109375, 0.005706787109375, 0.00567626953125, 0.00567626953125, 0.00567626953125, 0.005523681640625, 0.005523681640625, 0.0054931640625, 0.005462646484375, 0.00543212890625, 0.00543212890625, 0.005401611328125, 0.00537109375, 0.00537109375, 0.00537109375, 0.00537109375, 0.00537109375], "inds": [[1725, 66], [567, 222], [482, 35], [232, 159], [232, 122], [1136, 176], [239, 120], [909, 108], [1614, 264], [1189, 188], [1406, 74], [19, 72], [1678, 139], [657, 85], [306, 61], [509, 185], [1869, 81], [232, 194], [238, 256], [1872, 256], [240, 98], [1902, 76], [1902, 158], [667, 84], [848, 209], [637, 138], [226, 171], [360, 155], [1805, 75], [293, 124], [589, 285], [590, 150], [816, 275], [1378, 14], [1086, 199], [225, 87], [831, 97], [529, 205], [336, 107], [1910, 84], [1765, 197], [810, 38], [1358, 252], [1614, 195], [1009, 287], [822, 128], [1401, 85], [101, 280], [945, 169], [263, 79], [1010, 62], [832, 275], [1775, 174], [9, 130], [656, 92], [259, 199], [1681, 212], [529, 162], [114, 82], [755, 144], [1306, 68], [816, 141], [832, 292], [1820, 185], [1406, 111], [1009, 106], [336, 109], [1545, 72], [506, 228], [1402, 240], [1853, 286], [936, 24], [936, 23], [1614, 284], [1543, 122], [864, 69], [106, 200], [1330, 33], [924, 22], [1491, 197], [1553, 221], [647, 154], [589, 186], [47, 158], [260, 186], [1543, 78], [1442, 174], [1198, 147], [1553, 174], [1913, 267], [194, 53], [1543, 75], [1684, 285], [1010, 264], [771, 159], [1389, 94], [1775, 267], [338, 189], [1087, 47], [829, 124]], "mean": 7.486343383789062e-05}