{"vals": [0.048828125, 0.03369140625, 0.032470703125, 0.02978515625, 0.0284423828125, 0.026123046875, 0.026123046875, 0.024169921875, 0.02392578125, 0.0230712890625, 0.02294921875, 0.022216796875, 0.021728515625, 0.0208740234375, 0.0205078125, 0.0203857421875, 0.0191650390625, 0.0184326171875, 0.01806640625, 0.017822265625, 0.017333984375, 0.017333984375, 0.0172119140625, 0.0172119140625, 0.0169677734375, 0.016845703125, 0.016845703125, 0.0167236328125, 0.0167236328125, 0.0167236328125, 0.0164794921875, 0.01611328125, 0.01611328125, 0.01611328125, 0.0159912109375, 0.01556396484375, 0.015380859375, 0.0152587890625, 0.01513671875, 0.01507568359375, 0.01470947265625, 0.0146484375, 0.0140380859375, 0.013916015625, 0.0137939453125, 0.01373291015625, 0.013671875, 0.0135498046875, 0.0135498046875, 0.013427734375, 0.013427734375, 0.012939453125, 0.012939453125, 0.012939453125, 0.01287841796875, 0.01287841796875, 0.01263427734375, 0.0125732421875, 0.0125732421875, 0.01251220703125, 0.01251220703125, 0.012451171875, 0.012451171875, 0.01239013671875, 0.0123291015625, 0.01226806640625, 0.01226806640625, 0.01220703125, 0.01220703125, 0.01214599609375, 0.01190185546875, 0.01177978515625, 0.01171875, 0.01171875, 0.01165771484375, 0.0115966796875, 0.0115966796875, 0.01153564453125, 0.01153564453125, 0.011474609375, 0.0113525390625, 0.0113525390625, 0.01129150390625, 0.01123046875, 0.01116943359375, 0.01092529296875, 0.01080322265625, 0.01080322265625, 0.01080322265625, 0.01080322265625, 0.01080322265625, 0.0107421875, 0.0107421875, 0.01068115234375, 0.01068115234375, 0.0106201171875, 0.010498046875, 0.010498046875, 0.0103759765625, 0.0103759765625], "inds": [[945, 169], [816, 141], [1680, 26], [717, 280], [1714, 89], [831, 81], [984, 244], [1205, 296], [1077, 18], [98, 31], [865, 125], [1851, 26], [1155, 71], [697, 256], [1439, 25], [1996, 58], [1188, 161], [451, 37], [593, 253], [630, 39], [1654, 18], [697, 193], [1977, 177], [525, 92], [831, 38], [766, 42], [830, 285], [967, 15], [1556, 71], [1813, 202], [1660, 169], [543, 51], [1728, 169], [554, 8], [766, 40], [1614, 52], [998, 168], [56, 167], [1182, 294], [1118, 209], [1019, 27], [1182, 233], [273, 131], [1543, 114], [292, 27], [1748, 268], [556, 66], [85, 19], [1598, 21], [1445, 59], [1904, 79], [967, 63], [888, 10], [1365, 294], [529, 184], [1182, 265], [1104, 14], [1155, 69], [1813, 198], [1679, 60], [369, 101], [1353, 14], [1169, 15], [408, 34], [1445, 207], [1664, 27], [12, 78], [137, 183], [244, 277], [226, 93], [937, 41], [1543, 270], [1153, 111], [967, 184], [1351, 106], [930, 125], [53, 38], [1766, 18], [1081, 209], [1416, 25], [796, 224], [651, 53], [1173, 258], [1997, 205], [318, 17], [1930, 133], [1338, 197], [450, 188], [236, 258], [1182, 208], [1243, 105], [1117, 173], [1182, 96], [587, 183], [143, 89], [1621, 75], [1871, 32], [1368, 12], [38, 270], [1255, 77]], "mean": 7.2479248046875e-05}