{"vals": [0.125, 0.1201171875, 0.109375, 0.07861328125, 0.06298828125, 0.04931640625, 0.043212890625, 0.042236328125, 0.040283203125, 0.038330078125, 0.037353515625, 0.033447265625, 0.0308837890625, 0.0308837890625, 0.0296630859375, 0.0291748046875, 0.0286865234375, 0.0283203125, 0.02685546875, 0.0267333984375, 0.0267333984375, 0.0263671875, 0.026123046875, 0.026123046875, 0.02587890625, 0.0252685546875, 0.0250244140625, 0.02490234375, 0.0245361328125, 0.0238037109375, 0.023681640625, 0.0235595703125, 0.0230712890625, 0.0230712890625, 0.02294921875, 0.022705078125, 0.0224609375, 0.0218505859375, 0.0213623046875, 0.0213623046875, 0.021240234375, 0.0208740234375, 0.0208740234375, 0.020751953125, 0.0203857421875, 0.0201416015625, 0.019775390625, 0.019775390625, 0.01953125, 0.0194091796875, 0.0189208984375, 0.0189208984375, 0.018798828125, 0.018798828125, 0.0185546875, 0.0184326171875, 0.018310546875, 0.018310546875, 0.0181884765625, 0.01806640625, 0.0177001953125, 0.0174560546875, 0.0167236328125, 0.0166015625, 0.0164794921875, 0.0162353515625, 0.01611328125, 0.0159912109375, 0.0159912109375, 0.0159912109375, 0.0159912109375, 0.015869140625, 0.01544189453125, 0.01544189453125, 0.01531982421875, 0.01513671875, 0.01507568359375, 0.01507568359375, 0.01470947265625, 0.01470947265625, 0.0146484375, 0.0146484375, 0.0146484375, 0.01446533203125, 0.014404296875, 0.01434326171875, 0.0142822265625, 0.01416015625, 0.01409912109375, 0.01409912109375, 0.0140380859375, 0.01397705078125, 0.0137939453125, 0.01373291015625, 0.013671875, 0.01348876953125, 0.01348876953125, 0.01348876953125, 0.013427734375, 0.01336669921875], "inds": [[103, 252], [645, 297], [106, 117], [645, 282], [1582, 29], [1298, 53], [1866, 35], [1955, 26], [1128, 53], [1904, 79], [1748, 255], [626, 50], [268, 60], [1071, 35], [330, 39], [60, 38], [1128, 48], [1748, 235], [1141, 41], [1611, 40], [793, 71], [1768, 51], [1180, 148], [645, 194], [1770, 51], [1299, 34], [716, 246], [1393, 13], [862, 71], [855, 227], [892, 81], [1564, 154], [329, 174], [1486, 14], [451, 26], [891, 38], [1208, 18], [1794, 22], [27, 257], [1639, 112], [674, 251], [670, 60], [1996, 45], [1128, 40], [1284, 155], [339, 12], [1431, 21], [716, 216], [115, 20], [714, 108], [377, 47], [768, 32], [331, 12], [1253, 117], [350, 30], [963, 159], [543, 177], [1180, 127], [1712, 14], [43, 92], [1564, 21], [1904, 49], [1564, 83], [1828, 16], [126, 19], [106, 23], [1683, 23], [600, 38], [250, 16], [832, 30], [1830, 34], [852, 34], [1768, 29], [1770, 29], [1830, 46], [1128, 75], [52, 22], [222, 30], [27, 240], [158, 94], [491, 15], [27, 39], [1656, 17], [625, 45], [1180, 70], [891, 35], [462, 20], [615, 15], [1048, 20], [1830, 60], [857, 25], [323, 15], [1096, 43], [4, 19], [1552, 34], [289, 127], [27, 46], [685, 19], [293, 70], [1614, 61]], "mean": 0.000263214111328125}