{"vals": [0.025634765625, 0.0234375, 0.022705078125, 0.0216064453125, 0.0169677734375, 0.0164794921875, 0.016357421875, 0.01611328125, 0.01556396484375, 0.01544189453125, 0.01544189453125, 0.0152587890625, 0.014892578125, 0.01470947265625, 0.0135498046875, 0.01324462890625, 0.01300048828125, 0.012939453125, 0.01275634765625, 0.0126953125, 0.01220703125, 0.01177978515625, 0.01171875, 0.0115966796875, 0.01153564453125, 0.0113525390625, 0.01129150390625, 0.01116943359375, 0.0107421875, 0.01068115234375, 0.01055908203125, 0.01055908203125, 0.01043701171875, 0.01025390625, 0.01025390625, 0.0101318359375, 0.01007080078125, 0.01007080078125, 0.010009765625, 0.00994873046875, 0.00994873046875, 0.00970458984375, 0.00946044921875, 0.00946044921875, 0.00921630859375, 0.0091552734375, 0.00909423828125, 0.00909423828125, 0.00897216796875, 0.00897216796875, 0.00885009765625, 0.0087890625, 0.0087890625, 0.00860595703125, 0.00860595703125, 0.008544921875, 0.00848388671875, 0.0084228515625, 0.00823974609375, 0.0081787109375, 0.008056640625, 0.008056640625, 0.00799560546875, 0.00799560546875, 0.0079345703125, 0.00787353515625, 0.00787353515625, 0.0078125, 0.007781982421875, 0.007720947265625, 0.007720947265625, 0.007659912109375, 0.007659912109375, 0.00762939453125, 0.007568359375, 0.007568359375, 0.007568359375, 0.007537841796875, 0.0074462890625, 0.007415771484375, 0.00738525390625, 0.007354736328125, 0.007354736328125, 0.00732421875, 0.007293701171875, 0.007293701171875, 0.007293701171875, 0.007293701171875, 0.00726318359375, 0.00726318359375, 0.0072021484375, 0.0072021484375, 0.007080078125, 0.007049560546875, 0.007049560546875, 0.00701904296875, 0.006988525390625, 0.006988525390625, 0.0069580078125, 0.0069580078125], "inds": [[1927, 26], [747, 51], [1522, 15], [1036, 194], [684, 17], [1995, 67], [572, 58], [487, 80], [1053, 14], [358, 215], [58, 19], [747, 45], [305, 27], [1783, 21], [502, 30], [1016, 259], [1070, 48], [502, 236], [389, 77], [898, 14], [1116, 184], [1734, 56], [1356, 60], [58, 20], [604, 18], [1116, 183], [307, 171], [1911, 62], [603, 229], [759, 49], [1116, 145], [1584, 134], [777, 68], [58, 21], [383, 106], [1073, 17], [1921, 259], [17, 86], [1406, 18], [376, 47], [1009, 63], [1584, 99], [1019, 234], [292, 14], [572, 227], [1199, 13], [917, 243], [917, 178], [1871, 72], [1017, 84], [576, 48], [1190, 44], [487, 234], [1617, 78], [1031, 198], [747, 98], [1911, 129], [1099, 178], [1863, 92], [1556, 15], [463, 99], [1008, 78], [1584, 135], [728, 163], [376, 238], [502, 244], [1229, 18], [1528, 48], [1099, 184], [1584, 173], [1009, 288], [625, 153], [1227, 70], [1017, 45], [1899, 129], [638, 71], [246, 116], [246, 18], [1089, 152], [215, 55], [1182, 17], [1469, 16], [1819, 224], [1262, 13], [1133, 25], [174, 216], [174, 109], [1899, 93], [551, 201], [1116, 208], [565, 219], [422, 22], [860, 146], [548, 100], [1448, 216], [1465, 27], [1081, 15], [754, 16], [548, 60], [487, 197]], "mean": 8.7738037109375e-05}