{"vals": [0.034423828125, 0.0341796875, 0.033447265625, 0.029296875, 0.0279541015625, 0.026611328125, 0.0260009765625, 0.025390625, 0.025390625, 0.0250244140625, 0.0250244140625, 0.0247802734375, 0.0247802734375, 0.0244140625, 0.0240478515625, 0.02392578125, 0.0238037109375, 0.0238037109375, 0.023193359375, 0.0230712890625, 0.022705078125, 0.0225830078125, 0.0223388671875, 0.021728515625, 0.021728515625, 0.021728515625, 0.0211181640625, 0.0211181640625, 0.0208740234375, 0.0205078125, 0.0203857421875, 0.0201416015625, 0.0198974609375, 0.0196533203125, 0.01953125, 0.01953125, 0.0194091796875, 0.019287109375, 0.019287109375, 0.019287109375, 0.01904296875, 0.01904296875, 0.0189208984375, 0.018798828125, 0.018798828125, 0.018798828125, 0.018798828125, 0.018798828125, 0.0186767578125, 0.018310546875, 0.01806640625, 0.0179443359375, 0.017822265625, 0.017822265625, 0.017822265625, 0.017822265625, 0.017822265625, 0.0177001953125, 0.0177001953125, 0.017578125, 0.017578125, 0.017578125, 0.017578125, 0.0174560546875, 0.0174560546875, 0.0174560546875, 0.0174560546875, 0.017333984375, 0.017333984375, 0.017333984375, 0.017333984375, 0.0172119140625, 0.0172119140625, 0.0172119140625, 0.0172119140625, 0.01708984375, 0.01708984375, 0.01708984375, 0.01708984375, 0.01708984375, 0.01708984375, 0.0169677734375, 0.0169677734375, 0.0169677734375, 0.016845703125, 0.016845703125, 0.016845703125, 0.0167236328125, 0.0167236328125, 0.0167236328125, 0.0167236328125, 0.0167236328125, 0.0167236328125, 0.0166015625, 0.0166015625, 0.0166015625, 0.0166015625, 0.0166015625, 0.0164794921875, 0.0164794921875], "inds": [[1736, 53], [989, 106], [1108, 259], [197, 175], [1991, 90], [971, 219], [1639, 41], [971, 246], [758, 117], [1989, 287], [159, 104], [1202, 30], [896, 104], [873, 105], [816, 141], [1274, 146], [1092, 26], [133, 155], [752, 292], [1246, 211], [801, 170], [628, 126], [700, 76], [1975, 139], [17, 99], [302, 213], [1074, 287], [733, 113], [1680, 26], [527, 201], [1422, 104], [1517, 106], [136, 127], [531, 145], [1614, 231], [1346, 118], [7, 117], [1613, 261], [971, 124], [1238, 42], [647, 165], [1178, 128], [1832, 78], [1606, 245], [1522, 29], [704, 97], [971, 178], [707, 30], [164, 10], [532, 92], [1232, 289], [1282, 43], [283, 261], [1522, 27], [866, 90], [1310, 129], [1194, 102], [971, 233], [1940, 153], [685, 239], [240, 230], [17, 97], [294, 150], [720, 74], [532, 16], [1428, 32], [971, 171], [971, 281], [971, 90], [1632, 202], [907, 118], [1097, 36], [246, 14], [1697, 59], [1294, 88], [1977, 171], [971, 41], [598, 117], [187, 137], [971, 101], [1317, 141], [861, 65], [0, 57], [389, 53], [95, 180], [1992, 27], [1214, 228], [161, 74], [316, 100], [871, 175], [1494, 14], [833, 26], [814, 281], [1027, 283], [925, 148], [672, 73], [1591, 193], [971, 138], [1392, 196], [1509, 152]], "mean": 0.000766754150390625}