{"vals": [0.08154296875, 0.07470703125, 0.04833984375, 0.04443359375, 0.04345703125, 0.04345703125, 0.04296875, 0.041015625, 0.03857421875, 0.038330078125, 0.0380859375, 0.03369140625, 0.031982421875, 0.031982421875, 0.0311279296875, 0.0303955078125, 0.0303955078125, 0.029541015625, 0.0294189453125, 0.0294189453125, 0.02880859375, 0.028564453125, 0.0284423828125, 0.0281982421875, 0.02783203125, 0.0272216796875, 0.0269775390625, 0.02685546875, 0.0262451171875, 0.026123046875, 0.02587890625, 0.0257568359375, 0.025390625, 0.0247802734375, 0.0242919921875, 0.024169921875, 0.023193359375, 0.0228271484375, 0.0223388671875, 0.02197265625, 0.0218505859375, 0.0218505859375, 0.0213623046875, 0.0208740234375, 0.0203857421875, 0.0203857421875, 0.020263671875, 0.0201416015625, 0.0201416015625, 0.0201416015625, 0.0201416015625, 0.019775390625, 0.01904296875, 0.0189208984375, 0.018798828125, 0.018798828125, 0.0184326171875, 0.0179443359375, 0.0179443359375, 0.0177001953125, 0.0177001953125, 0.017578125, 0.017578125, 0.0174560546875, 0.017333984375, 0.0172119140625, 0.0172119140625, 0.0172119140625, 0.01708984375, 0.01708984375, 0.0169677734375, 0.016845703125, 0.016845703125, 0.0167236328125, 0.0164794921875, 0.016357421875, 0.01611328125, 0.0159912109375, 0.0159912109375, 0.0157470703125, 0.0157470703125, 0.0157470703125, 0.0157470703125, 0.0155029296875, 0.0155029296875, 0.01544189453125, 0.01531982421875, 0.01531982421875, 0.01513671875, 0.01513671875, 0.01513671875, 0.01507568359375, 0.0150146484375, 0.01483154296875, 0.0147705078125, 0.01470947265625, 0.01470947265625, 0.0146484375, 0.0145263671875, 0.0145263671875], "inds": [[773, 145], [1925, 231], [1586, 101], [1198, 127], [1988, 270], [1955, 233], [1988, 259], [260, 227], [880, 220], [352, 93], [1699, 61], [1047, 224], [1955, 234], [1030, 221], [1509, 140], [260, 106], [666, 26], [263, 193], [437, 82], [1159, 97], [880, 221], [170, 162], [845, 70], [352, 115], [1823, 117], [1395, 230], [1464, 81], [369, 104], [1725, 66], [1239, 166], [961, 56], [1474, 92], [1581, 145], [1480, 200], [1580, 176], [1678, 44], [415, 58], [1665, 34], [839, 18], [1065, 298], [312, 285], [802, 110], [1648, 283], [419, 292], [1333, 226], [214, 48], [638, 14], [1368, 191], [961, 227], [1586, 96], [1037, 66], [510, 193], [1030, 76], [482, 105], [674, 251], [1087, 252], [1815, 283], [1198, 30], [482, 35], [1030, 80], [838, 162], [626, 50], [1419, 268], [38, 19], [1961, 241], [529, 126], [173, 258], [279, 207], [666, 223], [115, 20], [580, 183], [1684, 157], [1910, 84], [1198, 17], [1189, 188], [855, 250], [1033, 252], [1289, 183], [1063, 39], [1162, 268], [1432, 245], [1248, 17], [35, 79], [1736, 294], [1586, 99], [490, 130], [352, 137], [65, 154], [710, 16], [1988, 273], [1757, 157], [28, 202], [437, 80], [635, 268], [48, 18], [1755, 229], [219, 225], [28, 85], [944, 150], [945, 169]], "mean": 8.7738037109375e-05}