{"vals": [0.17578125, 0.1328125, 0.10888671875, 0.1005859375, 0.09228515625, 0.08837890625, 0.087890625, 0.08203125, 0.078125, 0.076171875, 0.07568359375, 0.0712890625, 0.06982421875, 0.0673828125, 0.06591796875, 0.064453125, 0.06396484375, 0.0625, 0.061279296875, 0.060546875, 0.060302734375, 0.059814453125, 0.059814453125, 0.059814453125, 0.059814453125, 0.059814453125, 0.059814453125, 0.059814453125, 0.059814453125, 0.059814453125, 0.059814453125, 0.059814453125, 0.059814453125, 0.059814453125, 0.059814453125, 0.059814453125, 0.059814453125, 0.059814453125, 0.059814453125, 0.059814453125, 0.059814453125, 0.059814453125, 0.059814453125, 0.059814453125, 0.059814453125, 0.059814453125, 0.059814453125, 0.059814453125, 0.059814453125, 0.059814453125, 0.059814453125, 0.059814453125, 0.059814453125, 0.059814453125, 0.059814453125, 0.059814453125, 0.059814453125, 0.059814453125, 0.059814453125, 0.059814453125, 0.059814453125, 0.059814453125, 0.059814453125, 0.059814453125, 0.059814453125, 0.059814453125, 0.059814453125, 0.059814453125, 0.059814453125, 0.059814453125, 0.059814453125, 0.059814453125, 0.059814453125, 0.059814453125, 0.059814453125, 0.059814453125, 0.059814453125, 0.059814453125, 0.059814453125, 0.059814453125, 0.059814453125, 0.059814453125, 0.059814453125, 0.059814453125, 0.059814453125, 0.059814453125, 0.059814453125, 0.059814453125, 0.059814453125, 0.059814453125, 0.059814453125, 0.059814453125, 0.059814453125, 0.059814453125, 0.059814453125, 0.059814453125, 0.059814453125, 0.059814453125, 0.059814453125, 0.059814453125], "inds": [[731, 13], [1227, 51], [115, 20], [679, 21], [137, 183], [1204, 142], [1677, 35], [793, 158], [600, 40], [625, 45], [1299, 41], [406, 257], [1706, 37], [846, 23], [919, 62], [1752, 39], [1585, 14], [1508, 26], [1179, 54], [1996, 58], [1797, 15], [40, 1], [82, 1], [41, 1], [27, 1], [77, 1], [45, 1], [4, 1], [3, 1], [85, 1], [22, 1], [84, 1], [28, 1], [37, 1], [18, 1], [81, 1], [6, 1], [75, 1], [8, 1], [70, 1], [72, 1], [36, 1], [19, 1], [67, 1], [66, 1], [33, 1], [65, 1], [97, 1], [96, 1], [95, 1], [42, 1], [2, 1], [7, 1], [31, 1], [13, 1], [56, 1], [62, 1], [58, 1], [43, 1], [86, 1], [87, 1], [39, 1], [88, 1], [15, 1], [83, 1], [38, 1], [89, 1], [78, 1], [79, 1], [16, 1], [80, 1], [0, 1], [76, 1], [11, 1], [91, 1], [73, 1], [74, 1], [14, 1], [90, 1], [5, 1], [71, 1], [25, 1], [93, 1], [34, 1], [68, 1], [35, 1], [69, 1], [64, 1], [94, 1], [26, 1], [98, 1], [59, 1], [60, 1], [1, 1], [61, 1], [57, 1], [44, 1], [54, 1], [20, 1], [24, 1]], "mean": 0.000347137451171875}