{"vals": [0.61328125, 0.51953125, 0.205078125, 0.166015625, 0.064453125, 0.0537109375, 0.048095703125, 0.03564453125, 0.03466796875, 0.030517578125, 0.0286865234375, 0.0286865234375, 0.0260009765625, 0.02587890625, 0.0224609375, 0.022216796875, 0.0201416015625, 0.0194091796875, 0.0194091796875, 0.019287109375, 0.019287109375, 0.019287109375, 0.01611328125, 0.01397705078125, 0.01336669921875, 0.01300048828125, 0.01190185546875, 0.0118408203125, 0.01153564453125, 0.0113525390625, 0.01129150390625, 0.010986328125, 0.01092529296875, 0.0106201171875, 0.01031494140625, 0.0098876953125, 0.0098876953125, 0.00970458984375, 0.00933837890625, 0.00927734375, 0.00921630859375, 0.0091552734375, 0.00872802734375, 0.00848388671875, 0.0084228515625, 0.0081787109375, 0.00787353515625, 0.007720947265625, 0.007720947265625, 0.007537841796875, 0.00750732421875, 0.0074462890625, 0.0074462890625, 0.007232666015625, 0.00714111328125, 0.00714111328125, 0.007110595703125, 0.007110595703125, 0.00689697265625, 0.00677490234375, 0.00677490234375, 0.006683349609375, 0.006591796875, 0.006591796875, 0.00640869140625, 0.006378173828125, 0.00634765625, 0.006317138671875, 0.0062255859375, 0.006195068359375, 0.006072998046875, 0.006072998046875, 0.00604248046875, 0.005889892578125, 0.005859375, 0.005767822265625, 0.00567626953125, 0.005645751953125, 0.005645751953125, 0.005584716796875, 0.00555419921875, 0.00555419921875, 0.005462646484375, 0.005462646484375, 0.00543212890625, 0.00537109375, 0.00531005859375, 0.005279541015625, 0.0052490234375, 0.0052490234375, 0.0052490234375, 0.0052490234375, 0.005157470703125, 0.005126953125, 0.005096435546875, 0.00506591796875, 0.005035400390625, 0.0050048828125, 0.004974365234375, 0.004974365234375], "inds": [[1001, 53], [1614, 202], [1284, 116], [972, 106], [293, 87], [471, 15], [948, 121], [609, 267], [1614, 203], [874, 15], [665, 62], [1816, 72], [1726, 72], [581, 11], [86, 93], [1492, 101], [753, 21], [1843, 62], [710, 16], [1371, 78], [512, 109], [1476, 112], [1101, 52], [139, 247], [1814, 10], [1280, 21], [995, 103], [1227, 51], [62, 81], [1556, 48], [1476, 169], [1110, 17], [850, 30], [1476, 170], [1470, 11], [1748, 74], [1837, 273], [279, 31], [1556, 81], [416, 135], [491, 15], [1253, 120], [480, 20], [1821, 133], [728, 74], [1890, 187], [552, 145], [1897, 74], [5, 116], [1042, 21], [1285, 187], [963, 124], [728, 49], [330, 163], [1197, 26], [279, 18], [1394, 21], [1305, 63], [1224, 78], [1556, 101], [1428, 153], [1101, 88], [1600, 20], [1149, 54], [1291, 28], [167, 18], [1708, 49], [763, 202], [1474, 22], [763, 211], [1035, 23], [905, 129], [850, 62], [985, 18], [1653, 15], [1916, 158], [1568, 69], [1790, 135], [406, 114], [1154, 20], [1639, 104], [1019, 27], [1556, 52], [599, 52], [1206, 26], [748, 178], [1141, 32], [1688, 39], [1141, 47], [528, 169], [728, 270], [1141, 41], [1568, 298], [817, 68], [1476, 122], [1285, 27], [406, 257], [1624, 8], [728, 205], [865, 12]], "mean": 2.2292137145996094e-05}