{"vals": [0.09765625, 0.07958984375, 0.0654296875, 0.044189453125, 0.04345703125, 0.040283203125, 0.039794921875, 0.02734375, 0.0263671875, 0.025146484375, 0.025146484375, 0.024658203125, 0.02197265625, 0.0211181640625, 0.0203857421875, 0.0172119140625, 0.01708984375, 0.0169677734375, 0.015869140625, 0.0152587890625, 0.01483154296875, 0.0146484375, 0.01458740234375, 0.014404296875, 0.013916015625, 0.01348876953125, 0.01263427734375, 0.01226806640625, 0.01116943359375, 0.01068115234375, 0.01019287109375, 0.0098876953125, 0.00927734375, 0.00927734375, 0.00885009765625, 0.0087890625, 0.00872802734375, 0.00872802734375, 0.00860595703125, 0.0084228515625, 0.008056640625, 0.00787353515625, 0.00787353515625, 0.00787353515625, 0.007781982421875, 0.007781982421875, 0.00775146484375, 0.0076904296875, 0.0074462890625, 0.00732421875, 0.007232666015625, 0.007171630859375, 0.007110595703125, 0.007080078125, 0.007080078125, 0.00689697265625, 0.00689697265625, 0.0068359375, 0.0067138671875, 0.006683349609375, 0.00640869140625, 0.006378173828125, 0.00634765625, 0.006072998046875, 0.00604248046875, 0.005950927734375, 0.00592041015625, 0.00592041015625, 0.005889892578125, 0.005767822265625, 0.0057373046875, 0.00567626953125, 0.00567626953125, 0.005462646484375, 0.005401611328125, 0.00537109375, 0.005340576171875, 0.00531005859375, 0.005279541015625, 0.005279541015625, 0.005218505859375, 0.00518798828125, 0.00518798828125, 0.005157470703125, 0.00506591796875, 0.00506591796875, 0.005035400390625, 0.00494384765625, 0.00482177734375, 0.00482177734375, 0.004730224609375, 0.004730224609375, 0.00469970703125, 0.004669189453125, 0.004638671875, 0.0045166015625, 0.004486083984375, 0.004486083984375, 0.004425048828125, 0.004364013671875], "inds": [[460, 10], [1614, 202], [1001, 53], [780, 173], [967, 59], [137, 123], [1101, 52], [164, 13], [1284, 116], [460, 11], [20, 34], [1531, 274], [1624, 252], [1629, 254], [149, 179], [1079, 24], [1059, 63], [763, 212], [460, 14], [471, 15], [948, 121], [293, 87], [723, 55], [1202, 239], [1296, 26], [1476, 73], [543, 64], [1585, 14], [241, 50], [972, 106], [800, 10], [404, 160], [646, 57], [1962, 65], [1428, 5], [1062, 299], [191, 5], [1492, 101], [1149, 227], [1624, 250], [1464, 12], [806, 150], [1872, 81], [149, 39], [1476, 122], [404, 177], [1102, 104], [257, 129], [1201, 84], [1140, 137], [556, 66], [763, 211], [1496, 282], [716, 230], [855, 48], [1629, 252], [513, 74], [448, 32], [1984, 269], [748, 80], [763, 215], [1202, 84], [1985, 124], [318, 18], [528, 150], [1614, 203], [1432, 31], [800, 75], [971, 19], [952, 251], [971, 57], [1664, 8], [865, 105], [818, 23], [1382, 183], [1219, 12], [146, 120], [891, 21], [1486, 14], [1882, 94], [716, 246], [359, 117], [122, 43], [1096, 20], [1433, 245], [567, 9], [1167, 11], [845, 16], [1695, 34], [952, 200], [475, 92], [106, 121], [892, 18], [319, 50], [1006, 41], [646, 132], [513, 72], [1202, 254], [1031, 80], [1791, 186]], "mean": 2.0265579223632812e-05}