{"vals": [0.375, 0.09228515625, 0.04833984375, 0.042236328125, 0.0419921875, 0.037353515625, 0.031494140625, 0.02880859375, 0.0242919921875, 0.0242919921875, 0.02392578125, 0.02294921875, 0.0203857421875, 0.0196533203125, 0.01953125, 0.0191650390625, 0.0191650390625, 0.0189208984375, 0.0189208984375, 0.0181884765625, 0.0179443359375, 0.016845703125, 0.0162353515625, 0.0159912109375, 0.01556396484375, 0.01556396484375, 0.01544189453125, 0.0152587890625, 0.01519775390625, 0.01507568359375, 0.0150146484375, 0.01416015625, 0.0140380859375, 0.0137939453125, 0.01361083984375, 0.013427734375, 0.01312255859375, 0.0130615234375, 0.012939453125, 0.01275634765625, 0.0120849609375, 0.01190185546875, 0.01171875, 0.01153564453125, 0.01141357421875, 0.01129150390625, 0.01129150390625, 0.01116943359375, 0.01116943359375, 0.01092529296875, 0.0108642578125, 0.0106201171875, 0.01055908203125, 0.0103759765625, 0.01019287109375, 0.00970458984375, 0.00958251953125, 0.00958251953125, 0.00958251953125, 0.009521484375, 0.009521484375, 0.0093994140625, 0.00933837890625, 0.00927734375, 0.00921630859375, 0.00909423828125, 0.009033203125, 0.009033203125, 0.0089111328125, 0.00885009765625, 0.0087890625, 0.00872802734375, 0.00872802734375, 0.0086669921875, 0.00860595703125, 0.0084228515625, 0.00830078125, 0.00823974609375, 0.0081787109375, 0.00811767578125, 0.00811767578125, 0.00811767578125, 0.00811767578125, 0.008056640625, 0.00787353515625, 0.00787353515625, 0.007781982421875, 0.007720947265625, 0.00762939453125, 0.00762939453125, 0.00762939453125, 0.007568359375, 0.0074462890625, 0.00738525390625, 0.00732421875, 0.00732421875, 0.00732421875, 0.0072021484375, 0.00714111328125, 0.00714111328125], "inds": [[1284, 116], [1001, 53], [1545, 73], [753, 21], [1492, 101], [1679, 60], [599, 194], [1796, 38], [609, 267], [1741, 191], [293, 87], [599, 198], [1726, 72], [845, 91], [1303, 170], [1399, 9], [1098, 13], [710, 16], [1253, 120], [462, 125], [137, 183], [149, 179], [1079, 24], [1296, 26], [908, 32], [1614, 202], [1887, 136], [1887, 129], [1019, 27], [86, 93], [1653, 15], [679, 21], [1141, 32], [892, 133], [746, 201], [995, 30], [926, 145], [817, 68], [1267, 156], [763, 202], [862, 72], [581, 11], [995, 267], [599, 196], [1315, 28], [1222, 19], [1474, 22], [1428, 153], [1997, 14], [1339, 61], [1204, 24], [723, 55], [1982, 18], [1317, 19], [480, 20], [845, 112], [1916, 158], [1838, 30], [1748, 272], [858, 19], [1566, 58], [1724, 175], [1399, 69], [903, 85], [1790, 135], [616, 66], [799, 34], [1360, 47], [1989, 34], [677, 31], [897, 19], [1997, 9], [892, 79], [924, 31], [106, 121], [874, 15], [526, 91], [995, 26], [435, 202], [72, 124], [1890, 123], [1208, 51], [1814, 10], [1428, 37], [543, 64], [47, 26], [1074, 275], [1702, 17], [1951, 54], [1897, 48], [249, 15], [150, 45], [247, 66], [1227, 51], [426, 60], [1748, 268], [69, 84], [400, 238], [651, 268], [359, 117]], "mean": 3.62396240234375e-05}