{"vals": [5.375, 0.73046875, 0.373046875, 0.341796875, 0.2890625, 0.1591796875, 0.15625, 0.1318359375, 0.12255859375, 0.10693359375, 0.10595703125, 0.095703125, 0.08984375, 0.08935546875, 0.08935546875, 0.0849609375, 0.06640625, 0.06494140625, 0.06005859375, 0.05712890625, 0.056884765625, 0.052978515625, 0.051513671875, 0.051025390625, 0.0498046875, 0.049072265625, 0.047119140625, 0.046630859375, 0.04638671875, 0.04638671875, 0.046142578125, 0.044677734375, 0.044677734375, 0.04443359375, 0.044189453125, 0.043212890625, 0.042724609375, 0.041259765625, 0.0390625, 0.037109375, 0.037109375, 0.036865234375, 0.03662109375, 0.03662109375, 0.0361328125, 0.03564453125, 0.03466796875, 0.0341796875, 0.033447265625, 0.032470703125, 0.0322265625, 0.0303955078125, 0.0301513671875, 0.029296875, 0.027099609375, 0.0269775390625, 0.0267333984375, 0.025634765625, 0.0255126953125, 0.025390625, 0.0252685546875, 0.0250244140625, 0.0245361328125, 0.0244140625, 0.0244140625, 0.0233154296875, 0.02294921875, 0.02294921875, 0.0220947265625, 0.02197265625, 0.0218505859375, 0.021728515625, 0.0216064453125, 0.0213623046875, 0.021240234375, 0.0211181640625, 0.02099609375, 0.02099609375, 0.0198974609375, 0.0198974609375, 0.019775390625, 0.019775390625, 0.0196533203125, 0.0196533203125, 0.0184326171875, 0.018310546875, 0.01806640625, 0.0179443359375, 0.017822265625, 0.017822265625, 0.0177001953125, 0.017578125, 0.0174560546875, 0.01708984375, 0.016845703125, 0.016845703125, 0.0167236328125, 0.0167236328125, 0.0164794921875, 0.016357421875], "inds": [[1320, 33], [1614, 202], [1982, 18], [972, 106], [319, 50], [1296, 26], [1079, 24], [609, 267], [1702, 18], [543, 64], [1280, 21], [1960, 14], [1299, 34], [1409, 14], [1747, 33], [996, 42], [1253, 120], [905, 129], [1204, 21], [1145, 15], [892, 79], [1933, 25], [1614, 203], [1724, 18], [20, 34], [1880, 40], [167, 18], [296, 16], [543, 62], [845, 91], [1204, 24], [1265, 23], [1141, 47], [1093, 13], [1726, 72], [681, 51], [318, 18], [759, 16], [1158, 17], [350, 36], [325, 37], [88, 10], [148, 69], [1904, 93], [1074, 275], [1232, 15], [1828, 18], [1613, 24], [1798, 20], [1770, 169], [1770, 164], [658, 29], [356, 28], [543, 61], [1690, 17], [980, 15], [778, 27], [1101, 52], [54, 30], [883, 22], [105, 22], [1273, 42], [556, 66], [589, 189], [698, 40], [683, 26], [933, 69], [1217, 14], [1201, 15], [1859, 66], [168, 17], [1979, 20], [1566, 58], [585, 24], [306, 16], [1770, 71], [1133, 24], [1708, 49], [1747, 34], [817, 68], [1904, 79], [845, 112], [1614, 209], [996, 43], [1001, 53], [1310, 13], [43, 116], [1421, 167], [982, 186], [1585, 14], [1425, 12], [1904, 57], [805, 18], [1748, 272], [793, 119], [1105, 15], [1501, 26], [309, 240], [1946, 55], [677, 31]], "mean": 7.62939453125e-05}