{"vals": [0.216796875, 0.1669921875, 0.0294189453125, 0.021728515625, 0.0216064453125, 0.0211181640625, 0.018310546875, 0.0177001953125, 0.0174560546875, 0.0174560546875, 0.0172119140625, 0.0172119140625, 0.0164794921875, 0.01519775390625, 0.01104736328125, 0.01031494140625, 0.01019287109375, 0.00994873046875, 0.00921630859375, 0.00811767578125, 0.00750732421875, 0.006866455078125, 0.006622314453125, 0.006561279296875, 0.006561279296875, 0.00640869140625, 0.00640869140625, 0.006195068359375, 0.006195068359375, 0.00616455078125, 0.005950927734375, 0.005706787109375, 0.00555419921875, 0.005401611328125, 0.005279541015625, 0.005279541015625, 0.004913330078125, 0.0048828125, 0.004852294921875, 0.00482177734375, 0.00457763671875, 0.004425048828125, 0.00439453125, 0.004364013671875, 0.00433349609375, 0.0042724609375, 0.004058837890625, 0.003997802734375, 0.00396728515625, 0.003936767578125, 0.00384521484375, 0.00384521484375, 0.00384521484375, 0.0038299560546875, 0.003814697265625, 0.0037994384765625, 0.0037384033203125, 0.0037078857421875, 0.0037078857421875, 0.003692626953125, 0.003662109375, 0.003662109375, 0.0036468505859375, 0.0036468505859375, 0.0036163330078125, 0.003570556640625, 0.0035247802734375, 0.003509521484375, 0.003509521484375, 0.0034942626953125, 0.003448486328125, 0.003448486328125, 0.00341796875, 0.0034027099609375, 0.003387451171875, 0.003387451171875, 0.003387451171875, 0.00335693359375, 0.003326416015625, 0.0033111572265625, 0.0032958984375, 0.003265380859375, 0.003265380859375, 0.003265380859375, 0.0032501220703125, 0.003204345703125, 0.0031890869140625, 0.003173828125, 0.0031585693359375, 0.0031280517578125, 0.00311279296875, 0.0030517578125, 0.0030517578125, 0.003021240234375, 0.003021240234375, 0.003021240234375, 0.0029754638671875, 0.002960205078125, 0.0028533935546875, 0.0028228759765625], "inds": [[1614, 202], [1001, 53], [818, 23], [1655, 88], [818, 24], [609, 267], [319, 50], [1280, 21], [1432, 31], [1101, 52], [972, 106], [1253, 120], [1614, 203], [1284, 116], [1708, 49], [748, 267], [1845, 219], [763, 211], [233, 209], [106, 121], [732, 8], [149, 179], [20, 34], [673, 297], [858, 19], [1726, 72], [532, 262], [543, 183], [1568, 69], [694, 132], [1381, 13], [1382, 183], [1228, 13], [164, 13], [268, 51], [748, 266], [1371, 131], [1095, 84], [1588, 44], [556, 66], [732, 9], [651, 100], [528, 150], [903, 85], [148, 58], [1096, 238], [1890, 298], [1964, 252], [460, 11], [299, 191], [1946, 35], [790, 180], [850, 20], [1681, 65], [1629, 71], [149, 39], [460, 10], [1744, 264], [1576, 131], [1326, 142], [206, 95], [1904, 57], [1624, 69], [1227, 51], [251, 156], [1314, 54], [583, 275], [1136, 5], [1747, 33], [404, 177], [1096, 20], [1016, 74], [299, 192], [1382, 157], [759, 8], [645, 289], [149, 270], [1233, 61], [1247, 17], [816, 12], [1946, 32], [1545, 73], [374, 75], [1614, 209], [1953, 175], [861, 10], [439, 15], [1972, 215], [1204, 24], [1284, 171], [1492, 101], [905, 129], [1655, 74], [813, 137], [1582, 32], [1124, 159], [1792, 93], [865, 105], [1259, 32], [1069, 106]], "mean": 1.6808509826660156e-05}