{"vals": [0.146484375, 0.142578125, 0.08349609375, 0.057861328125, 0.054931640625, 0.052490234375, 0.050048828125, 0.0498046875, 0.041015625, 0.038330078125, 0.0380859375, 0.03759765625, 0.037353515625, 0.0361328125, 0.03466796875, 0.034423828125, 0.031494140625, 0.03125, 0.0303955078125, 0.0302734375, 0.0294189453125, 0.0294189453125, 0.029296875, 0.0289306640625, 0.0281982421875, 0.0281982421875, 0.028076171875, 0.028076171875, 0.0269775390625, 0.024658203125, 0.0242919921875, 0.024169921875, 0.022705078125, 0.022705078125, 0.0223388671875, 0.021728515625, 0.021728515625, 0.0216064453125, 0.021484375, 0.020751953125, 0.0205078125, 0.0205078125, 0.0203857421875, 0.020263671875, 0.02001953125, 0.01953125, 0.01904296875, 0.018798828125, 0.018310546875, 0.01806640625, 0.01806640625, 0.017578125, 0.017578125, 0.0167236328125, 0.016357421875, 0.0162353515625, 0.01611328125, 0.01611328125, 0.0150146484375, 0.01495361328125, 0.01495361328125, 0.01495361328125, 0.014892578125, 0.01470947265625, 0.0146484375, 0.0146484375, 0.01458740234375, 0.0145263671875, 0.01446533203125, 0.01422119140625, 0.01409912109375, 0.013916015625, 0.01373291015625, 0.013671875, 0.0135498046875, 0.01336669921875, 0.01318359375, 0.01318359375, 0.01312255859375, 0.012939453125, 0.012939453125, 0.01287841796875, 0.01287841796875, 0.0126953125, 0.0126953125, 0.01263427734375, 0.0123291015625, 0.01226806640625, 0.0120849609375, 0.01190185546875, 0.01165771484375, 0.0115966796875, 0.01153564453125, 0.011474609375, 0.011474609375, 0.0113525390625, 0.01080322265625, 0.01080322265625, 0.01068115234375, 0.01068115234375], "inds": [[1296, 26], [1079, 24], [1982, 18], [1702, 18], [1960, 14], [1489, 35], [318, 18], [818, 23], [1101, 52], [325, 37], [1145, 15], [20, 34], [1933, 25], [1383, 13], [146, 120], [1409, 14], [20, 16], [1001, 53], [681, 51], [1679, 60], [892, 79], [967, 59], [1, 16], [837, 25], [1747, 34], [926, 145], [1771, 21], [368, 21], [1035, 40], [1690, 17], [759, 16], [1992, 26], [1293, 12], [1093, 13], [1161, 15], [266, 24], [1232, 15], [1600, 20], [1310, 13], [883, 22], [768, 60], [1761, 26], [520, 35], [6, 217], [1217, 14], [1158, 17], [1128, 40], [306, 16], [390, 14], [1655, 88], [1979, 20], [319, 174], [255, 21], [972, 106], [549, 22], [1341, 28], [168, 17], [585, 24], [1428, 149], [1227, 51], [488, 12], [1994, 86], [1828, 18], [1741, 191], [18, 12], [980, 15], [905, 129], [1998, 234], [319, 50], [778, 27], [972, 115], [325, 29], [1382, 183], [137, 183], [1830, 46], [426, 61], [1827, 19], [874, 15], [1687, 15], [1575, 22], [947, 27], [933, 69], [1656, 20], [1799, 18], [948, 121], [296, 16], [1660, 13], [696, 21], [1204, 24], [233, 86], [173, 23], [1070, 11], [898, 11], [59, 12], [586, 12], [1243, 82], [1251, 27], [257, 129], [763, 202], [640, 11]], "mean": 6.341934204101562e-05}