{"vals": [0.890625, 0.2099609375, 0.1708984375, 0.125, 0.11376953125, 0.1015625, 0.10107421875, 0.099609375, 0.09228515625, 0.08984375, 0.0888671875, 0.083984375, 0.0830078125, 0.0810546875, 0.07666015625, 0.076171875, 0.0732421875, 0.0712890625, 0.06787109375, 0.06640625, 0.06640625, 0.06494140625, 0.064453125, 0.0634765625, 0.06103515625, 0.05859375, 0.05810546875, 0.054931640625, 0.05224609375, 0.052001953125, 0.0517578125, 0.051025390625, 0.051025390625, 0.0458984375, 0.0458984375, 0.045166015625, 0.043701171875, 0.04345703125, 0.04150390625, 0.041015625, 0.040771484375, 0.04052734375, 0.039794921875, 0.039794921875, 0.039794921875, 0.039306640625, 0.038818359375, 0.03759765625, 0.03759765625, 0.03759765625, 0.037109375, 0.036865234375, 0.036865234375, 0.036376953125, 0.036376953125, 0.036376953125, 0.0361328125, 0.035888671875, 0.035400390625, 0.035400390625, 0.035400390625, 0.03515625, 0.03515625, 0.034423828125, 0.0341796875, 0.033935546875, 0.032958984375, 0.03271484375, 0.032470703125, 0.0322265625, 0.0322265625, 0.0322265625, 0.03173828125, 0.031494140625, 0.030517578125, 0.0303955078125, 0.0303955078125, 0.0301513671875, 0.0301513671875, 0.0301513671875, 0.0296630859375, 0.029541015625, 0.029541015625, 0.0294189453125, 0.029052734375, 0.02880859375, 0.028564453125, 0.0284423828125, 0.0281982421875, 0.0281982421875, 0.0279541015625, 0.0279541015625, 0.0279541015625, 0.02783203125, 0.0277099609375, 0.027587890625, 0.027587890625, 0.027587890625, 0.027099609375, 0.0267333984375], "inds": [[1001, 53], [710, 16], [1890, 187], [1492, 101], [480, 20], [1566, 58], [1660, 13], [926, 145], [874, 15], [1796, 38], [1679, 60], [1259, 32], [1726, 72], [88, 10], [1989, 34], [837, 24], [1394, 21], [491, 15], [1284, 116], [862, 72], [1267, 156], [1868, 13], [1653, 15], [1019, 27], [1204, 24], [137, 183], [1139, 37], [419, 14], [1145, 14], [1748, 272], [546, 19], [1306, 11], [1546, 46], [1233, 61], [1880, 40], [1474, 22], [817, 68], [1719, 18], [698, 40], [1428, 153], [1943, 24], [359, 16], [47, 26], [753, 21], [406, 257], [1141, 47], [1532, 138], [492, 13], [1777, 11], [1132, 11], [640, 11], [1969, 28], [1511, 12], [962, 18], [1013, 14], [1695, 195], [799, 34], [1942, 23], [782, 17], [1908, 22], [539, 24], [463, 126], [1315, 28], [1193, 13], [1140, 137], [1227, 51], [135, 15], [1582, 32], [969, 25], [905, 129], [1741, 211], [1416, 25], [1368, 150], [1390, 184], [675, 12], [882, 27], [106, 137], [149, 39], [72, 124], [1104, 14], [804, 13], [126, 29], [1273, 42], [574, 14], [1707, 19], [1688, 39], [86, 93], [1247, 17], [282, 16], [355, 79], [1219, 12], [855, 250], [1792, 172], [234, 15], [489, 14], [918, 14], [1360, 47], [426, 60], [1140, 136], [1257, 12]], "mean": 5.793571472167969e-05}