{"vals": [0.46875, 0.3359375, 0.2373046875, 0.212890625, 0.1953125, 0.13671875, 0.130859375, 0.0830078125, 0.0693359375, 0.061279296875, 0.059326171875, 0.057373046875, 0.05322265625, 0.052001953125, 0.05126953125, 0.04833984375, 0.036865234375, 0.036376953125, 0.03564453125, 0.034912109375, 0.033203125, 0.032958984375, 0.032958984375, 0.03271484375, 0.032470703125, 0.0322265625, 0.031982421875, 0.03125, 0.0296630859375, 0.029052734375, 0.027099609375, 0.0257568359375, 0.025146484375, 0.025146484375, 0.0245361328125, 0.0244140625, 0.0240478515625, 0.02392578125, 0.0238037109375, 0.0238037109375, 0.0235595703125, 0.0224609375, 0.0224609375, 0.0220947265625, 0.0218505859375, 0.021728515625, 0.0213623046875, 0.0211181640625, 0.02099609375, 0.02099609375, 0.0206298828125, 0.0201416015625, 0.0196533203125, 0.019287109375, 0.019287109375, 0.018798828125, 0.018798828125, 0.0184326171875, 0.0166015625, 0.0166015625, 0.0164794921875, 0.0164794921875, 0.016357421875, 0.0162353515625, 0.0159912109375, 0.0159912109375, 0.01544189453125, 0.015380859375, 0.0152587890625, 0.01513671875, 0.0150146484375, 0.014892578125, 0.01483154296875, 0.01446533203125, 0.0142822265625, 0.0142822265625, 0.0142822265625, 0.01422119140625, 0.01397705078125, 0.01397705078125, 0.01385498046875, 0.01385498046875, 0.0137939453125, 0.0137939453125, 0.0137939453125, 0.01373291015625, 0.01373291015625, 0.01361083984375, 0.01361083984375, 0.013427734375, 0.013427734375, 0.01318359375, 0.01318359375, 0.0128173828125, 0.0126953125, 0.01263427734375, 0.0125732421875, 0.0123291015625, 0.011962890625, 0.01177978515625], "inds": [[1001, 53], [1614, 202], [1296, 26], [1982, 18], [1079, 24], [556, 66], [972, 106], [996, 42], [1409, 14], [1960, 14], [948, 121], [1702, 18], [318, 18], [883, 22], [325, 37], [1933, 25], [266, 24], [296, 16], [1979, 20], [1747, 34], [1299, 34], [880, 12], [1133, 24], [1145, 15], [1521, 28], [1093, 13], [1771, 21], [1492, 101], [1828, 18], [1158, 17], [368, 21], [520, 35], [1579, 238], [1219, 12], [1101, 52], [1690, 17], [168, 17], [1382, 183], [759, 16], [325, 29], [1614, 203], [1161, 15], [778, 27], [1074, 275], [1243, 193], [837, 25], [1217, 14], [1798, 20], [696, 21], [1761, 26], [306, 16], [1253, 157], [1232, 15], [1410, 48], [1310, 13], [1251, 27], [505, 37], [1614, 241], [167, 33], [1143, 80], [390, 14], [793, 119], [149, 179], [54, 30], [117, 21], [1303, 170], [782, 18], [729, 19], [1280, 21], [1253, 120], [1887, 129], [910, 280], [1904, 57], [874, 15], [1231, 25], [549, 22], [1343, 36], [679, 21], [255, 21], [649, 17], [53, 15], [918, 92], [1425, 12], [1201, 15], [781, 29], [479, 26], [980, 15], [1032, 49], [1348, 16], [912, 70], [1246, 32], [1137, 20], [1992, 26], [279, 31], [548, 51], [1196, 16], [1662, 170], [996, 43], [1184, 20], [1409, 160]], "mean": 4.5299530029296875e-05}