{"vals": [0.484375, 0.3671875, 0.32421875, 0.259765625, 0.1474609375, 0.11767578125, 0.11669921875, 0.1142578125, 0.0732421875, 0.07275390625, 0.06201171875, 0.061767578125, 0.05859375, 0.058349609375, 0.053955078125, 0.053466796875, 0.048828125, 0.047607421875, 0.045654296875, 0.045166015625, 0.04345703125, 0.043212890625, 0.0419921875, 0.04052734375, 0.0400390625, 0.038818359375, 0.037841796875, 0.03759765625, 0.0361328125, 0.035888671875, 0.03564453125, 0.03564453125, 0.03515625, 0.032470703125, 0.032470703125, 0.0322265625, 0.03173828125, 0.031005859375, 0.0284423828125, 0.028076171875, 0.027587890625, 0.026611328125, 0.02587890625, 0.0255126953125, 0.0247802734375, 0.0235595703125, 0.0233154296875, 0.0233154296875, 0.0228271484375, 0.0228271484375, 0.022705078125, 0.0223388671875, 0.0220947265625, 0.0196533203125, 0.0196533203125, 0.0194091796875, 0.0191650390625, 0.01904296875, 0.01904296875, 0.018798828125, 0.0186767578125, 0.018310546875, 0.0179443359375, 0.0174560546875, 0.0174560546875, 0.017333984375, 0.0172119140625, 0.01708984375, 0.016357421875, 0.0162353515625, 0.01611328125, 0.0159912109375, 0.015869140625, 0.015869140625, 0.0157470703125, 0.015625, 0.015625, 0.015625, 0.0155029296875, 0.015380859375, 0.01519775390625, 0.0150146484375, 0.0147705078125, 0.01458740234375, 0.01458740234375, 0.0145263671875, 0.014404296875, 0.01422119140625, 0.0140380859375, 0.013916015625, 0.01373291015625, 0.0135498046875, 0.0135498046875, 0.01348876953125, 0.013427734375, 0.01324462890625, 0.01312255859375, 0.01300048828125, 0.01300048828125, 0.012939453125], "inds": [[1001, 53], [1296, 26], [1284, 116], [972, 106], [1982, 18], [1219, 12], [1079, 24], [948, 121], [1145, 15], [1702, 18], [1409, 14], [1960, 14], [892, 79], [1299, 34], [1843, 62], [581, 11], [1, 16], [325, 37], [1933, 25], [818, 23], [1093, 13], [149, 179], [296, 16], [1830, 46], [818, 24], [880, 12], [164, 13], [266, 24], [858, 19], [914, 23], [1690, 17], [168, 17], [1808, 17], [1962, 65], [1830, 17], [1101, 52], [319, 50], [1660, 13], [1979, 20], [1966, 23], [1217, 14], [528, 169], [1232, 15], [1380, 22], [1708, 49], [883, 22], [149, 270], [306, 16], [1992, 26], [1382, 183], [1748, 162], [1204, 92], [1161, 15], [1208, 45], [1521, 28], [625, 45], [53, 15], [1798, 20], [88, 10], [1280, 21], [268, 51], [1771, 21], [674, 58], [1448, 13], [837, 25], [1443, 26], [609, 211], [1998, 234], [1425, 12], [328, 11], [117, 21], [1154, 20], [1733, 18], [645, 289], [1440, 15], [542, 18], [1744, 16], [255, 21], [55, 24], [585, 24], [793, 119], [892, 133], [1669, 18], [341, 35], [390, 14], [589, 189], [933, 69], [1348, 16], [1828, 18], [484, 30], [512, 109], [1357, 18], [782, 18], [1201, 15], [649, 17], [1158, 17], [1940, 11], [267, 12], [435, 175], [435, 91]], "mean": 4.601478576660156e-05}