{"vals": [0.5078125, 0.4921875, 0.265625, 0.23046875, 0.224609375, 0.2001953125, 0.1689453125, 0.12353515625, 0.12158203125, 0.1171875, 0.08740234375, 0.08447265625, 0.080078125, 0.07568359375, 0.072265625, 0.064453125, 0.0625, 0.05908203125, 0.057373046875, 0.0556640625, 0.0546875, 0.054443359375, 0.053955078125, 0.053955078125, 0.052001953125, 0.05029296875, 0.050048828125, 0.049560546875, 0.046630859375, 0.04638671875, 0.046142578125, 0.046142578125, 0.0458984375, 0.045654296875, 0.045654296875, 0.044921875, 0.044921875, 0.042724609375, 0.042236328125, 0.039794921875, 0.037109375, 0.036376953125, 0.035888671875, 0.03564453125, 0.03466796875, 0.033447265625, 0.03271484375, 0.03271484375, 0.03173828125, 0.031494140625, 0.0311279296875, 0.0311279296875, 0.0308837890625, 0.03076171875, 0.030029296875, 0.0284423828125, 0.0283203125, 0.0283203125, 0.02734375, 0.0264892578125, 0.0255126953125, 0.025390625, 0.025390625, 0.0252685546875, 0.0247802734375, 0.0235595703125, 0.0235595703125, 0.0233154296875, 0.0225830078125, 0.0224609375, 0.02099609375, 0.020751953125, 0.0205078125, 0.0203857421875, 0.02001953125, 0.02001953125, 0.02001953125, 0.019775390625, 0.019775390625, 0.01953125, 0.0194091796875, 0.0191650390625, 0.0191650390625, 0.0191650390625, 0.01904296875, 0.01904296875, 0.01904296875, 0.0189208984375, 0.018310546875, 0.018310546875, 0.0179443359375, 0.017822265625, 0.017822265625, 0.0177001953125, 0.017578125, 0.017578125, 0.0174560546875, 0.0172119140625, 0.01708984375, 0.01708984375], "inds": [[1284, 116], [106, 121], [1614, 202], [1001, 53], [319, 50], [1382, 183], [1296, 26], [1982, 18], [972, 106], [1079, 24], [43, 89], [926, 145], [874, 15], [1677, 240], [1320, 33], [1702, 18], [325, 37], [1204, 24], [1202, 239], [645, 194], [149, 179], [293, 87], [1154, 20], [1253, 120], [435, 91], [1, 16], [1890, 187], [581, 11], [480, 20], [1092, 26], [625, 45], [1284, 171], [318, 18], [905, 129], [1443, 26], [1145, 15], [58, 154], [512, 109], [858, 19], [43, 65], [53, 15], [1933, 25], [1409, 14], [1960, 14], [1101, 52], [298, 36], [1761, 26], [20, 34], [670, 260], [1566, 158], [106, 94], [1904, 79], [1299, 31], [1371, 78], [1208, 45], [1566, 25], [753, 21], [191, 5], [149, 270], [613, 167], [271, 86], [520, 35], [996, 42], [926, 134], [1777, 6], [266, 24], [1128, 40], [149, 131], [765, 53], [1859, 27], [329, 225], [875, 20], [1180, 30], [435, 175], [1093, 13], [716, 246], [1931, 164], [309, 95], [599, 194], [271, 245], [1284, 72], [1532, 138], [1286, 93], [1440, 15], [1299, 34], [1962, 65], [1542, 31], [883, 22], [1158, 17], [149, 147], [1747, 34], [58, 166], [651, 19], [296, 16], [609, 267], [1771, 21], [892, 79], [1227, 126], [374, 162], [1246, 32]], "mean": 7.724761962890625e-05}