{"vals": [0.46875, 0.1943359375, 0.1669921875, 0.115234375, 0.10302734375, 0.08349609375, 0.07666015625, 0.076171875, 0.07421875, 0.059326171875, 0.056884765625, 0.054931640625, 0.053955078125, 0.0517578125, 0.049072265625, 0.045166015625, 0.044921875, 0.04248046875, 0.0400390625, 0.039306640625, 0.037841796875, 0.037353515625, 0.034912109375, 0.034912109375, 0.033935546875, 0.03271484375, 0.03271484375, 0.0322265625, 0.031494140625, 0.03076171875, 0.02685546875, 0.026611328125, 0.0263671875, 0.026123046875, 0.025634765625, 0.025634765625, 0.025390625, 0.02490234375, 0.0247802734375, 0.0245361328125, 0.0242919921875, 0.0242919921875, 0.024169921875, 0.023681640625, 0.023681640625, 0.0235595703125, 0.0235595703125, 0.0234375, 0.0224609375, 0.021728515625, 0.02099609375, 0.0201416015625, 0.0196533203125, 0.0194091796875, 0.019287109375, 0.0191650390625, 0.01904296875, 0.0186767578125, 0.018310546875, 0.0179443359375, 0.0179443359375, 0.0179443359375, 0.0177001953125, 0.0174560546875, 0.01708984375, 0.0169677734375, 0.0169677734375, 0.0169677734375, 0.016845703125, 0.016845703125, 0.0167236328125, 0.0166015625, 0.016357421875, 0.0159912109375, 0.015869140625, 0.015869140625, 0.015625, 0.01544189453125, 0.01544189453125, 0.015380859375, 0.015380859375, 0.015380859375, 0.014892578125, 0.01483154296875, 0.014404296875, 0.01416015625, 0.01409912109375, 0.0140380859375, 0.01397705078125, 0.01397705078125, 0.013671875, 0.0135498046875, 0.01348876953125, 0.01324462890625, 0.01312255859375, 0.01300048828125, 0.012939453125, 0.01263427734375, 0.0125732421875, 0.0125732421875], "inds": [[972, 106], [1614, 202], [1001, 53], [319, 50], [818, 23], [1299, 34], [1296, 26], [1079, 24], [1128, 79], [18, 43], [43, 89], [20, 34], [58, 154], [1141, 32], [585, 24], [590, 257], [625, 45], [1982, 18], [609, 267], [590, 240], [1101, 88], [1092, 26], [640, 46], [164, 13], [1100, 50], [1966, 23], [670, 260], [1228, 13], [1284, 116], [18, 44], [817, 68], [1600, 20], [1719, 18], [1432, 31], [645, 289], [1227, 51], [651, 268], [1532, 138], [1890, 172], [1741, 191], [1545, 73], [908, 32], [1341, 28], [18, 180], [1128, 92], [717, 197], [1904, 50], [857, 19], [651, 148], [1280, 21], [640, 30], [1128, 102], [1291, 28], [302, 292], [1748, 239], [831, 108], [581, 11], [1154, 20], [1747, 33], [435, 175], [167, 18], [1409, 160], [1612, 126], [149, 179], [365, 16], [1214, 29], [880, 12], [1371, 78], [1747, 34], [256, 35], [892, 79], [325, 37], [1660, 13], [543, 164], [241, 50], [716, 246], [1597, 51], [1222, 19], [1933, 25], [759, 10], [683, 26], [1101, 52], [1614, 203], [1644, 252], [1186, 59], [1576, 131], [1322, 75], [1763, 33], [20, 16], [1128, 40], [1204, 24], [599, 194], [1792, 93], [837, 20], [948, 121], [1103, 34], [609, 211], [1880, 40], [914, 23], [759, 8]], "mean": 7.343292236328125e-05}