{"vals": [0.546875, 0.185546875, 0.10693359375, 0.08740234375, 0.07080078125, 0.048828125, 0.044921875, 0.042724609375, 0.04150390625, 0.03955078125, 0.03515625, 0.03515625, 0.03466796875, 0.0302734375, 0.0294189453125, 0.0291748046875, 0.0279541015625, 0.0269775390625, 0.0260009765625, 0.0244140625, 0.0235595703125, 0.0235595703125, 0.0220947265625, 0.021240234375, 0.0205078125, 0.018798828125, 0.017333984375, 0.016845703125, 0.0166015625, 0.015869140625, 0.015380859375, 0.01519775390625, 0.01495361328125, 0.01446533203125, 0.0142822265625, 0.01348876953125, 0.01336669921875, 0.01336669921875, 0.01336669921875, 0.01263427734375, 0.0123291015625, 0.01226806640625, 0.01165771484375, 0.01165771484375, 0.0113525390625, 0.0113525390625, 0.010986328125, 0.0106201171875, 0.0101318359375, 0.0101318359375, 0.00994873046875, 0.00970458984375, 0.00970458984375, 0.0096435546875, 0.009521484375, 0.0093994140625, 0.0093994140625, 0.00933837890625, 0.00927734375, 0.00921630859375, 0.0091552734375, 0.0089111328125, 0.0087890625, 0.0086669921875, 0.00860595703125, 0.00836181640625, 0.00830078125, 0.00811767578125, 0.00811767578125, 0.008056640625, 0.0078125, 0.007720947265625, 0.007598876953125, 0.007354736328125, 0.007049560546875, 0.006988525390625, 0.006866455078125, 0.0068359375, 0.006805419921875, 0.0067138671875, 0.0067138671875, 0.0067138671875, 0.006683349609375, 0.00665283203125, 0.006622314453125, 0.006561279296875, 0.006317138671875, 0.006317138671875, 0.00628662109375, 0.00628662109375, 0.006256103515625, 0.006256103515625, 0.006256103515625, 0.006195068359375, 0.006134033203125, 0.006134033203125, 0.006103515625, 0.005950927734375, 0.00592041015625, 0.005889892578125], "inds": [[1614, 202], [972, 106], [1284, 116], [435, 175], [1382, 183], [319, 50], [1079, 24], [831, 151], [1001, 53], [1962, 65], [1614, 203], [149, 179], [1822, 129], [1202, 239], [579, 88], [609, 267], [1421, 167], [1296, 26], [674, 251], [435, 202], [905, 129], [1748, 268], [1830, 46], [1890, 187], [1982, 18], [1639, 104], [543, 64], [667, 148], [1792, 93], [818, 23], [1748, 239], [590, 257], [590, 240], [325, 37], [1702, 18], [1284, 171], [318, 18], [1983, 145], [818, 115], [1624, 252], [43, 89], [528, 150], [818, 24], [1629, 254], [670, 260], [299, 191], [1933, 25], [1167, 11], [1145, 15], [1960, 14], [512, 109], [855, 167], [254, 15], [1409, 14], [1748, 255], [1748, 74], [1639, 73], [861, 10], [299, 192], [1154, 20], [1620, 149], [1792, 105], [184, 185], [618, 157], [716, 246], [716, 163], [1228, 13], [528, 169], [585, 24], [135, 242], [1303, 157], [1880, 40], [1101, 52], [948, 121], [579, 157], [1843, 62], [1180, 231], [874, 15], [302, 292], [1529, 261], [1771, 21], [1284, 208], [1830, 17], [1219, 12], [1792, 84], [1322, 251], [1983, 149], [106, 121], [950, 6], [716, 178], [43, 92], [1747, 34], [892, 133], [1243, 82], [349, 223], [520, 35], [18, 43], [1492, 101], [793, 119], [1530, 23]], "mean": 2.467632293701172e-05}