{"vals": [0.1298828125, 0.07568359375, 0.0546875, 0.052734375, 0.04638671875, 0.037841796875, 0.032470703125, 0.031982421875, 0.029541015625, 0.0291748046875, 0.0267333984375, 0.0263671875, 0.0242919921875, 0.0235595703125, 0.021484375, 0.0211181640625, 0.01953125, 0.019287109375, 0.0189208984375, 0.018798828125, 0.0186767578125, 0.0181884765625, 0.01806640625, 0.01806640625, 0.0162353515625, 0.0155029296875, 0.01348876953125, 0.01251220703125, 0.01220703125, 0.01214599609375, 0.0120849609375, 0.0118408203125, 0.01177978515625, 0.01171875, 0.01153564453125, 0.01104736328125, 0.01104736328125, 0.010986328125, 0.010986328125, 0.0108642578125, 0.0108642578125, 0.010498046875, 0.01043701171875, 0.0103759765625, 0.0103759765625, 0.01031494140625, 0.01019287109375, 0.0098876953125, 0.009765625, 0.0096435546875, 0.00897216796875, 0.00885009765625, 0.00872802734375, 0.00872802734375, 0.00860595703125, 0.00860595703125, 0.00848388671875, 0.00823974609375, 0.0081787109375, 0.00811767578125, 0.0079345703125, 0.007720947265625, 0.007720947265625, 0.0076904296875, 0.0076904296875, 0.00762939453125, 0.007537841796875, 0.0074462890625, 0.00738525390625, 0.00732421875, 0.007232666015625, 0.007232666015625, 0.007171630859375, 0.00714111328125, 0.00714111328125, 0.0068359375, 0.00677490234375, 0.006744384765625, 0.006744384765625, 0.006591796875, 0.006561279296875, 0.0064697265625, 0.00634765625, 0.00628662109375, 0.00616455078125, 0.00604248046875, 0.0059814453125, 0.00592041015625, 0.00579833984375, 0.0057373046875, 0.0057373046875, 0.005706787109375, 0.00567626953125, 0.005615234375, 0.005615234375, 0.00555419921875, 0.005523681640625, 0.005462646484375, 0.00537109375, 0.00537109375], "inds": [[20, 34], [858, 19], [818, 23], [818, 24], [1001, 53], [753, 21], [1363, 34], [1273, 42], [948, 121], [1887, 129], [1982, 18], [556, 66], [1708, 49], [1845, 219], [480, 20], [972, 106], [609, 267], [1208, 45], [1777, 6], [1148, 11], [1035, 23], [43, 89], [1101, 52], [106, 94], [1382, 183], [27, 257], [1847, 82], [948, 46], [1847, 31], [1128, 133], [1253, 120], [748, 80], [1204, 24], [677, 31], [53, 18], [1341, 28], [1202, 254], [1212, 20], [1748, 268], [880, 12], [793, 151], [342, 35], [1363, 33], [590, 240], [905, 129], [435, 175], [1620, 149], [1944, 34], [319, 50], [60, 19], [1702, 18], [1830, 46], [1859, 66], [1613, 30], [239, 46], [1847, 79], [1629, 271], [1614, 202], [383, 112], [271, 188], [1639, 104], [1296, 26], [590, 257], [1897, 48], [513, 260], [1088, 60], [1594, 18], [1394, 21], [1847, 78], [903, 85], [1303, 170], [1138, 292], [861, 299], [1613, 10], [1371, 40], [1532, 138], [69, 84], [1795, 10], [1613, 9], [1363, 29], [670, 260], [1363, 51], [1708, 71], [1486, 14], [914, 23], [813, 39], [515, 56], [1202, 164], [329, 60], [331, 14], [948, 185], [892, 133], [683, 26], [1262, 10], [1088, 59], [453, 10], [1830, 57], [400, 197], [1904, 79], [1890, 123]], "mean": 2.2172927856445312e-05}