{"vals": [0.302734375, 0.08642578125, 0.0244140625, 0.022705078125, 0.0220947265625, 0.0201416015625, 0.0196533203125, 0.017333984375, 0.0167236328125, 0.016357421875, 0.0150146484375, 0.014892578125, 0.01373291015625, 0.01373291015625, 0.013427734375, 0.01324462890625, 0.012451171875, 0.01239013671875, 0.0123291015625, 0.0118408203125, 0.01129150390625, 0.0108642578125, 0.01080322265625, 0.0106201171875, 0.01031494140625, 0.00994873046875, 0.00982666015625, 0.00970458984375, 0.00946044921875, 0.0093994140625, 0.00921630859375, 0.00909423828125, 0.0089111328125, 0.008056640625, 0.008056640625, 0.007415771484375, 0.00738525390625, 0.007354736328125, 0.00732421875, 0.007293701171875, 0.00726318359375, 0.007080078125, 0.007049560546875, 0.006683349609375, 0.006683349609375, 0.00665283203125, 0.006561279296875, 0.00653076171875, 0.006500244140625, 0.0064697265625, 0.006317138671875, 0.006256103515625, 0.006134033203125, 0.006103515625, 0.00604248046875, 0.005889892578125, 0.005889892578125, 0.005828857421875, 0.005706787109375, 0.005706787109375, 0.00567626953125, 0.00567626953125, 0.005584716796875, 0.0054931640625, 0.0054931640625, 0.005462646484375, 0.00537109375, 0.005340576171875, 0.00531005859375, 0.005279541015625, 0.0052490234375, 0.0052490234375, 0.0052490234375, 0.0052490234375, 0.005218505859375, 0.00518798828125, 0.00506591796875, 0.00506591796875, 0.005035400390625, 0.004913330078125, 0.004852294921875, 0.00469970703125, 0.004638671875, 0.004638671875, 0.004608154296875, 0.004608154296875, 0.004608154296875, 0.00457763671875, 0.00439453125, 0.00439453125, 0.004364013671875, 0.004364013671875, 0.004302978515625, 0.0042724609375, 0.004241943359375, 0.00421142578125, 0.00421142578125, 0.004150390625, 0.004119873046875, 0.004119873046875], "inds": [[1001, 53], [972, 106], [1079, 24], [1284, 116], [1382, 183], [88, 10], [710, 16], [1296, 26], [677, 31], [404, 160], [1145, 15], [1140, 137], [894, 111], [1102, 104], [365, 16], [1035, 23], [406, 51], [149, 179], [319, 50], [1982, 18], [404, 161], [621, 182], [933, 69], [1588, 44], [892, 79], [1960, 14], [679, 21], [1092, 26], [1777, 11], [1721, 77], [1267, 156], [1208, 51], [905, 129], [1880, 40], [1130, 225], [325, 37], [1702, 18], [1796, 38], [1128, 40], [1568, 159], [1202, 239], [791, 186], [1748, 272], [858, 19], [1259, 32], [898, 58], [1630, 14], [546, 19], [1887, 129], [406, 257], [1385, 11], [1313, 52], [599, 52], [367, 23], [1467, 48], [1956, 259], [1868, 13], [372, 13], [1964, 113], [1312, 48], [1719, 18], [1413, 74], [419, 14], [1193, 135], [1413, 272], [1904, 288], [1145, 14], [897, 19], [1420, 91], [1838, 15], [1814, 10], [1809, 20], [268, 51], [1306, 11], [1492, 101], [617, 13], [753, 21], [1660, 13], [1966, 206], [670, 260], [1726, 72], [1068, 152], [1381, 13], [1227, 51], [1690, 17], [698, 40], [1132, 11], [914, 23], [1409, 14], [1069, 106], [1293, 12], [1897, 135], [290, 295], [290, 291], [1110, 17], [1140, 136], [791, 153], [1013, 14], [488, 12], [1428, 153]], "mean": 2.1576881408691406e-05}