{"vals": [0.154296875, 0.10009765625, 0.09619140625, 0.091796875, 0.08544921875, 0.06787109375, 0.06201171875, 0.056396484375, 0.054443359375, 0.051513671875, 0.05029296875, 0.04736328125, 0.04248046875, 0.0419921875, 0.04150390625, 0.038330078125, 0.037353515625, 0.034423828125, 0.03369140625, 0.032958984375, 0.0296630859375, 0.029296875, 0.0272216796875, 0.026611328125, 0.0262451171875, 0.025634765625, 0.02490234375, 0.0245361328125, 0.020263671875, 0.01953125, 0.0191650390625, 0.0189208984375, 0.018798828125, 0.01806640625, 0.0179443359375, 0.017822265625, 0.017822265625, 0.0177001953125, 0.0174560546875, 0.016845703125, 0.0164794921875, 0.016357421875, 0.016357421875, 0.0162353515625, 0.0159912109375, 0.0157470703125, 0.01519775390625, 0.01519775390625, 0.01470947265625, 0.0146484375, 0.0145263671875, 0.01416015625, 0.0137939453125, 0.01348876953125, 0.01348876953125, 0.01348876953125, 0.013427734375, 0.01312255859375, 0.01275634765625, 0.0125732421875, 0.01220703125, 0.01214599609375, 0.01177978515625, 0.01165771484375, 0.01153564453125, 0.011474609375, 0.01104736328125, 0.010986328125, 0.010986328125, 0.01092529296875, 0.0108642578125, 0.010498046875, 0.0103759765625, 0.01031494140625, 0.01025390625, 0.0101318359375, 0.010009765625, 0.00982666015625, 0.0096435546875, 0.0096435546875, 0.00946044921875, 0.00946044921875, 0.00933837890625, 0.00933837890625, 0.00933837890625, 0.00927734375, 0.0087890625, 0.0086669921875, 0.0086669921875, 0.0086669921875, 0.0086669921875, 0.0086669921875, 0.0086669921875, 0.00860595703125, 0.00860595703125, 0.00860595703125, 0.008544921875, 0.0084228515625, 0.0084228515625, 0.00836181640625], "inds": [[319, 50], [806, 150], [1871, 258], [359, 117], [512, 109], [694, 132], [293, 87], [1882, 94], [1124, 222], [1291, 28], [1202, 254], [269, 62], [174, 195], [149, 39], [806, 147], [540, 13], [1074, 287], [1421, 167], [149, 40], [548, 227], [149, 179], [1964, 113], [1946, 35], [714, 73], [233, 209], [1644, 20], [748, 239], [1871, 257], [1382, 183], [1280, 21], [1639, 104], [791, 186], [1208, 51], [1695, 36], [106, 121], [1713, 267], [1713, 269], [528, 169], [1101, 52], [1149, 200], [748, 238], [1388, 158], [1014, 79], [164, 13], [1068, 152], [1644, 17], [1149, 225], [1904, 79], [268, 51], [882, 17], [1713, 277], [1432, 31], [1001, 53], [1990, 97], [540, 14], [1128, 92], [1872, 107], [763, 211], [1219, 12], [235, 273], [1074, 275], [1035, 40], [1363, 34], [360, 25], [484, 128], [651, 19], [1748, 74], [774, 177], [1830, 46], [1253, 120], [1276, 35], [302, 292], [1642, 10], [271, 188], [1898, 258], [1284, 116], [1469, 294], [609, 211], [208, 299], [1124, 221], [818, 23], [6, 217], [149, 41], [748, 137], [1206, 26], [435, 202], [1006, 8], [1566, 120], [1644, 10], [566, 40], [1492, 46], [1624, 252], [1382, 157], [1339, 34], [892, 79], [1864, 215], [1544, 23], [972, 106], [1629, 254], [204, 69]], "mean": 2.4557113647460938e-05}