{"vals": [0.58984375, 0.10107421875, 0.0947265625, 0.08984375, 0.08837890625, 0.06396484375, 0.05224609375, 0.047119140625, 0.047119140625, 0.04345703125, 0.039794921875, 0.036376953125, 0.03515625, 0.031982421875, 0.03173828125, 0.031005859375, 0.031005859375, 0.0302734375, 0.02978515625, 0.02978515625, 0.029541015625, 0.0289306640625, 0.0283203125, 0.02734375, 0.02734375, 0.026611328125, 0.0263671875, 0.024658203125, 0.0245361328125, 0.0242919921875, 0.02294921875, 0.0228271484375, 0.0223388671875, 0.02197265625, 0.021240234375, 0.0206298828125, 0.020263671875, 0.0198974609375, 0.0198974609375, 0.01953125, 0.019287109375, 0.019287109375, 0.0189208984375, 0.018798828125, 0.0172119140625, 0.0166015625, 0.0164794921875, 0.0162353515625, 0.0162353515625, 0.01611328125, 0.015869140625, 0.0157470703125, 0.0157470703125, 0.015625, 0.015625, 0.01544189453125, 0.01544189453125, 0.01544189453125, 0.015380859375, 0.01531982421875, 0.01507568359375, 0.0150146484375, 0.01483154296875, 0.01458740234375, 0.0145263671875, 0.01434326171875, 0.01416015625, 0.01416015625, 0.01409912109375, 0.0140380859375, 0.01373291015625, 0.0135498046875, 0.0133056640625, 0.01312255859375, 0.01287841796875, 0.01275634765625, 0.01263427734375, 0.01251220703125, 0.0123291015625, 0.01202392578125, 0.0118408203125, 0.01177978515625, 0.01129150390625, 0.01129150390625, 0.01123046875, 0.01116943359375, 0.01116943359375, 0.0111083984375, 0.01104736328125, 0.01092529296875, 0.01080322265625, 0.01080322265625, 0.0106201171875, 0.010498046875, 0.01043701171875, 0.0103759765625, 0.0103759765625, 0.01031494140625, 0.01007080078125, 0.01007080078125], "inds": [[1001, 53], [1284, 116], [1382, 183], [543, 64], [972, 106], [1962, 65], [1140, 137], [650, 9], [625, 9], [1140, 136], [710, 16], [543, 62], [233, 209], [1492, 101], [1748, 272], [724, 53], [1982, 18], [933, 69], [1306, 11], [1267, 156], [1019, 27], [1227, 51], [546, 19], [106, 137], [1101, 52], [1582, 32], [1259, 32], [1291, 28], [1788, 10], [543, 61], [683, 26], [1796, 38], [1726, 72], [855, 250], [1296, 26], [1989, 34], [589, 189], [892, 79], [492, 13], [512, 109], [1079, 24], [806, 147], [1390, 184], [135, 15], [460, 10], [858, 19], [1904, 93], [1679, 60], [914, 23], [1890, 187], [1792, 172], [137, 183], [359, 117], [88, 10], [818, 23], [1639, 125], [491, 15], [1721, 77], [897, 19], [1743, 11], [469, 98], [791, 186], [1141, 47], [1222, 19], [1132, 11], [1377, 38], [1511, 12], [1887, 136], [419, 14], [1719, 18], [1145, 15], [539, 24], [874, 15], [1864, 215], [262, 48], [1688, 39], [426, 60], [1671, 15], [675, 12], [1145, 14], [1051, 10], [1110, 17], [861, 14], [480, 20], [1650, 11], [1868, 13], [149, 179], [1371, 40], [800, 10], [1428, 153], [1474, 22], [1420, 17], [1074, 275], [640, 11], [268, 51], [1644, 10], [325, 37], [582, 16], [1013, 14], [1943, 24]], "mean": 2.6941299438476562e-05}