{"vals": [0.1845703125, 0.177734375, 0.1728515625, 0.033203125, 0.031982421875, 0.03173828125, 0.0274658203125, 0.02490234375, 0.0228271484375, 0.022705078125, 0.021728515625, 0.021728515625, 0.0185546875, 0.0184326171875, 0.017578125, 0.016357421875, 0.0157470703125, 0.014892578125, 0.01348876953125, 0.012451171875, 0.012451171875, 0.01190185546875, 0.01055908203125, 0.010498046875, 0.01007080078125, 0.0098876953125, 0.00958251953125, 0.0093994140625, 0.00872802734375, 0.00872802734375, 0.008544921875, 0.00811767578125, 0.00799560546875, 0.00787353515625, 0.0078125, 0.00762939453125, 0.00750732421875, 0.007476806640625, 0.007080078125, 0.00701904296875, 0.006988525390625, 0.00689697265625, 0.006805419921875, 0.006805419921875, 0.006622314453125, 0.006317138671875, 0.00628662109375, 0.006011962890625, 0.005706787109375, 0.005706787109375, 0.00567626953125, 0.00543212890625, 0.005340576171875, 0.005096435546875, 0.0050048828125, 0.004974365234375, 0.004669189453125, 0.004608154296875, 0.00457763671875, 0.004547119140625, 0.0045166015625, 0.004425048828125, 0.004425048828125, 0.00439453125, 0.004241943359375, 0.004241943359375, 0.00421142578125, 0.004180908203125, 0.00408935546875, 0.004058837890625, 0.004058837890625, 0.003997802734375, 0.003936767578125, 0.0038909912109375, 0.0038909912109375, 0.0037841796875, 0.0037384033203125, 0.00372314453125, 0.0035858154296875, 0.0035858154296875, 0.0035400390625, 0.0034637451171875, 0.0034637451171875, 0.0034332275390625, 0.003387451171875, 0.00335693359375, 0.0033416748046875, 0.0033416748046875, 0.003326416015625, 0.003326416015625, 0.0033111572265625, 0.0033111572265625, 0.0032806396484375, 0.0032806396484375, 0.0032501220703125, 0.0031890869140625, 0.0031890869140625, 0.0031585693359375, 0.003082275390625, 0.003082275390625], "inds": [[1284, 116], [1001, 53], [972, 106], [149, 131], [164, 13], [293, 24], [590, 240], [149, 80], [528, 169], [589, 189], [1180, 30], [149, 102], [1069, 106], [677, 31], [996, 42], [773, 89], [1748, 74], [1202, 254], [43, 92], [325, 29], [319, 50], [1141, 32], [948, 121], [391, 70], [1830, 17], [149, 147], [543, 183], [149, 270], [585, 24], [149, 183], [1960, 14], [1145, 15], [622, 273], [1428, 149], [404, 177], [1296, 26], [1098, 48], [1079, 24], [1101, 52], [618, 157], [365, 16], [331, 14], [1236, 42], [1409, 14], [1291, 28], [705, 33], [325, 63], [149, 218], [855, 48], [1, 16], [1022, 11], [1142, 196], [432, 23], [350, 36], [404, 164], [837, 24], [1982, 18], [590, 241], [1726, 72], [556, 66], [1132, 11], [665, 16], [318, 18], [1690, 17], [758, 16], [1493, 30], [469, 175], [20, 34], [724, 22], [1293, 12], [1959, 11], [963, 124], [1095, 282], [1236, 25], [1917, 67], [149, 159], [856, 39], [892, 79], [1022, 10], [1299, 34], [1021, 20], [681, 51], [759, 16], [1708, 49], [374, 162], [1071, 11], [1092, 26], [980, 15], [1035, 40], [1038, 40], [1748, 181], [188, 84], [329, 225], [26, 28], [424, 160], [1585, 237], [903, 35], [1236, 30], [106, 94], [903, 71]], "mean": 2.0742416381835938e-05}