{"vals": [0.53125, 0.1201171875, 0.087890625, 0.048095703125, 0.041748046875, 0.0322265625, 0.0262451171875, 0.0257568359375, 0.024169921875, 0.02294921875, 0.0196533203125, 0.01953125, 0.019287109375, 0.0185546875, 0.0174560546875, 0.01708984375, 0.0169677734375, 0.0164794921875, 0.0162353515625, 0.015380859375, 0.01519775390625, 0.0146484375, 0.01458740234375, 0.01446533203125, 0.014404296875, 0.014404296875, 0.013916015625, 0.01361083984375, 0.0135498046875, 0.01324462890625, 0.012939453125, 0.01251220703125, 0.01251220703125, 0.01220703125, 0.01202392578125, 0.011474609375, 0.01141357421875, 0.01116943359375, 0.010986328125, 0.0106201171875, 0.01031494140625, 0.01019287109375, 0.00994873046875, 0.00982666015625, 0.009521484375, 0.009521484375, 0.00946044921875, 0.0093994140625, 0.00885009765625, 0.00872802734375, 0.0086669921875, 0.0086669921875, 0.008544921875, 0.00848388671875, 0.00848388671875, 0.0084228515625, 0.00823974609375, 0.008056640625, 0.00787353515625, 0.0078125, 0.0078125, 0.007568359375, 0.007568359375, 0.00750732421875, 0.00750732421875, 0.007354736328125, 0.007354736328125, 0.00732421875, 0.007293701171875, 0.007293701171875, 0.0072021484375, 0.0072021484375, 0.007080078125, 0.00701904296875, 0.00689697265625, 0.00689697265625, 0.006866455078125, 0.006805419921875, 0.006500244140625, 0.006256103515625, 0.0062255859375, 0.0062255859375, 0.00616455078125, 0.00604248046875, 0.00604248046875, 0.005950927734375, 0.005889892578125, 0.005889892578125, 0.005859375, 0.005828857421875, 0.00579833984375, 0.00567626953125, 0.005645751953125, 0.005584716796875, 0.005584716796875, 0.00555419921875, 0.00555419921875, 0.00555419921875, 0.005462646484375, 0.005401611328125], "inds": [[1001, 53], [972, 106], [1726, 72], [20, 34], [1074, 275], [543, 64], [1904, 79], [1253, 120], [513, 260], [1708, 49], [1748, 272], [1748, 268], [355, 79], [1284, 116], [721, 15], [1843, 62], [1484, 250], [1492, 101], [683, 26], [293, 87], [710, 16], [1208, 45], [1428, 153], [1145, 14], [817, 68], [391, 70], [406, 257], [1721, 77], [149, 179], [1788, 10], [1421, 167], [137, 183], [714, 73], [1222, 19], [674, 58], [1432, 122], [512, 109], [543, 62], [1275, 71], [1390, 184], [1658, 23], [404, 177], [435, 187], [1741, 191], [1792, 172], [1914, 222], [1368, 150], [903, 85], [698, 40], [1532, 138], [297, 37], [1267, 156], [1227, 51], [1989, 34], [1724, 175], [533, 157], [1996, 58], [1101, 52], [247, 66], [1529, 277], [1299, 34], [1226, 50], [427, 191], [1734, 53], [681, 51], [1141, 47], [1639, 125], [543, 61], [1719, 18], [722, 61], [858, 19], [1897, 135], [1774, 51], [1679, 60], [330, 163], [862, 72], [1582, 32], [405, 43], [903, 64], [371, 263], [1006, 239], [551, 286], [1890, 187], [1206, 26], [933, 61], [1983, 78], [28, 15], [933, 69], [1639, 104], [72, 124], [768, 35], [37, 198], [948, 46], [768, 32], [60, 19], [1830, 46], [1830, 17], [670, 260], [1920, 51], [1208, 51]], "mean": 2.2530555725097656e-05}