{"vals": [0.421875, 0.3046875, 0.302734375, 0.232421875, 0.126953125, 0.1240234375, 0.10986328125, 0.0849609375, 0.0712890625, 0.060302734375, 0.050048828125, 0.049560546875, 0.046142578125, 0.036865234375, 0.035400390625, 0.03369140625, 0.033203125, 0.0286865234375, 0.027587890625, 0.0272216796875, 0.0267333984375, 0.0245361328125, 0.024169921875, 0.023681640625, 0.0233154296875, 0.0230712890625, 0.0230712890625, 0.0224609375, 0.021728515625, 0.020751953125, 0.020263671875, 0.02001953125, 0.02001953125, 0.0194091796875, 0.0189208984375, 0.018798828125, 0.01806640625, 0.01806640625, 0.017822265625, 0.017333984375, 0.016845703125, 0.0167236328125, 0.016357421875, 0.016357421875, 0.015869140625, 0.0155029296875, 0.01544189453125, 0.01544189453125, 0.01507568359375, 0.0150146484375, 0.0147705078125, 0.014404296875, 0.01409912109375, 0.013916015625, 0.01385498046875, 0.01385498046875, 0.01385498046875, 0.0137939453125, 0.0137939453125, 0.0137939453125, 0.01373291015625, 0.01336669921875, 0.01318359375, 0.0130615234375, 0.01287841796875, 0.0128173828125, 0.01263427734375, 0.01239013671875, 0.01239013671875, 0.011962890625, 0.011962890625, 0.01190185546875, 0.01190185546875, 0.01153564453125, 0.011474609375, 0.0111083984375, 0.01104736328125, 0.0107421875, 0.0106201171875, 0.010498046875, 0.01025390625, 0.0101318359375, 0.0101318359375, 0.009765625, 0.009765625, 0.0096435546875, 0.00958251953125, 0.009521484375, 0.00946044921875, 0.00921630859375, 0.00921630859375, 0.009033203125, 0.0087890625, 0.0087890625, 0.0087890625, 0.0087890625, 0.0086669921875, 0.0086669921875, 0.00860595703125, 0.008544921875], "inds": [[948, 121], [20, 34], [106, 121], [1299, 34], [1991, 48], [1206, 26], [1792, 93], [789, 17], [1555, 33], [581, 11], [1253, 120], [1280, 21], [651, 19], [1035, 23], [543, 18], [148, 58], [609, 267], [892, 79], [1966, 23], [1555, 22], [1566, 58], [435, 175], [721, 15], [789, 24], [1983, 145], [1141, 32], [1202, 254], [1421, 167], [1996, 45], [26, 59], [1103, 34], [903, 64], [1017, 19], [402, 34], [81, 34], [1284, 74], [607, 51], [1739, 13], [882, 17], [1614, 61], [280, 46], [1897, 135], [1748, 268], [298, 39], [609, 194], [1724, 18], [1006, 239], [1948, 51], [1, 17], [103, 252], [933, 61], [1128, 92], [435, 202], [293, 87], [426, 36], [639, 21], [1327, 37], [479, 17], [817, 68], [5, 41], [948, 41], [43, 89], [1204, 24], [855, 227], [948, 127], [1996, 37], [1443, 26], [1830, 46], [1747, 33], [1555, 36], [1208, 45], [599, 194], [203, 21], [1219, 12], [513, 260], [376, 259], [1208, 51], [625, 35], [1284, 82], [106, 117], [585, 24], [1708, 49], [793, 119], [1582, 29], [225, 38], [1463, 45], [355, 82], [813, 70], [7, 39], [818, 115], [1363, 34], [204, 69], [359, 117], [1679, 60], [599, 198], [1904, 79], [88, 10], [1284, 116], [1614, 202], [1382, 183]], "mean": 3.218650817871094e-05}