{"vals": [0.1875, 0.0634765625, 0.0625, 0.050048828125, 0.046875, 0.0390625, 0.0390625, 0.03271484375, 0.0322265625, 0.031494140625, 0.03076171875, 0.029296875, 0.0289306640625, 0.028076171875, 0.02685546875, 0.0264892578125, 0.0255126953125, 0.024658203125, 0.0244140625, 0.0233154296875, 0.021484375, 0.02001953125, 0.019775390625, 0.0164794921875, 0.0164794921875, 0.016357421875, 0.015869140625, 0.015625, 0.0142822265625, 0.0142822265625, 0.01422119140625, 0.01422119140625, 0.0140380859375, 0.01287841796875, 0.01263427734375, 0.011962890625, 0.01190185546875, 0.01177978515625, 0.01171875, 0.0115966796875, 0.0113525390625, 0.010986328125, 0.010986328125, 0.01080322265625, 0.0107421875, 0.01068115234375, 0.0106201171875, 0.0106201171875, 0.0103759765625, 0.01025390625, 0.0101318359375, 0.0101318359375, 0.01007080078125, 0.00970458984375, 0.00958251953125, 0.00958251953125, 0.009521484375, 0.0091552734375, 0.00909423828125, 0.009033203125, 0.0089111328125, 0.0087890625, 0.0086669921875, 0.00860595703125, 0.00860595703125, 0.0084228515625, 0.00830078125, 0.00830078125, 0.00823974609375, 0.00823974609375, 0.00823974609375, 0.00811767578125, 0.00811767578125, 0.008056640625, 0.0079345703125, 0.00775146484375, 0.00775146484375, 0.007659912109375, 0.007659912109375, 0.007598876953125, 0.007598876953125, 0.007537841796875, 0.00726318359375, 0.007232666015625, 0.007171630859375, 0.00714111328125, 0.00701904296875, 0.00701904296875, 0.0069580078125, 0.006866455078125, 0.00677490234375, 0.00677490234375, 0.00677490234375, 0.006744384765625, 0.00665283203125, 0.006622314453125, 0.006591796875, 0.006561279296875, 0.00653076171875, 0.0064697265625], "inds": [[1284, 116], [651, 19], [20, 34], [556, 66], [69, 130], [590, 240], [1227, 51], [892, 133], [1079, 24], [1982, 18], [1476, 122], [1253, 120], [609, 267], [325, 29], [1001, 53], [1382, 183], [972, 106], [817, 68], [1748, 74], [590, 257], [1299, 34], [1792, 93], [862, 55], [1611, 72], [1614, 202], [681, 51], [963, 124], [818, 23], [1296, 26], [1639, 104], [1206, 26], [1981, 192], [574, 14], [435, 91], [43, 89], [1691, 130], [1887, 129], [1560, 11], [1748, 239], [1726, 72], [1, 16], [404, 177], [818, 24], [293, 87], [724, 22], [1752, 39], [268, 51], [513, 260], [1486, 14], [1124, 210], [670, 260], [1132, 11], [985, 18], [432, 23], [271, 86], [705, 33], [329, 60], [914, 23], [683, 26], [1463, 45], [1822, 129], [1880, 40], [1431, 64], [203, 21], [1371, 40], [714, 73], [405, 26], [1585, 14], [1997, 14], [1887, 110], [918, 60], [852, 231], [1748, 272], [716, 71], [5, 41], [325, 63], [618, 157], [1499, 11], [1275, 71], [905, 129], [53, 18], [1748, 56], [1933, 25], [1284, 171], [1228, 13], [1741, 191], [875, 20], [1823, 128], [1128, 40], [1904, 57], [716, 163], [460, 14], [319, 50], [309, 20], [1904, 50], [716, 53], [460, 10], [892, 272], [1813, 10], [1524, 34]], "mean": 3.123283386230469e-05}