{"vals": [0.609375, 0.265625, 0.25, 0.2109375, 0.1220703125, 0.0830078125, 0.0791015625, 0.078125, 0.07666015625, 0.0751953125, 0.07470703125, 0.064453125, 0.0595703125, 0.05859375, 0.052978515625, 0.052001953125, 0.048095703125, 0.047607421875, 0.046630859375, 0.0439453125, 0.041748046875, 0.04052734375, 0.03955078125, 0.039306640625, 0.038330078125, 0.038330078125, 0.037841796875, 0.03759765625, 0.03564453125, 0.03466796875, 0.03466796875, 0.031982421875, 0.03173828125, 0.031494140625, 0.031005859375, 0.0308837890625, 0.029296875, 0.026123046875, 0.02587890625, 0.02587890625, 0.024169921875, 0.024169921875, 0.02392578125, 0.023681640625, 0.02294921875, 0.0220947265625, 0.02197265625, 0.02197265625, 0.0218505859375, 0.021484375, 0.02001953125, 0.0198974609375, 0.019775390625, 0.0191650390625, 0.018310546875, 0.018310546875, 0.018310546875, 0.017822265625, 0.017578125, 0.017578125, 0.0174560546875, 0.017333984375, 0.017333984375, 0.0169677734375, 0.016845703125, 0.0167236328125, 0.0164794921875, 0.0164794921875, 0.016357421875, 0.0159912109375, 0.0155029296875, 0.01544189453125, 0.01495361328125, 0.01495361328125, 0.0146484375, 0.01458740234375, 0.0145263671875, 0.014404296875, 0.01416015625, 0.013916015625, 0.01385498046875, 0.013671875, 0.01348876953125, 0.01348876953125, 0.0133056640625, 0.01312255859375, 0.01300048828125, 0.012939453125, 0.0128173828125, 0.01275634765625, 0.0126953125, 0.01251220703125, 0.012451171875, 0.01239013671875, 0.01239013671875, 0.01220703125, 0.0120849609375, 0.01202392578125, 0.011962890625, 0.011962890625], "inds": [[1614, 202], [1382, 183], [1748, 74], [753, 21], [1001, 53], [1747, 33], [972, 106], [1492, 101], [1284, 116], [683, 26], [167, 18], [1341, 28], [1253, 120], [1227, 51], [681, 51], [178, 66], [1397, 72], [716, 71], [1677, 240], [905, 129], [1748, 56], [963, 124], [716, 74], [293, 87], [1409, 63], [874, 15], [1154, 20], [716, 53], [1679, 286], [800, 10], [1614, 203], [406, 257], [1748, 90], [585, 24], [458, 118], [1489, 95], [1748, 272], [391, 70], [512, 109], [106, 121], [481, 212], [648, 88], [1237, 69], [1792, 105], [43, 92], [1748, 77], [1101, 52], [75, 46], [1830, 17], [892, 79], [460, 10], [453, 75], [1321, 238], [651, 65], [1225, 28], [271, 245], [33, 56], [1726, 72], [469, 200], [216, 195], [469, 243], [43, 89], [1452, 238], [673, 297], [1056, 15], [432, 23], [216, 192], [581, 11], [1962, 65], [1128, 92], [254, 15], [1890, 172], [1744, 15], [1544, 23], [1660, 13], [88, 10], [271, 235], [948, 46], [1299, 34], [460, 14], [722, 61], [681, 81], [716, 87], [1398, 55], [593, 89], [1882, 18], [1069, 106], [1530, 23], [1285, 21], [404, 177], [1380, 22], [5, 41], [903, 64], [1792, 93], [469, 241], [1948, 42], [903, 71], [309, 17], [1100, 190], [793, 258]], "mean": 6.818771362304688e-05}