{"vals": [0.1396484375, 0.09423828125, 0.07177734375, 0.06982421875, 0.05517578125, 0.054443359375, 0.0537109375, 0.05322265625, 0.039306640625, 0.0361328125, 0.0302734375, 0.0294189453125, 0.02685546875, 0.0264892578125, 0.0208740234375, 0.0206298828125, 0.019775390625, 0.0194091796875, 0.019287109375, 0.019287109375, 0.01904296875, 0.01806640625, 0.017822265625, 0.017822265625, 0.0169677734375, 0.0166015625, 0.0164794921875, 0.0162353515625, 0.0159912109375, 0.0159912109375, 0.01556396484375, 0.014892578125, 0.014892578125, 0.01483154296875, 0.0145263671875, 0.01422119140625, 0.01416015625, 0.0126953125, 0.01263427734375, 0.01251220703125, 0.01239013671875, 0.011962890625, 0.011962890625, 0.01171875, 0.01165771484375, 0.0115966796875, 0.01153564453125, 0.01153564453125, 0.01141357421875, 0.01129150390625, 0.01092529296875, 0.01080322265625, 0.01055908203125, 0.01043701171875, 0.01031494140625, 0.01025390625, 0.01025390625, 0.0101318359375, 0.01007080078125, 0.0098876953125, 0.00982666015625, 0.009765625, 0.00970458984375, 0.00958251953125, 0.009521484375, 0.009521484375, 0.00927734375, 0.00927734375, 0.00927734375, 0.00909423828125, 0.00909423828125, 0.009033203125, 0.009033203125, 0.0084228515625, 0.00836181640625, 0.00830078125, 0.00823974609375, 0.00823974609375, 0.00823974609375, 0.00823974609375, 0.0081787109375, 0.0081787109375, 0.008056640625, 0.008056640625, 0.00799560546875, 0.00787353515625, 0.00775146484375, 0.0076904296875, 0.0076904296875, 0.0076904296875, 0.007659912109375, 0.007659912109375, 0.007659912109375, 0.00750732421875, 0.007476806640625, 0.00732421875, 0.007293701171875, 0.00726318359375, 0.00726318359375, 0.0072021484375], "inds": [[528, 169], [677, 31], [892, 79], [948, 121], [556, 66], [1296, 26], [1079, 24], [1726, 72], [1001, 53], [753, 21], [1748, 239], [1284, 116], [319, 50], [589, 189], [1421, 167], [43, 92], [1822, 129], [149, 179], [818, 23], [1202, 254], [963, 101], [887, 19], [20, 16], [1069, 106], [702, 78], [293, 87], [1101, 52], [1748, 272], [972, 106], [1492, 101], [670, 260], [645, 282], [817, 68], [405, 26], [837, 24], [20, 34], [1614, 202], [1890, 172], [1792, 84], [1752, 14], [1228, 13], [948, 69], [1382, 228], [933, 69], [683, 26], [1887, 136], [1639, 73], [1532, 138], [585, 24], [1982, 18], [818, 24], [1890, 187], [1564, 41], [1303, 170], [1620, 149], [27, 257], [325, 37], [1960, 14], [1840, 282], [1382, 183], [1748, 268], [1202, 239], [1620, 253], [813, 70], [1, 16], [1219, 47], [1284, 171], [793, 119], [1585, 14], [702, 55], [1566, 58], [1948, 42], [1463, 23], [1322, 251], [1744, 262], [435, 175], [625, 45], [404, 177], [106, 94], [1032, 49], [813, 105], [1904, 50], [27, 284], [1145, 15], [579, 88], [735, 262], [256, 35], [1206, 26], [800, 10], [903, 71], [1904, 52], [903, 35], [651, 268], [318, 18], [271, 245], [763, 71], [496, 51], [329, 123], [1709, 11], [1777, 11]], "mean": 4.5299530029296875e-05}