{"vals": [0.5234375, 0.30859375, 0.0966796875, 0.09521484375, 0.07958984375, 0.078125, 0.0625, 0.06103515625, 0.055419921875, 0.05517578125, 0.043701171875, 0.032958984375, 0.0322265625, 0.0296630859375, 0.02880859375, 0.02734375, 0.0269775390625, 0.026123046875, 0.024658203125, 0.0244140625, 0.0242919921875, 0.0240478515625, 0.0240478515625, 0.0205078125, 0.0201416015625, 0.019287109375, 0.019287109375, 0.018798828125, 0.0186767578125, 0.0174560546875, 0.017333984375, 0.0167236328125, 0.0164794921875, 0.0162353515625, 0.0162353515625, 0.015380859375, 0.01397705078125, 0.01361083984375, 0.01318359375, 0.012939453125, 0.01214599609375, 0.011962890625, 0.011962890625, 0.01177978515625, 0.011474609375, 0.01123046875, 0.0107421875, 0.01068115234375, 0.01068115234375, 0.010498046875, 0.01043701171875, 0.01025390625, 0.01025390625, 0.01025390625, 0.01019287109375, 0.0101318359375, 0.00970458984375, 0.00970458984375, 0.00970458984375, 0.0096435546875, 0.00958251953125, 0.009521484375, 0.009521484375, 0.009521484375, 0.0093994140625, 0.00933837890625, 0.00921630859375, 0.0091552734375, 0.00909423828125, 0.00897216796875, 0.00885009765625, 0.0087890625, 0.0086669921875, 0.0086669921875, 0.00860595703125, 0.008544921875, 0.00848388671875, 0.00848388671875, 0.00836181640625, 0.00823974609375, 0.00811767578125, 0.00811767578125, 0.008056640625, 0.008056640625, 0.008056640625, 0.00799560546875, 0.00799560546875, 0.0079345703125, 0.00775146484375, 0.007659912109375, 0.007659912109375, 0.007659912109375, 0.00738525390625, 0.00738525390625, 0.00732421875, 0.00732421875, 0.00726318359375, 0.00714111328125, 0.007110595703125, 0.007049560546875], "inds": [[1284, 116], [319, 50], [528, 169], [683, 26], [556, 66], [106, 121], [1079, 24], [1382, 183], [972, 106], [1296, 26], [1982, 18], [1560, 11], [1128, 40], [1, 16], [1962, 65], [948, 121], [480, 20], [1726, 72], [1092, 26], [1748, 239], [892, 79], [1273, 42], [331, 14], [922, 46], [1419, 15], [1141, 11], [724, 22], [1904, 79], [512, 109], [1032, 49], [249, 15], [1222, 19], [1214, 29], [609, 267], [543, 183], [813, 70], [1443, 26], [1299, 34], [863, 22], [817, 68], [1141, 32], [149, 179], [875, 20], [158, 82], [1001, 53], [1552, 32], [271, 86], [1887, 136], [1285, 21], [1890, 187], [503, 25], [1859, 66], [513, 260], [1080, 18], [528, 150], [137, 183], [948, 69], [318, 18], [579, 88], [852, 231], [462, 20], [1702, 18], [1080, 138], [985, 33], [1390, 184], [1933, 25], [1639, 104], [325, 37], [1284, 82], [1145, 15], [1904, 57], [418, 26], [54, 114], [1880, 40], [404, 177], [677, 31], [1960, 14], [583, 275], [1382, 228], [53, 15], [460, 10], [996, 42], [1532, 138], [645, 194], [1843, 62], [869, 162], [1492, 101], [268, 72], [945, 10], [26, 28], [1306, 11], [1409, 14], [880, 12], [1382, 143], [546, 19], [1284, 171], [987, 32], [379, 16], [1586, 16], [459, 24]], "mean": 3.24249267578125e-05}