{"vals": [1.8359375, 1.453125, 1.3671875, 1.2109375, 1.0078125, 0.87109375, 0.734375, 0.7109375, 0.671875, 0.54296875, 0.5390625, 0.5390625, 0.53125, 0.51171875, 0.5, 0.5, 0.49609375, 0.462890625, 0.443359375, 0.443359375, 0.42578125, 0.369140625, 0.3515625, 0.322265625, 0.318359375, 0.318359375, 0.3125, 0.306640625, 0.3046875, 0.3046875, 0.291015625, 0.2890625, 0.28515625, 0.27734375, 0.275390625, 0.275390625, 0.265625, 0.251953125, 0.244140625, 0.240234375, 0.2353515625, 0.22265625, 0.2080078125, 0.2060546875, 0.201171875, 0.197265625, 0.1923828125, 0.19140625, 0.1875, 0.1796875, 0.173828125, 0.166015625, 0.1650390625, 0.158203125, 0.158203125, 0.1572265625, 0.1513671875, 0.150390625, 0.1494140625, 0.1484375, 0.146484375, 0.1455078125, 0.142578125, 0.142578125, 0.140625, 0.13671875, 0.13671875, 0.13671875, 0.13671875, 0.134765625, 0.134765625, 0.1328125, 0.1318359375, 0.130859375, 0.1259765625, 0.12451171875, 0.1220703125, 0.12109375, 0.119140625, 0.11865234375, 0.1181640625, 0.11083984375, 0.1103515625, 0.109375, 0.10888671875, 0.1083984375, 0.107421875, 0.10546875, 0.10498046875, 0.1044921875, 0.10302734375, 0.10205078125, 0.10205078125, 0.1015625, 0.1005859375, 0.099609375, 0.09912109375, 0.09521484375, 0.0947265625, 0.0927734375], "inds": [[319, 50], [1253, 120], [1284, 116], [435, 175], [106, 121], [818, 24], [1382, 183], [1614, 202], [858, 19], [1724, 18], [818, 115], [268, 51], [512, 109], [293, 87], [1280, 21], [1962, 65], [1708, 49], [905, 129], [1421, 167], [1299, 34], [1001, 53], [271, 86], [948, 121], [435, 202], [543, 64], [972, 106], [1929, 64], [1620, 149], [103, 252], [20, 34], [1079, 24], [1092, 26], [1843, 62], [462, 20], [892, 79], [1205, 156], [293, 49], [1341, 28], [1371, 40], [1443, 26], [1128, 92], [670, 260], [1314, 54], [148, 58], [1432, 31], [892, 133], [1792, 93], [325, 37], [1014, 28], [1202, 254], [543, 62], [53, 15], [1204, 92], [367, 23], [1128, 40], [1109, 26], [53, 18], [528, 150], [1208, 51], [1639, 104], [1208, 114], [1582, 29], [1904, 50], [1822, 129], [1808, 17], [1206, 26], [651, 19], [1983, 145], [298, 36], [543, 61], [948, 44], [1204, 21], [1022, 41], [60, 19], [299, 43], [996, 42], [1, 17], [1774, 51], [60, 16], [1204, 24], [1614, 172], [1225, 190], [609, 267], [765, 53], [149, 179], [1440, 15], [1, 16], [435, 41], [1566, 58], [1566, 52], [714, 73], [818, 23], [1588, 42], [1022, 44], [280, 46], [1887, 136], [349, 45], [862, 55], [1296, 26], [793, 151]], "mean": 0.00016498565673828125}