{"vals": [0.96875, 0.70703125, 0.69140625, 0.353515625, 0.328125, 0.275390625, 0.2294921875, 0.185546875, 0.1748046875, 0.166015625, 0.166015625, 0.1455078125, 0.1337890625, 0.12451171875, 0.1240234375, 0.10546875, 0.0986328125, 0.0947265625, 0.09423828125, 0.0927734375, 0.09228515625, 0.08984375, 0.0888671875, 0.08447265625, 0.083984375, 0.0830078125, 0.0830078125, 0.07958984375, 0.0712890625, 0.0693359375, 0.06884765625, 0.068359375, 0.06591796875, 0.06591796875, 0.0625, 0.0625, 0.062255859375, 0.06201171875, 0.06201171875, 0.0615234375, 0.058837890625, 0.058837890625, 0.058837890625, 0.05859375, 0.0576171875, 0.05712890625, 0.05419921875, 0.053466796875, 0.053466796875, 0.052978515625, 0.052734375, 0.052734375, 0.05029296875, 0.050048828125, 0.049560546875, 0.0478515625, 0.046875, 0.044189453125, 0.04345703125, 0.03955078125, 0.037841796875, 0.036865234375, 0.036865234375, 0.03662109375, 0.036376953125, 0.035888671875, 0.03515625, 0.034912109375, 0.03466796875, 0.034423828125, 0.034423828125, 0.0341796875, 0.033935546875, 0.033935546875, 0.03369140625, 0.03369140625, 0.032958984375, 0.03271484375, 0.03173828125, 0.03173828125, 0.0311279296875, 0.0301513671875, 0.02978515625, 0.029541015625, 0.0291748046875, 0.0289306640625, 0.0289306640625, 0.0286865234375, 0.028564453125, 0.0284423828125, 0.0281982421875, 0.027587890625, 0.02734375, 0.02685546875, 0.02685546875, 0.02685546875, 0.0267333984375, 0.026611328125, 0.0263671875, 0.0260009765625], "inds": [[1614, 202], [1284, 116], [106, 121], [1079, 24], [972, 106], [293, 24], [1982, 18], [391, 70], [677, 31], [1560, 11], [948, 121], [1253, 120], [1092, 26], [1, 16], [1128, 92], [1331, 48], [1614, 203], [528, 169], [1341, 28], [609, 267], [1904, 79], [1296, 26], [293, 87], [818, 24], [948, 46], [1792, 93], [818, 23], [1726, 72], [106, 94], [948, 69], [556, 66], [1275, 71], [20, 34], [149, 102], [149, 179], [1299, 31], [289, 242], [1542, 31], [1613, 24], [985, 18], [1409, 14], [1792, 84], [1322, 277], [1702, 18], [1284, 171], [1299, 34], [1410, 48], [1600, 20], [1904, 50], [1382, 183], [329, 60], [1748, 74], [1887, 129], [590, 257], [325, 37], [1552, 32], [903, 35], [1443, 26], [1145, 15], [1001, 53], [892, 79], [1202, 239], [26, 59], [1180, 30], [651, 19], [53, 18], [1211, 21], [43, 89], [1748, 250], [325, 29], [1748, 268], [868, 56], [985, 33], [1719, 18], [948, 44], [1322, 251], [1618, 12], [1303, 261], [1904, 52], [379, 16], [839, 18], [1629, 271], [1748, 169], [868, 60], [298, 27], [1322, 75], [1752, 39], [520, 35], [1246, 32], [1492, 101], [149, 80], [1933, 25], [1109, 26], [585, 24], [1521, 28], [280, 52], [405, 26], [1768, 32], [1955, 72], [609, 194]], "mean": 9.298324584960938e-05}