{"vals": [0.177734375, 0.07470703125, 0.06396484375, 0.056640625, 0.050537109375, 0.047119140625, 0.0419921875, 0.039306640625, 0.0390625, 0.03759765625, 0.033935546875, 0.02880859375, 0.0277099609375, 0.02685546875, 0.0263671875, 0.0228271484375, 0.0211181640625, 0.0206298828125, 0.0205078125, 0.01806640625, 0.017822265625, 0.0177001953125, 0.0169677734375, 0.0167236328125, 0.0166015625, 0.01611328125, 0.01483154296875, 0.01434326171875, 0.01385498046875, 0.0137939453125, 0.01373291015625, 0.01361083984375, 0.013427734375, 0.01287841796875, 0.012451171875, 0.0123291015625, 0.01220703125, 0.01214599609375, 0.011962890625, 0.01190185546875, 0.01190185546875, 0.01165771484375, 0.01153564453125, 0.01141357421875, 0.01129150390625, 0.01104736328125, 0.0103759765625, 0.01031494140625, 0.01019287109375, 0.01007080078125, 0.00970458984375, 0.00958251953125, 0.00946044921875, 0.0093994140625, 0.00933837890625, 0.00933837890625, 0.00885009765625, 0.00860595703125, 0.00823974609375, 0.00823974609375, 0.0081787109375, 0.0079345703125, 0.007720947265625, 0.00762939453125, 0.00762939453125, 0.007568359375, 0.0074462890625, 0.00732421875, 0.007293701171875, 0.007171630859375, 0.007171630859375, 0.007110595703125, 0.007049560546875, 0.007049560546875, 0.0069580078125, 0.00689697265625, 0.00689697265625, 0.006805419921875, 0.00677490234375, 0.006622314453125, 0.0064697265625, 0.00640869140625, 0.006378173828125, 0.00634765625, 0.0062255859375, 0.00616455078125, 0.00616455078125, 0.006103515625, 0.006011962890625, 0.00592041015625, 0.005889892578125, 0.005859375, 0.005828857421875, 0.00579833984375, 0.005767822265625, 0.005706787109375, 0.005706787109375, 0.00567626953125, 0.005584716796875, 0.0054931640625], "inds": [[1677, 240], [948, 121], [972, 106], [590, 240], [20, 34], [1792, 102], [1677, 235], [791, 153], [167, 18], [1371, 78], [1382, 136], [1410, 48], [1677, 254], [1382, 183], [613, 167], [1880, 40], [1219, 12], [1677, 277], [1154, 20], [609, 267], [1141, 32], [329, 225], [435, 175], [583, 247], [462, 20], [435, 202], [1253, 170], [1562, 293], [149, 179], [1926, 128], [1202, 254], [225, 38], [359, 117], [1101, 52], [862, 55], [367, 23], [1124, 210], [1028, 214], [374, 162], [1562, 292], [1897, 135], [1677, 288], [556, 66], [589, 117], [528, 150], [1341, 28], [1677, 264], [1792, 84], [1748, 268], [106, 121], [1555, 17], [818, 23], [1001, 53], [528, 169], [1677, 255], [1035, 40], [1566, 58], [918, 59], [189, 22], [1532, 138], [1253, 120], [813, 39], [1666, 49], [1128, 40], [589, 126], [667, 148], [753, 21], [837, 24], [249, 15], [1, 16], [404, 177], [793, 151], [1448, 13], [1303, 123], [1808, 17], [590, 241], [818, 107], [1109, 21], [315, 17], [1273, 42], [765, 53], [149, 102], [1794, 29], [1499, 11], [651, 19], [398, 14], [609, 172], [43, 116], [1748, 255], [1962, 65], [1790, 135], [1208, 18], [1512, 17], [512, 97], [813, 70], [721, 15], [771, 21], [1124, 211], [1677, 225], [329, 220]], "mean": 2.872943878173828e-05}