{"vals": [0.50390625, 0.3359375, 0.1259765625, 0.0869140625, 0.0869140625, 0.08251953125, 0.0791015625, 0.0791015625, 0.07666015625, 0.076171875, 0.07177734375, 0.0703125, 0.0595703125, 0.05859375, 0.05712890625, 0.055419921875, 0.0478515625, 0.047119140625, 0.046142578125, 0.043212890625, 0.042724609375, 0.040283203125, 0.039306640625, 0.03759765625, 0.03759765625, 0.03662109375, 0.036376953125, 0.034423828125, 0.0341796875, 0.033935546875, 0.033203125, 0.033203125, 0.0302734375, 0.0281982421875, 0.027587890625, 0.0262451171875, 0.0262451171875, 0.02587890625, 0.0244140625, 0.0244140625, 0.0244140625, 0.0240478515625, 0.0238037109375, 0.0235595703125, 0.023193359375, 0.0230712890625, 0.02294921875, 0.0224609375, 0.02197265625, 0.0218505859375, 0.021728515625, 0.021484375, 0.021240234375, 0.0211181640625, 0.019775390625, 0.019775390625, 0.0191650390625, 0.018798828125, 0.0184326171875, 0.0181884765625, 0.0174560546875, 0.0172119140625, 0.016845703125, 0.0167236328125, 0.0162353515625, 0.0159912109375, 0.01531982421875, 0.0152587890625, 0.01507568359375, 0.01483154296875, 0.0147705078125, 0.01446533203125, 0.01446533203125, 0.014404296875, 0.0142822265625, 0.01422119140625, 0.01422119140625, 0.01422119140625, 0.0140380859375, 0.013916015625, 0.013916015625, 0.013916015625, 0.0137939453125, 0.01361083984375, 0.01361083984375, 0.01348876953125, 0.01324462890625, 0.01312255859375, 0.01300048828125, 0.01300048828125, 0.012939453125, 0.012939453125, 0.01287841796875, 0.01287841796875, 0.0128173828125, 0.0128173828125, 0.0128173828125, 0.01263427734375, 0.01263427734375, 0.0125732421875], "inds": [[1035, 23], [1167, 11], [1284, 116], [319, 50], [1983, 145], [1843, 62], [1904, 57], [858, 19], [753, 21], [609, 267], [1141, 32], [1167, 19], [1339, 34], [512, 109], [1887, 129], [1001, 53], [905, 129], [1167, 24], [1983, 141], [1382, 183], [480, 20], [590, 240], [1167, 22], [1253, 120], [1101, 88], [1944, 34], [589, 189], [644, 22], [1141, 35], [1167, 31], [617, 48], [1748, 95], [1280, 21], [1582, 29], [1904, 93], [43, 92], [148, 58], [1100, 50], [1890, 172], [681, 51], [1, 16], [1983, 149], [268, 72], [435, 202], [556, 66], [1167, 30], [479, 17], [1748, 272], [298, 36], [1951, 54], [1859, 66], [1167, 23], [1243, 82], [543, 64], [1951, 34], [1748, 239], [43, 89], [20, 34], [677, 31], [948, 121], [1542, 31], [1842, 34], [948, 41], [27, 257], [1847, 31], [1299, 34], [1748, 255], [1673, 17], [1847, 82], [149, 80], [1084, 58], [773, 38], [724, 22], [1716, 16], [910, 23], [625, 45], [1032, 41], [167, 18], [716, 91], [350, 36], [268, 87], [1128, 55], [1904, 50], [1927, 9], [1748, 74], [1562, 293], [1897, 245], [1094, 39], [863, 22], [367, 23], [818, 115], [1983, 142], [1409, 160], [1, 17], [1566, 52], [818, 23], [1965, 27], [1726, 72], [43, 116], [1035, 29]], "mean": 6.29425048828125e-05}