{"vals": [0.67578125, 0.35546875, 0.337890625, 0.2138671875, 0.177734375, 0.1630859375, 0.1181640625, 0.09912109375, 0.09375, 0.0859375, 0.08544921875, 0.08447265625, 0.083984375, 0.07861328125, 0.072265625, 0.072265625, 0.0712890625, 0.06884765625, 0.061767578125, 0.0556640625, 0.04248046875, 0.03955078125, 0.037109375, 0.03662109375, 0.035888671875, 0.033447265625, 0.031005859375, 0.03076171875, 0.029052734375, 0.02880859375, 0.02783203125, 0.02490234375, 0.0245361328125, 0.0235595703125, 0.0233154296875, 0.0233154296875, 0.02294921875, 0.022216796875, 0.0220947265625, 0.0218505859375, 0.0208740234375, 0.020751953125, 0.0205078125, 0.0203857421875, 0.020263671875, 0.0201416015625, 0.0194091796875, 0.0194091796875, 0.0189208984375, 0.0185546875, 0.0184326171875, 0.0177001953125, 0.0174560546875, 0.0174560546875, 0.0172119140625, 0.0169677734375, 0.0167236328125, 0.0164794921875, 0.016357421875, 0.016357421875, 0.016357421875, 0.015869140625, 0.0157470703125, 0.01507568359375, 0.01495361328125, 0.01483154296875, 0.01470947265625, 0.0145263671875, 0.01434326171875, 0.01416015625, 0.01409912109375, 0.0137939453125, 0.01373291015625, 0.01373291015625, 0.01348876953125, 0.013427734375, 0.0130615234375, 0.0130615234375, 0.01300048828125, 0.01300048828125, 0.0128173828125, 0.01275634765625, 0.01263427734375, 0.01263427734375, 0.0125732421875, 0.01251220703125, 0.01251220703125, 0.01251220703125, 0.01251220703125, 0.012451171875, 0.0123291015625, 0.0123291015625, 0.01226806640625, 0.01220703125, 0.01202392578125, 0.011962890625, 0.0118408203125, 0.01177978515625, 0.01177978515625, 0.01171875], "inds": [[948, 121], [1284, 116], [20, 34], [1154, 20], [609, 267], [1673, 17], [670, 209], [818, 23], [874, 15], [1726, 72], [106, 121], [1341, 28], [406, 257], [1410, 48], [670, 260], [1222, 19], [101, 33], [1912, 15], [1904, 79], [293, 24], [1382, 183], [922, 46], [462, 20], [1001, 53], [483, 16], [729, 19], [1830, 46], [716, 246], [1253, 120], [1, 16], [1904, 93], [1273, 42], [1348, 15], [683, 26], [917, 23], [1284, 82], [933, 69], [1890, 187], [1823, 128], [1880, 40], [1959, 11], [991, 17], [125, 20], [670, 235], [319, 50], [1597, 230], [1104, 14], [817, 68], [1630, 11], [36, 60], [1882, 18], [330, 163], [1887, 136], [479, 17], [249, 15], [1724, 18], [288, 23], [1474, 22], [272, 21], [53, 18], [1724, 82], [1544, 23], [1013, 14], [293, 87], [1057, 16], [1079, 24], [1267, 156], [1931, 10], [855, 250], [350, 36], [1225, 267], [325, 36], [1305, 37], [1904, 52], [1377, 38], [43, 92], [370, 30], [651, 19], [583, 247], [1566, 62], [1547, 18], [665, 16], [1951, 54], [1371, 44], [1180, 134], [81, 34], [585, 24], [1515, 49], [1532, 138], [1597, 251], [1809, 24], [338, 45], [1395, 19], [1408, 24], [86, 93], [106, 94], [1628, 21], [167, 18], [914, 23], [1747, 33]], "mean": 6.771087646484375e-05}