{"vals": [3.375, 2.390625, 0.2392578125, 0.232421875, 0.1865234375, 0.17578125, 0.1630859375, 0.15234375, 0.1416015625, 0.1416015625, 0.091796875, 0.07421875, 0.0693359375, 0.061279296875, 0.0517578125, 0.051025390625, 0.05078125, 0.045166015625, 0.0419921875, 0.040283203125, 0.0400390625, 0.039794921875, 0.038818359375, 0.037109375, 0.0361328125, 0.033935546875, 0.033935546875, 0.032958984375, 0.0302734375, 0.0274658203125, 0.02734375, 0.027099609375, 0.0264892578125, 0.0257568359375, 0.025634765625, 0.024658203125, 0.02392578125, 0.0234375, 0.0225830078125, 0.022216796875, 0.0208740234375, 0.0205078125, 0.020263671875, 0.0201416015625, 0.0198974609375, 0.0196533203125, 0.0194091796875, 0.0194091796875, 0.018798828125, 0.0185546875, 0.0184326171875, 0.01806640625, 0.017822265625, 0.017822265625, 0.017578125, 0.0172119140625, 0.0164794921875, 0.0159912109375, 0.015869140625, 0.0157470703125, 0.0155029296875, 0.015380859375, 0.01519775390625, 0.0150146484375, 0.0146484375, 0.01458740234375, 0.01409912109375, 0.013916015625, 0.013916015625, 0.01361083984375, 0.01361083984375, 0.01348876953125, 0.01324462890625, 0.01312255859375, 0.01300048828125, 0.01300048828125, 0.01287841796875, 0.01287841796875, 0.01275634765625, 0.01275634765625, 0.0126953125, 0.0125732421875, 0.01251220703125, 0.01220703125, 0.01220703125, 0.01214599609375, 0.01214599609375, 0.0120849609375, 0.011962890625, 0.01190185546875, 0.0118408203125, 0.0118408203125, 0.01177978515625, 0.01177978515625, 0.01177978515625, 0.01171875, 0.01165771484375, 0.0115966796875, 0.01153564453125, 0.01141357421875], "inds": [[1001, 53], [972, 106], [20, 34], [319, 50], [1219, 12], [512, 109], [106, 121], [43, 89], [948, 121], [609, 267], [1492, 101], [435, 175], [27, 257], [1382, 183], [43, 65], [1887, 136], [1432, 196], [1299, 34], [1432, 191], [86, 93], [43, 92], [1219, 47], [1747, 33], [949, 152], [645, 297], [1432, 186], [293, 87], [590, 257], [1639, 104], [702, 55], [1897, 135], [1180, 148], [1253, 120], [634, 240], [1303, 123], [1489, 95], [1726, 72], [1092, 26], [702, 78], [1880, 40], [677, 31], [1582, 29], [996, 42], [1566, 52], [972, 111], [1035, 23], [1339, 61], [753, 21], [1588, 42], [391, 70], [1794, 50], [818, 23], [1285, 21], [1904, 93], [583, 247], [325, 29], [1614, 61], [818, 24], [1158, 16], [1225, 44], [289, 217], [271, 86], [1966, 23], [1724, 18], [1752, 39], [1225, 28], [134, 47], [933, 69], [512, 97], [1395, 16], [483, 16], [53, 15], [933, 61], [1322, 75], [556, 66], [985, 33], [1314, 54], [1600, 20], [1614, 202], [1079, 24], [1285, 27], [1611, 72], [1792, 93], [268, 72], [391, 60], [1983, 141], [609, 194], [971, 50], [406, 257], [149, 179], [1254, 17], [528, 150], [1502, 218], [43, 116], [1103, 34], [618, 157], [1532, 138], [1410, 48], [103, 147], [167, 18]], "mean": 7.534027099609375e-05}