{"vals": [0.181640625, 0.173828125, 0.12158203125, 0.10009765625, 0.0849609375, 0.0546875, 0.050048828125, 0.049560546875, 0.0478515625, 0.03369140625, 0.032958984375, 0.032470703125, 0.0306396484375, 0.0299072265625, 0.0283203125, 0.0281982421875, 0.027099609375, 0.0263671875, 0.026123046875, 0.0257568359375, 0.0247802734375, 0.0238037109375, 0.023681640625, 0.0235595703125, 0.0225830078125, 0.0223388671875, 0.02197265625, 0.021484375, 0.0213623046875, 0.0206298828125, 0.0203857421875, 0.0203857421875, 0.0201416015625, 0.01904296875, 0.0185546875, 0.0179443359375, 0.017822265625, 0.0174560546875, 0.01708984375, 0.0169677734375, 0.0169677734375, 0.0166015625, 0.01611328125, 0.015869140625, 0.0157470703125, 0.0157470703125, 0.0155029296875, 0.01519775390625, 0.01507568359375, 0.01495361328125, 0.0145263671875, 0.01422119140625, 0.01409912109375, 0.013671875, 0.0135498046875, 0.01336669921875, 0.01324462890625, 0.012939453125, 0.01263427734375, 0.01263427734375, 0.01263427734375, 0.0125732421875, 0.01239013671875, 0.0123291015625, 0.01226806640625, 0.01214599609375, 0.01214599609375, 0.01141357421875, 0.0113525390625, 0.01129150390625, 0.01129150390625, 0.01116943359375, 0.01116943359375, 0.0111083984375, 0.0111083984375, 0.01104736328125, 0.010986328125, 0.01092529296875, 0.0108642578125, 0.01080322265625, 0.0107421875, 0.0107421875, 0.01068115234375, 0.01055908203125, 0.010498046875, 0.01043701171875, 0.01031494140625, 0.010009765625, 0.00994873046875, 0.00994873046875, 0.00994873046875, 0.0098876953125, 0.0098876953125, 0.0098876953125, 0.009765625, 0.00970458984375, 0.00958251953125, 0.009521484375, 0.00946044921875, 0.00946044921875], "inds": [[972, 106], [319, 50], [528, 169], [20, 34], [1291, 28], [1880, 40], [679, 21], [1724, 82], [1001, 53], [645, 282], [903, 64], [1273, 42], [1792, 93], [1904, 57], [1904, 79], [289, 242], [195, 15], [1284, 116], [645, 297], [1887, 136], [948, 121], [268, 72], [933, 69], [609, 267], [367, 23], [1822, 184], [406, 257], [87, 204], [43, 116], [543, 193], [753, 21], [106, 137], [1219, 12], [1843, 62], [590, 224], [1726, 72], [149, 179], [319, 92], [625, 45], [93, 20], [1390, 184], [1983, 78], [590, 240], [268, 87], [952, 91], [543, 64], [948, 46], [302, 205], [1962, 65], [1410, 48], [702, 55], [645, 194], [1859, 27], [905, 129], [1382, 183], [1904, 52], [1141, 41], [670, 260], [216, 195], [845, 293], [1208, 45], [1101, 52], [837, 24], [667, 127], [1101, 88], [903, 85], [329, 225], [817, 68], [1204, 21], [1202, 239], [1021, 17], [1748, 169], [1724, 18], [952, 170], [1409, 160], [1882, 18], [1600, 20], [149, 102], [293, 87], [1611, 72], [35, 83], [69, 84], [35, 79], [971, 50], [404, 177], [1100, 50], [1960, 14], [1452, 238], [1588, 42], [1253, 117], [677, 31], [963, 124], [216, 192], [1045, 25], [435, 175], [926, 145], [349, 236], [47, 26], [714, 237], [748, 159]], "mean": 5.173683166503906e-05}