{"vals": [4.0, 1.25, 0.87890625, 0.6796875, 0.51171875, 0.390625, 0.3828125, 0.26171875, 0.259765625, 0.251953125, 0.244140625, 0.236328125, 0.2236328125, 0.2109375, 0.20703125, 0.1728515625, 0.162109375, 0.1591796875, 0.158203125, 0.140625, 0.1318359375, 0.1279296875, 0.126953125, 0.126953125, 0.1259765625, 0.11865234375, 0.1181640625, 0.11083984375, 0.1103515625, 0.1103515625, 0.10302734375, 0.09814453125, 0.0966796875, 0.09619140625, 0.095703125, 0.09423828125, 0.0908203125, 0.08935546875, 0.08935546875, 0.08837890625, 0.08642578125, 0.08349609375, 0.0830078125, 0.08203125, 0.08056640625, 0.07763671875, 0.07568359375, 0.07470703125, 0.07373046875, 0.0732421875, 0.072265625, 0.07177734375, 0.0712890625, 0.06982421875, 0.068359375, 0.06787109375, 0.0673828125, 0.06689453125, 0.06640625, 0.06494140625, 0.0634765625, 0.0625, 0.0615234375, 0.0595703125, 0.05908203125, 0.056396484375, 0.05615234375, 0.055419921875, 0.055419921875, 0.0546875, 0.0546875, 0.05419921875, 0.05419921875, 0.05419921875, 0.05419921875, 0.05419921875, 0.053955078125, 0.0537109375, 0.053466796875, 0.052978515625, 0.0517578125, 0.05029296875, 0.049560546875, 0.049560546875, 0.04931640625, 0.04931640625, 0.049072265625, 0.048583984375, 0.048583984375, 0.0478515625, 0.04736328125, 0.046142578125, 0.0458984375, 0.0458984375, 0.044921875, 0.044921875, 0.044677734375, 0.04443359375, 0.044189453125, 0.043701171875], "inds": [[1001, 53], [1284, 116], [106, 121], [1614, 202], [1382, 183], [512, 109], [972, 106], [1299, 34], [905, 129], [543, 64], [1202, 239], [1962, 65], [1341, 28], [20, 34], [818, 24], [1371, 40], [271, 86], [319, 50], [1371, 131], [1314, 54], [1280, 21], [1284, 171], [268, 51], [543, 62], [1141, 32], [826, 105], [818, 115], [1691, 130], [1128, 40], [1253, 120], [1708, 49], [479, 17], [858, 19], [1792, 93], [1421, 167], [892, 79], [1303, 170], [1996, 45], [1955, 59], [1101, 52], [1092, 26], [1128, 92], [1983, 145], [818, 23], [543, 61], [1225, 44], [27, 257], [204, 69], [329, 225], [1830, 17], [1291, 28], [1904, 79], [1614, 241], [1929, 64], [435, 175], [1890, 172], [1843, 62], [948, 69], [1, 16], [1284, 72], [1748, 255], [963, 51], [1566, 52], [1299, 31], [868, 60], [1748, 268], [1748, 239], [349, 43], [1768, 32], [1658, 23], [1748, 181], [299, 191], [149, 179], [645, 282], [1724, 82], [298, 36], [862, 55], [1078, 113], [1284, 74], [1109, 26], [330, 159], [1233, 61], [1322, 251], [837, 24], [948, 121], [1620, 149], [1614, 203], [299, 192], [1529, 279], [513, 260], [528, 150], [1284, 208], [948, 44], [1322, 75], [625, 45], [1639, 104], [1904, 50], [644, 22], [1770, 32], [1904, 57]], "mean": 0.00014019012451171875}