{"vals": [0.8203125, 0.73046875, 0.2314453125, 0.2294921875, 0.2060546875, 0.19921875, 0.197265625, 0.150390625, 0.1318359375, 0.12890625, 0.12255859375, 0.11572265625, 0.11279296875, 0.10595703125, 0.10546875, 0.10205078125, 0.10205078125, 0.1015625, 0.09228515625, 0.09130859375, 0.087890625, 0.0869140625, 0.08349609375, 0.08154296875, 0.078125, 0.07763671875, 0.07666015625, 0.07373046875, 0.07373046875, 0.072265625, 0.06982421875, 0.068359375, 0.06689453125, 0.06689453125, 0.06640625, 0.06591796875, 0.0634765625, 0.06201171875, 0.05810546875, 0.055908203125, 0.0556640625, 0.05517578125, 0.054931640625, 0.053955078125, 0.05322265625, 0.052734375, 0.052001953125, 0.049560546875, 0.046630859375, 0.046630859375, 0.044677734375, 0.043701171875, 0.04296875, 0.04296875, 0.042724609375, 0.0419921875, 0.04052734375, 0.038818359375, 0.03857421875, 0.037841796875, 0.037109375, 0.036865234375, 0.03515625, 0.034423828125, 0.033935546875, 0.033935546875, 0.033935546875, 0.03369140625, 0.033447265625, 0.03271484375, 0.032470703125, 0.0322265625, 0.0322265625, 0.031982421875, 0.031982421875, 0.03173828125, 0.03173828125, 0.03173828125, 0.0308837890625, 0.03076171875, 0.030517578125, 0.030517578125, 0.030517578125, 0.030517578125, 0.0302734375, 0.0299072265625, 0.0299072265625, 0.02978515625, 0.02978515625, 0.0296630859375, 0.0296630859375, 0.029296875, 0.029296875, 0.029296875, 0.0291748046875, 0.0286865234375, 0.0281982421875, 0.028076171875, 0.0274658203125, 0.027099609375], "inds": [[106, 121], [1284, 116], [20, 34], [1382, 183], [1614, 202], [1314, 54], [972, 106], [1371, 40], [1219, 12], [1202, 239], [512, 109], [1341, 28], [1792, 93], [1904, 57], [1, 16], [996, 42], [271, 86], [435, 175], [1128, 40], [1141, 32], [1890, 187], [1410, 48], [1128, 92], [818, 23], [350, 36], [892, 79], [905, 129], [677, 31], [1092, 26], [1101, 52], [43, 92], [1890, 172], [858, 19], [985, 18], [818, 24], [1639, 104], [1421, 167], [1284, 171], [1371, 78], [543, 64], [948, 69], [1109, 26], [1724, 18], [670, 260], [862, 55], [1904, 79], [1566, 52], [948, 44], [645, 289], [1180, 134], [645, 282], [204, 69], [256, 35], [948, 121], [1206, 26], [1588, 128], [716, 246], [818, 115], [1983, 145], [1225, 44], [435, 202], [1620, 149], [302, 64], [1291, 28], [330, 159], [1887, 129], [1035, 23], [349, 43], [1927, 268], [644, 22], [585, 24], [1996, 45], [1897, 135], [268, 51], [1284, 72], [1887, 136], [1299, 34], [1167, 19], [1982, 18], [1284, 74], [1208, 51], [1991, 48], [1782, 55], [1929, 64], [1792, 176], [106, 94], [985, 33], [325, 37], [651, 268], [349, 45], [1180, 148], [826, 105], [1955, 59], [1020, 68], [1280, 21], [302, 89], [716, 230], [299, 191], [1284, 208], [1225, 190]], "mean": 9.489059448242188e-05}