{"vals": [0.33984375, 0.33984375, 0.197265625, 0.1591796875, 0.1220703125, 0.11865234375, 0.10693359375, 0.1025390625, 0.0927734375, 0.08544921875, 0.0732421875, 0.06884765625, 0.06787109375, 0.06396484375, 0.05224609375, 0.05126953125, 0.05029296875, 0.049560546875, 0.044677734375, 0.04345703125, 0.04296875, 0.04296875, 0.042236328125, 0.03759765625, 0.037353515625, 0.03564453125, 0.034912109375, 0.034912109375, 0.033447265625, 0.032958984375, 0.0296630859375, 0.0274658203125, 0.02734375, 0.0272216796875, 0.02685546875, 0.025390625, 0.0245361328125, 0.0240478515625, 0.02392578125, 0.0233154296875, 0.023193359375, 0.02294921875, 0.0223388671875, 0.0218505859375, 0.0218505859375, 0.021240234375, 0.0211181640625, 0.0206298828125, 0.0205078125, 0.0205078125, 0.0196533203125, 0.0196533203125, 0.018310546875, 0.0179443359375, 0.0177001953125, 0.0177001953125, 0.0174560546875, 0.0174560546875, 0.0174560546875, 0.017333984375, 0.0169677734375, 0.0169677734375, 0.0169677734375, 0.0167236328125, 0.0164794921875, 0.0162353515625, 0.01611328125, 0.0159912109375, 0.015869140625, 0.0157470703125, 0.0152587890625, 0.0152587890625, 0.01507568359375, 0.01495361328125, 0.01483154296875, 0.01458740234375, 0.014404296875, 0.0142822265625, 0.01409912109375, 0.013671875, 0.0135498046875, 0.0135498046875, 0.013427734375, 0.01336669921875, 0.01336669921875, 0.01324462890625, 0.01324462890625, 0.01287841796875, 0.0125732421875, 0.012451171875, 0.012451171875, 0.01239013671875, 0.0120849609375, 0.01190185546875, 0.0118408203125, 0.01171875, 0.01165771484375, 0.0115966796875, 0.011474609375, 0.0113525390625], "inds": [[609, 267], [972, 106], [818, 24], [20, 34], [543, 64], [1962, 65], [319, 50], [391, 70], [1202, 254], [1141, 32], [818, 23], [1101, 52], [815, 73], [149, 102], [543, 62], [106, 121], [1614, 202], [435, 175], [1897, 135], [905, 129], [681, 51], [1001, 53], [645, 194], [670, 260], [1703, 232], [480, 20], [875, 20], [543, 61], [391, 60], [651, 100], [528, 169], [1341, 28], [1314, 54], [391, 69], [149, 131], [948, 41], [1205, 156], [589, 126], [1843, 62], [1284, 116], [43, 92], [299, 191], [1708, 49], [1409, 160], [299, 192], [1267, 156], [1208, 51], [1926, 139], [645, 297], [716, 246], [589, 125], [1880, 40], [1614, 61], [27, 257], [391, 68], [1068, 33], [1371, 40], [815, 69], [683, 26], [651, 223], [1280, 21], [1966, 23], [5, 41], [167, 18], [892, 81], [609, 97], [256, 35], [271, 86], [1074, 275], [815, 71], [1421, 167], [903, 64], [862, 55], [1521, 216], [1180, 148], [881, 299], [528, 150], [1521, 191], [106, 94], [556, 66], [887, 19], [1752, 39], [53, 18], [1253, 120], [1298, 53], [1343, 35], [1141, 35], [826, 105], [435, 202], [1913, 72], [137, 183], [903, 84], [1927, 268], [533, 18], [1180, 240], [1382, 183], [1897, 163], [1303, 157], [1748, 272], [1521, 199]], "mean": 6.818771362304688e-05}