{"vals": [0.185546875, 0.14453125, 0.142578125, 0.10693359375, 0.10205078125, 0.09619140625, 0.083984375, 0.07470703125, 0.06494140625, 0.062255859375, 0.060302734375, 0.06005859375, 0.05712890625, 0.0556640625, 0.05322265625, 0.05126953125, 0.05029296875, 0.0458984375, 0.044189453125, 0.0439453125, 0.042724609375, 0.04052734375, 0.03955078125, 0.039306640625, 0.03564453125, 0.035400390625, 0.0341796875, 0.033935546875, 0.032470703125, 0.0322265625, 0.03173828125, 0.03076171875, 0.0301513671875, 0.0281982421875, 0.0279541015625, 0.0272216796875, 0.0264892578125, 0.0264892578125, 0.0257568359375, 0.025390625, 0.0252685546875, 0.025146484375, 0.0238037109375, 0.023681640625, 0.0233154296875, 0.02294921875, 0.022705078125, 0.022705078125, 0.0224609375, 0.022216796875, 0.021728515625, 0.021728515625, 0.021484375, 0.021240234375, 0.021240234375, 0.02099609375, 0.0208740234375, 0.0208740234375, 0.0205078125, 0.020263671875, 0.0201416015625, 0.02001953125, 0.0194091796875, 0.018798828125, 0.0186767578125, 0.0186767578125, 0.0184326171875, 0.0184326171875, 0.0181884765625, 0.01806640625, 0.017578125, 0.0174560546875, 0.0174560546875, 0.0174560546875, 0.0174560546875, 0.0166015625, 0.0164794921875, 0.0159912109375, 0.0159912109375, 0.01531982421875, 0.0147705078125, 0.014404296875, 0.01422119140625, 0.01409912109375, 0.01397705078125, 0.01397705078125, 0.013916015625, 0.01385498046875, 0.0137939453125, 0.013427734375, 0.01318359375, 0.0126953125, 0.012451171875, 0.01239013671875, 0.01239013671875, 0.0123291015625, 0.01226806640625, 0.01214599609375, 0.0120849609375, 0.0118408203125], "inds": [[1284, 116], [391, 70], [20, 34], [818, 24], [543, 64], [905, 129], [609, 267], [818, 23], [858, 19], [590, 240], [1382, 183], [512, 109], [1101, 52], [1708, 49], [391, 60], [590, 257], [972, 111], [1914, 202], [27, 257], [543, 62], [391, 69], [1253, 120], [1726, 72], [644, 22], [625, 45], [271, 188], [391, 68], [289, 242], [1614, 202], [1001, 53], [1103, 246], [543, 61], [1962, 65], [926, 281], [1280, 21], [43, 92], [1904, 79], [1299, 34], [1859, 27], [35, 79], [862, 72], [268, 51], [645, 289], [634, 240], [1371, 131], [1371, 40], [733, 269], [1272, 241], [149, 218], [556, 66], [1843, 62], [289, 127], [1887, 129], [677, 31], [1914, 149], [670, 260], [319, 50], [5, 41], [1314, 54], [293, 87], [948, 121], [1611, 72], [716, 230], [1208, 45], [1722, 192], [106, 117], [149, 179], [43, 65], [1219, 12], [1141, 32], [1904, 57], [609, 194], [972, 106], [1614, 61], [1443, 26], [1564, 129], [733, 278], [1479, 173], [298, 36], [1141, 41], [1748, 268], [449, 50], [1205, 156], [971, 50], [463, 126], [949, 152], [1284, 171], [1410, 48], [543, 193], [512, 97], [1732, 117], [609, 211], [748, 294], [290, 295], [60, 19], [1141, 35], [1874, 290], [134, 177], [1748, 239], [1173, 258]], "mean": 6.628036499023438e-05}