{"vals": [0.34765625, 0.302734375, 0.267578125, 0.10986328125, 0.10546875, 0.09423828125, 0.09375, 0.09375, 0.0927734375, 0.08984375, 0.08935546875, 0.0888671875, 0.087890625, 0.08056640625, 0.06494140625, 0.0625, 0.059814453125, 0.056640625, 0.0546875, 0.053955078125, 0.050537109375, 0.050048828125, 0.049560546875, 0.04736328125, 0.045654296875, 0.0419921875, 0.041748046875, 0.04052734375, 0.038818359375, 0.037353515625, 0.033935546875, 0.03369140625, 0.032958984375, 0.032958984375, 0.0322265625, 0.0306396484375, 0.0299072265625, 0.0283203125, 0.02783203125, 0.027587890625, 0.02734375, 0.026611328125, 0.0262451171875, 0.02587890625, 0.02587890625, 0.0257568359375, 0.0252685546875, 0.025146484375, 0.02490234375, 0.0247802734375, 0.0244140625, 0.0240478515625, 0.0238037109375, 0.0238037109375, 0.0233154296875, 0.0224609375, 0.021728515625, 0.021240234375, 0.02099609375, 0.020751953125, 0.020263671875, 0.0201416015625, 0.02001953125, 0.0198974609375, 0.0198974609375, 0.019775390625, 0.0196533203125, 0.0189208984375, 0.0189208984375, 0.0186767578125, 0.0184326171875, 0.018310546875, 0.0181884765625, 0.0179443359375, 0.0179443359375, 0.017822265625, 0.017822265625, 0.017578125, 0.017578125, 0.017578125, 0.0174560546875, 0.017333984375, 0.017333984375, 0.0172119140625, 0.0172119140625, 0.0172119140625, 0.01708984375, 0.0169677734375, 0.0164794921875, 0.01611328125, 0.01611328125, 0.015869140625, 0.015869140625, 0.0157470703125, 0.015625, 0.01556396484375, 0.01556396484375, 0.01544189453125, 0.015380859375, 0.01531982421875], "inds": [[289, 242], [149, 240], [391, 70], [645, 289], [512, 109], [293, 87], [1826, 61], [1287, 245], [1382, 183], [391, 69], [645, 282], [391, 68], [1614, 202], [768, 49], [590, 240], [1443, 26], [1602, 25], [972, 106], [1227, 126], [948, 121], [1409, 160], [307, 240], [149, 102], [1101, 52], [667, 297], [149, 131], [1880, 40], [1038, 85], [634, 240], [905, 129], [1287, 246], [1887, 136], [681, 51], [903, 64], [1202, 239], [1038, 83], [618, 170], [590, 257], [543, 64], [20, 34], [222, 128], [301, 19], [391, 67], [1045, 97], [106, 117], [677, 31], [512, 97], [1708, 49], [391, 60], [302, 205], [1611, 171], [412, 114], [149, 179], [271, 188], [815, 57], [1702, 55], [846, 81], [1479, 173], [1628, 239], [1371, 131], [134, 177], [255, 149], [846, 19], [391, 258], [1914, 202], [149, 218], [609, 172], [27, 257], [1227, 150], [1502, 13], [721, 189], [1962, 65], [1843, 62], [149, 270], [1227, 122], [149, 147], [1103, 246], [319, 50], [319, 92], [307, 242], [1025, 203], [1926, 65], [1440, 100], [667, 296], [255, 64], [459, 279], [1890, 172], [1382, 228], [27, 252], [1888, 194], [1284, 208], [1904, 93], [625, 45], [1433, 141], [222, 60], [670, 260], [826, 105], [107, 218], [877, 82], [391, 66]], "mean": 7.82012939453125e-05}