{"vals": [0.2119140625, 0.1640625, 0.1025390625, 0.07958984375, 0.0712890625, 0.0654296875, 0.0615234375, 0.0576171875, 0.055419921875, 0.050048828125, 0.048828125, 0.0400390625, 0.03759765625, 0.035400390625, 0.034423828125, 0.0311279296875, 0.0289306640625, 0.0283203125, 0.0279541015625, 0.02685546875, 0.0250244140625, 0.024658203125, 0.0230712890625, 0.02294921875, 0.021728515625, 0.0211181640625, 0.020751953125, 0.0205078125, 0.0194091796875, 0.0194091796875, 0.019287109375, 0.0191650390625, 0.0184326171875, 0.018310546875, 0.0179443359375, 0.0172119140625, 0.0167236328125, 0.0166015625, 0.0164794921875, 0.0164794921875, 0.0164794921875, 0.01611328125, 0.015869140625, 0.015869140625, 0.015625, 0.0147705078125, 0.0147705078125, 0.01458740234375, 0.01458740234375, 0.014404296875, 0.0142822265625, 0.01416015625, 0.01416015625, 0.0137939453125, 0.01373291015625, 0.01373291015625, 0.01348876953125, 0.012939453125, 0.01287841796875, 0.01263427734375, 0.01263427734375, 0.0120849609375, 0.01202392578125, 0.011962890625, 0.01190185546875, 0.01171875, 0.0113525390625, 0.01104736328125, 0.01092529296875, 0.0108642578125, 0.0106201171875, 0.010498046875, 0.01025390625, 0.0101318359375, 0.01007080078125, 0.010009765625, 0.009765625, 0.00958251953125, 0.00927734375, 0.0089111328125, 0.00885009765625, 0.00885009765625, 0.0087890625, 0.00872802734375, 0.00872802734375, 0.0086669921875, 0.00836181640625, 0.00823974609375, 0.008056640625, 0.008056640625, 0.0076904296875, 0.00762939453125, 0.007537841796875, 0.007537841796875, 0.007415771484375, 0.00732421875, 0.007232666015625, 0.007171630859375, 0.00701904296875, 0.0068359375], "inds": [[972, 106], [1001, 53], [609, 267], [512, 109], [1479, 173], [20, 34], [543, 64], [905, 129], [1101, 52], [319, 50], [1614, 202], [106, 121], [289, 242], [149, 179], [1897, 135], [818, 23], [149, 270], [149, 289], [1792, 93], [1202, 254], [302, 205], [543, 62], [1266, 299], [1843, 62], [948, 121], [1201, 100], [1726, 72], [1904, 79], [1443, 26], [1962, 65], [289, 287], [391, 70], [1708, 49], [645, 297], [453, 84], [903, 64], [543, 61], [293, 87], [1747, 33], [1421, 167], [645, 282], [609, 211], [1284, 116], [677, 31], [1141, 32], [268, 51], [818, 24], [735, 262], [556, 66], [670, 260], [996, 42], [1303, 171], [43, 65], [609, 172], [106, 94], [58, 154], [1219, 12], [1904, 57], [528, 150], [1227, 126], [1208, 45], [813, 70], [852, 231], [330, 159], [319, 113], [768, 35], [289, 286], [1614, 61], [1035, 23], [1991, 48], [1280, 21], [634, 267], [298, 36], [1377, 38], [528, 169], [1103, 246], [753, 21], [106, 117], [1291, 28], [1208, 51], [1748, 268], [1732, 117], [1382, 183], [302, 292], [319, 92], [590, 257], [512, 97], [479, 17], [97, 63], [644, 22], [1069, 106], [1069, 203], [1897, 163], [5, 41], [1314, 54], [1752, 39], [330, 116], [625, 45], [1202, 239], [1624, 190]], "mean": 4.172325134277344e-05}