{"vals": [0.26171875, 0.2431640625, 0.146484375, 0.10693359375, 0.10546875, 0.07177734375, 0.059814453125, 0.05908203125, 0.05859375, 0.047607421875, 0.04443359375, 0.044189453125, 0.04052734375, 0.03466796875, 0.0306396484375, 0.029541015625, 0.0283203125, 0.02783203125, 0.02685546875, 0.0252685546875, 0.023681640625, 0.0228271484375, 0.022216796875, 0.020263671875, 0.0201416015625, 0.019775390625, 0.01953125, 0.019287109375, 0.019287109375, 0.0191650390625, 0.01806640625, 0.0174560546875, 0.0174560546875, 0.0166015625, 0.0157470703125, 0.01513671875, 0.01513671875, 0.01416015625, 0.01416015625, 0.013916015625, 0.01348876953125, 0.01324462890625, 0.0128173828125, 0.0125732421875, 0.0123291015625, 0.01226806640625, 0.01220703125, 0.01214599609375, 0.0120849609375, 0.01141357421875, 0.01129150390625, 0.01092529296875, 0.01055908203125, 0.01043701171875, 0.01043701171875, 0.01031494140625, 0.0101318359375, 0.01007080078125, 0.0089111328125, 0.00885009765625, 0.008544921875, 0.00836181640625, 0.00836181640625, 0.0081787109375, 0.00811767578125, 0.00811767578125, 0.008056640625, 0.0079345703125, 0.0078125, 0.007720947265625, 0.00726318359375, 0.0072021484375, 0.007080078125, 0.007049560546875, 0.00701904296875, 0.0069580078125, 0.00689697265625, 0.00689697265625, 0.0068359375, 0.00677490234375, 0.006744384765625, 0.006744384765625, 0.006744384765625, 0.0067138671875, 0.006683349609375, 0.00665283203125, 0.006561279296875, 0.00653076171875, 0.0064697265625, 0.00628662109375, 0.006256103515625, 0.006256103515625, 0.006256103515625, 0.00616455078125, 0.00616455078125, 0.006103515625, 0.006072998046875, 0.005889892578125, 0.005859375, 0.005828857421875], "inds": [[1614, 202], [972, 106], [905, 129], [106, 121], [1001, 53], [149, 179], [1101, 52], [512, 109], [543, 64], [609, 267], [1421, 167], [1202, 239], [20, 34], [645, 297], [1843, 62], [818, 23], [1703, 232], [556, 66], [349, 223], [625, 45], [1726, 72], [543, 62], [1792, 93], [948, 121], [1284, 116], [302, 292], [818, 24], [391, 70], [670, 260], [1284, 171], [319, 50], [1614, 203], [677, 31], [813, 70], [543, 61], [299, 191], [106, 117], [590, 257], [435, 175], [1205, 156], [1443, 26], [299, 192], [1823, 128], [528, 150], [1219, 12], [1204, 92], [609, 211], [1708, 49], [1202, 254], [359, 117], [568, 220], [1747, 33], [289, 242], [1382, 183], [1732, 117], [435, 202], [1822, 129], [1202, 164], [35, 79], [149, 102], [1322, 251], [256, 35], [302, 205], [667, 148], [788, 84], [826, 224], [178, 66], [5, 41], [1897, 135], [679, 21], [149, 240], [589, 189], [330, 159], [1748, 268], [1897, 163], [1639, 104], [43, 92], [1748, 95], [1266, 299], [1691, 65], [268, 51], [1380, 22], [298, 219], [1275, 71], [579, 88], [1180, 267], [43, 89], [1208, 45], [735, 262], [826, 105], [1732, 275], [645, 282], [1792, 102], [406, 196], [528, 169], [1299, 31], [1188, 111], [1796, 247], [299, 130], [1532, 138]], "mean": 3.743171691894531e-05}