{"vals": [0.341796875, 0.26953125, 0.2177734375, 0.1953125, 0.1552734375, 0.07666015625, 0.058837890625, 0.05859375, 0.05419921875, 0.0517578125, 0.04833984375, 0.04443359375, 0.044189453125, 0.044189453125, 0.043701171875, 0.038818359375, 0.0380859375, 0.03564453125, 0.03173828125, 0.03125, 0.03125, 0.0302734375, 0.0299072265625, 0.0291748046875, 0.0291748046875, 0.028076171875, 0.027587890625, 0.027099609375, 0.026123046875, 0.026123046875, 0.025390625, 0.0252685546875, 0.025146484375, 0.0245361328125, 0.0245361328125, 0.0230712890625, 0.0225830078125, 0.0223388671875, 0.0206298828125, 0.0206298828125, 0.0206298828125, 0.018798828125, 0.0184326171875, 0.0184326171875, 0.01806640625, 0.01806640625, 0.0179443359375, 0.017822265625, 0.017822265625, 0.0177001953125, 0.0177001953125, 0.0167236328125, 0.0166015625, 0.0166015625, 0.0164794921875, 0.016357421875, 0.0162353515625, 0.0162353515625, 0.015869140625, 0.0157470703125, 0.01556396484375, 0.01544189453125, 0.0152587890625, 0.014892578125, 0.0146484375, 0.0146484375, 0.01458740234375, 0.01458740234375, 0.0145263671875, 0.01446533203125, 0.01446533203125, 0.01422119140625, 0.0140380859375, 0.0140380859375, 0.0140380859375, 0.013916015625, 0.0137939453125, 0.01373291015625, 0.0135498046875, 0.0128173828125, 0.01251220703125, 0.0123291015625, 0.011962890625, 0.01165771484375, 0.01165771484375, 0.01165771484375, 0.01141357421875, 0.0113525390625, 0.01123046875, 0.01116943359375, 0.0111083984375, 0.0111083984375, 0.010986328125, 0.01080322265625, 0.01080322265625, 0.01080322265625, 0.01068115234375, 0.01055908203125, 0.01043701171875, 0.0103759765625], "inds": [[1284, 116], [106, 121], [972, 106], [20, 34], [512, 109], [1382, 183], [948, 121], [268, 51], [1101, 52], [391, 70], [1314, 54], [1291, 28], [858, 19], [1443, 26], [1614, 202], [1904, 57], [905, 129], [1253, 120], [1284, 171], [1708, 49], [818, 23], [106, 117], [1421, 167], [590, 257], [149, 179], [681, 51], [1141, 32], [1887, 129], [298, 36], [1897, 135], [609, 211], [1208, 45], [1205, 156], [1208, 51], [1639, 104], [1035, 23], [1658, 23], [1371, 40], [1299, 34], [289, 242], [590, 240], [1890, 187], [329, 225], [1792, 93], [1371, 131], [1275, 71], [528, 169], [963, 51], [528, 150], [670, 260], [985, 33], [1069, 125], [60, 19], [1280, 21], [855, 206], [1822, 129], [435, 175], [1564, 129], [330, 159], [93, 20], [1774, 51], [299, 191], [841, 25], [1748, 268], [299, 192], [609, 267], [53, 18], [818, 24], [926, 49], [609, 172], [543, 64], [1341, 28], [1843, 62], [1069, 106], [349, 45], [1639, 102], [948, 53], [1275, 115], [271, 86], [1748, 169], [5, 41], [1032, 41], [349, 223], [1724, 82], [1284, 168], [826, 105], [1382, 157], [644, 22], [1001, 53], [1298, 68], [293, 87], [818, 107], [855, 167], [885, 62], [1996, 45], [1225, 28], [321, 289], [845, 286], [903, 64], [1726, 72]], "mean": 4.3392181396484375e-05}