{"vals": [0.97265625, 0.66015625, 0.62890625, 0.4921875, 0.3984375, 0.3359375, 0.310546875, 0.30859375, 0.263671875, 0.2119140625, 0.201171875, 0.17578125, 0.1669921875, 0.166015625, 0.1611328125, 0.150390625, 0.107421875, 0.1064453125, 0.103515625, 0.10205078125, 0.1015625, 0.09228515625, 0.08935546875, 0.083984375, 0.08203125, 0.0810546875, 0.08056640625, 0.080078125, 0.080078125, 0.076171875, 0.07568359375, 0.0751953125, 0.07177734375, 0.07177734375, 0.07177734375, 0.07177734375, 0.07177734375, 0.0712890625, 0.06982421875, 0.068359375, 0.0673828125, 0.06689453125, 0.06689453125, 0.06298828125, 0.0625, 0.0625, 0.0615234375, 0.06103515625, 0.058837890625, 0.05859375, 0.056884765625, 0.055908203125, 0.0556640625, 0.05517578125, 0.05419921875, 0.053466796875, 0.053466796875, 0.05322265625, 0.05224609375, 0.052001953125, 0.052001953125, 0.05126953125, 0.051025390625, 0.05029296875, 0.049072265625, 0.048095703125, 0.048095703125, 0.047607421875, 0.047119140625, 0.047119140625, 0.046875, 0.045654296875, 0.045654296875, 0.044677734375, 0.04443359375, 0.043212890625, 0.04296875, 0.042724609375, 0.04248046875, 0.04150390625, 0.04150390625, 0.041259765625, 0.041259765625, 0.041015625, 0.040771484375, 0.0390625, 0.0390625, 0.038818359375, 0.03857421875, 0.0380859375, 0.0380859375, 0.037841796875, 0.03759765625, 0.036865234375, 0.036865234375, 0.036865234375, 0.0361328125, 0.035888671875, 0.035888671875, 0.03564453125], "inds": [[319, 50], [1001, 53], [20, 34], [948, 121], [27, 257], [609, 267], [1443, 26], [972, 106], [435, 91], [1991, 48], [818, 24], [1341, 28], [1421, 167], [905, 129], [677, 31], [1253, 120], [1475, 109], [1497, 272], [293, 87], [1792, 93], [1996, 37], [1409, 160], [1890, 187], [1859, 27], [315, 17], [298, 36], [1275, 71], [813, 70], [1432, 196], [609, 211], [1431, 40], [1371, 78], [330, 163], [996, 42], [818, 23], [670, 260], [1951, 54], [1792, 105], [681, 51], [1904, 79], [1904, 52], [1101, 52], [1258, 12], [1703, 232], [1739, 31], [1794, 50], [20, 16], [768, 35], [948, 41], [1904, 57], [1890, 172], [268, 87], [1432, 191], [1691, 89], [963, 124], [302, 205], [60, 19], [53, 18], [1677, 25], [1227, 126], [1382, 198], [1371, 40], [106, 117], [1382, 183], [1432, 186], [1022, 41], [1035, 23], [1719, 18], [1493, 30], [1410, 48], [1966, 23], [1377, 38], [148, 58], [27, 252], [1273, 42], [1639, 125], [1382, 228], [1382, 143], [765, 53], [868, 60], [103, 252], [681, 61], [268, 60], [512, 109], [140, 25], [1996, 45], [892, 272], [1280, 21], [391, 70], [356, 32], [1600, 20], [1927, 230], [1691, 130], [1141, 41], [1208, 45], [268, 51], [67, 23], [43, 89], [1103, 246], [862, 55]], "mean": 0.0002117156982421875}