{"vals": [0.54296875, 0.45703125, 0.421875, 0.357421875, 0.34375, 0.2734375, 0.24609375, 0.2314453125, 0.2109375, 0.1953125, 0.1708984375, 0.138671875, 0.12353515625, 0.12353515625, 0.12060546875, 0.099609375, 0.09326171875, 0.08349609375, 0.07470703125, 0.07421875, 0.07177734375, 0.0673828125, 0.0654296875, 0.06494140625, 0.06396484375, 0.060546875, 0.060302734375, 0.059814453125, 0.05712890625, 0.05712890625, 0.056884765625, 0.055908203125, 0.0556640625, 0.0537109375, 0.053466796875, 0.053466796875, 0.05029296875, 0.04833984375, 0.047607421875, 0.04736328125, 0.045166015625, 0.044921875, 0.044677734375, 0.042236328125, 0.0400390625, 0.0390625, 0.038818359375, 0.037353515625, 0.036865234375, 0.036865234375, 0.036865234375, 0.03662109375, 0.03662109375, 0.0361328125, 0.03564453125, 0.03515625, 0.03515625, 0.034912109375, 0.033935546875, 0.033203125, 0.03271484375, 0.032470703125, 0.0322265625, 0.031982421875, 0.03173828125, 0.0308837890625, 0.03076171875, 0.0299072265625, 0.029541015625, 0.0279541015625, 0.02783203125, 0.02734375, 0.02734375, 0.02734375, 0.0269775390625, 0.0269775390625, 0.0263671875, 0.02587890625, 0.0257568359375, 0.0257568359375, 0.0257568359375, 0.025390625, 0.025146484375, 0.0250244140625, 0.024658203125, 0.024658203125, 0.024658203125, 0.0244140625, 0.024169921875, 0.0240478515625, 0.02392578125, 0.0238037109375, 0.0235595703125, 0.0235595703125, 0.0233154296875, 0.0230712890625, 0.02294921875, 0.0228271484375, 0.0228271484375, 0.0224609375], "inds": [[1001, 53], [1035, 23], [20, 34], [1253, 120], [818, 24], [1614, 202], [512, 109], [556, 66], [972, 106], [1843, 62], [905, 129], [543, 64], [609, 267], [1792, 93], [1421, 167], [106, 121], [1205, 156], [818, 23], [1079, 24], [1962, 65], [1101, 52], [948, 121], [1141, 32], [1296, 26], [319, 50], [543, 62], [1, 16], [892, 79], [1291, 28], [914, 23], [435, 175], [149, 179], [1887, 129], [1128, 40], [753, 21], [677, 31], [1280, 21], [858, 19], [1708, 49], [1069, 106], [1371, 40], [1275, 71], [268, 51], [1410, 48], [543, 61], [1428, 57], [1443, 26], [1582, 32], [483, 16], [1045, 25], [658, 29], [298, 36], [1748, 268], [512, 107], [716, 246], [1639, 104], [1202, 254], [996, 42], [716, 163], [1284, 116], [1341, 28], [349, 45], [1022, 41], [1371, 78], [53, 18], [1774, 51], [1222, 19], [1748, 181], [60, 19], [198, 39], [1649, 12], [971, 42], [435, 202], [1109, 26], [356, 31], [356, 32], [1208, 51], [971, 48], [1830, 17], [35, 79], [948, 69], [581, 11], [1904, 79], [903, 64], [1948, 51], [1904, 50], [462, 20], [1103, 246], [254, 15], [683, 26], [609, 172], [1204, 21], [1382, 183], [1618, 13], [1966, 23], [1726, 72], [609, 211], [1748, 272], [293, 87], [644, 22]], "mean": 9.870529174804688e-05}