{"vals": [0.640625, 0.31640625, 0.1982421875, 0.1357421875, 0.07763671875, 0.0771484375, 0.072265625, 0.057373046875, 0.044189453125, 0.037353515625, 0.036865234375, 0.03515625, 0.034423828125, 0.0341796875, 0.0291748046875, 0.0283203125, 0.0235595703125, 0.02197265625, 0.0206298828125, 0.0205078125, 0.0201416015625, 0.0198974609375, 0.0198974609375, 0.0186767578125, 0.0169677734375, 0.016845703125, 0.0166015625, 0.0164794921875, 0.0164794921875, 0.0162353515625, 0.015625, 0.015380859375, 0.01519775390625, 0.01483154296875, 0.0140380859375, 0.01348876953125, 0.013427734375, 0.01318359375, 0.01318359375, 0.012939453125, 0.0126953125, 0.012451171875, 0.0123291015625, 0.01220703125, 0.0120849609375, 0.011962890625, 0.01190185546875, 0.01165771484375, 0.0115966796875, 0.01123046875, 0.01123046875, 0.01080322265625, 0.01080322265625, 0.01068115234375, 0.01043701171875, 0.01019287109375, 0.009765625, 0.00970458984375, 0.00958251953125, 0.00946044921875, 0.0091552734375, 0.00909423828125, 0.009033203125, 0.00897216796875, 0.00897216796875, 0.00897216796875, 0.0087890625, 0.0087890625, 0.00848388671875, 0.00836181640625, 0.00830078125, 0.00823974609375, 0.00811767578125, 0.008056640625, 0.00799560546875, 0.00799560546875, 0.00799560546875, 0.0079345703125, 0.0079345703125, 0.00787353515625, 0.00787353515625, 0.007720947265625, 0.0076904296875, 0.00762939453125, 0.007568359375, 0.00738525390625, 0.007354736328125, 0.007354736328125, 0.007293701171875, 0.007110595703125, 0.007049560546875, 0.007049560546875, 0.0069580078125, 0.0069580078125, 0.006927490234375, 0.006866455078125, 0.0068359375, 0.006805419921875, 0.006805419921875, 0.00677490234375], "inds": [[948, 121], [1284, 116], [1035, 23], [319, 50], [1410, 48], [1382, 183], [556, 66], [1792, 84], [753, 21], [1843, 62], [329, 123], [1371, 78], [1092, 26], [609, 267], [86, 93], [948, 185], [462, 20], [1320, 35], [1792, 102], [1128, 40], [1001, 53], [1284, 171], [1180, 30], [885, 41], [1614, 241], [1103, 34], [480, 20], [406, 257], [658, 29], [716, 230], [905, 129], [1128, 102], [1492, 101], [1074, 275], [1273, 42], [1280, 21], [1, 16], [771, 21], [1792, 105], [1128, 55], [948, 46], [241, 57], [1208, 45], [818, 23], [1096, 48], [1792, 107], [1887, 129], [1208, 18], [1109, 26], [1741, 191], [27, 120], [1890, 172], [406, 260], [677, 31], [315, 17], [863, 22], [1141, 41], [53, 15], [1274, 30], [667, 261], [695, 16], [167, 18], [1173, 258], [1382, 177], [1297, 30], [390, 13], [355, 79], [272, 21], [1077, 18], [90, 36], [1739, 125], [1996, 58], [858, 19], [1859, 66], [1792, 93], [904, 175], [1233, 61], [203, 21], [903, 64], [710, 16], [1315, 31], [714, 237], [1933, 25], [862, 55], [1139, 37], [745, 17], [1758, 15], [1482, 13], [528, 169], [1904, 50], [1747, 33], [1284, 82], [1521, 191], [1103, 246], [1880, 40], [1955, 99], [1904, 57], [435, 202], [1466, 79], [1505, 48]], "mean": 3.600120544433594e-05}