{"vals": [0.10009765625, 0.046875, 0.041015625, 0.040771484375, 0.037353515625, 0.024658203125, 0.0224609375, 0.0220947265625, 0.021240234375, 0.0201416015625, 0.02001953125, 0.019287109375, 0.0189208984375, 0.017578125, 0.0162353515625, 0.0159912109375, 0.0155029296875, 0.015380859375, 0.0152587890625, 0.014404296875, 0.0140380859375, 0.013916015625, 0.01348876953125, 0.01318359375, 0.0130615234375, 0.01263427734375, 0.0125732421875, 0.01190185546875, 0.01171875, 0.01116943359375, 0.01055908203125, 0.01043701171875, 0.0103759765625, 0.0103759765625, 0.010009765625, 0.0096435546875, 0.0096435546875, 0.00946044921875, 0.0093994140625, 0.0093994140625, 0.00921630859375, 0.009033203125, 0.00897216796875, 0.0089111328125, 0.0084228515625, 0.00823974609375, 0.00811767578125, 0.008056640625, 0.00799560546875, 0.0079345703125, 0.00762939453125, 0.007415771484375, 0.00732421875, 0.00732421875, 0.007293701171875, 0.007171630859375, 0.007110595703125, 0.007110595703125, 0.007110595703125, 0.006805419921875, 0.006805419921875, 0.0067138671875, 0.006683349609375, 0.00665283203125, 0.006591796875, 0.006378173828125, 0.00634765625, 0.00628662109375, 0.006103515625, 0.006072998046875, 0.006072998046875, 0.006072998046875, 0.006011962890625, 0.00579833984375, 0.005706787109375, 0.005645751953125, 0.005615234375, 0.005584716796875, 0.00555419921875, 0.00555419921875, 0.005523681640625, 0.00543212890625, 0.00531005859375, 0.00531005859375, 0.00518798828125, 0.005157470703125, 0.005157470703125, 0.005126953125, 0.005126953125, 0.00506591796875, 0.00506591796875, 0.00506591796875, 0.004974365234375, 0.004974365234375, 0.0048828125, 0.0048828125, 0.004852294921875, 0.00482177734375, 0.004791259765625, 0.0047607421875], "inds": [[1001, 53], [1880, 40], [1299, 34], [1792, 93], [585, 24], [1532, 138], [1508, 26], [1492, 101], [512, 109], [863, 22], [818, 24], [1566, 52], [818, 23], [1284, 82], [1227, 126], [272, 21], [903, 64], [972, 106], [432, 23], [1371, 78], [1951, 54], [1382, 183], [1262, 10], [753, 21], [875, 20], [1219, 12], [609, 267], [516, 21], [144, 13], [1747, 33], [905, 129], [1017, 19], [1273, 42], [329, 60], [1233, 61], [1341, 28], [1691, 130], [1285, 27], [271, 188], [877, 18], [1204, 92], [368, 20], [140, 25], [1493, 30], [1792, 105], [1843, 62], [583, 275], [1594, 18], [35, 79], [1303, 157], [1170, 31], [1508, 159], [903, 85], [1098, 48], [625, 45], [392, 16], [161, 15], [1983, 145], [106, 117], [370, 154], [353, 21], [1508, 48], [1452, 238], [479, 25], [679, 21], [1394, 21], [948, 38], [1243, 82], [1019, 27], [1785, 24], [1240, 175], [1428, 157], [418, 26], [573, 22], [39, 16], [833, 18], [1397, 20], [1976, 32], [1972, 24], [583, 274], [719, 180], [996, 42], [462, 20], [47, 26], [1887, 136], [1732, 117], [905, 160], [1904, 50], [1101, 52], [1268, 20], [1473, 38], [677, 31], [43, 92], [1944, 34], [971, 50], [158, 82], [1339, 34], [1521, 191], [438, 89], [1291, 28]], "mean": 3.6716461181640625e-05}