{"vals": [3.359375, 0.3984375, 0.2890625, 0.1845703125, 0.1259765625, 0.12060546875, 0.09375, 0.08984375, 0.0771484375, 0.040771484375, 0.037841796875, 0.03369140625, 0.032470703125, 0.029296875, 0.0286865234375, 0.0283203125, 0.0274658203125, 0.0269775390625, 0.0264892578125, 0.0255126953125, 0.0220947265625, 0.021728515625, 0.0198974609375, 0.0196533203125, 0.019287109375, 0.0189208984375, 0.018798828125, 0.018798828125, 0.018798828125, 0.0186767578125, 0.0184326171875, 0.0181884765625, 0.0179443359375, 0.0179443359375, 0.017578125, 0.0169677734375, 0.016845703125, 0.0164794921875, 0.0164794921875, 0.01611328125, 0.01611328125, 0.0157470703125, 0.01556396484375, 0.01556396484375, 0.01556396484375, 0.0155029296875, 0.015380859375, 0.01483154296875, 0.01483154296875, 0.01483154296875, 0.0146484375, 0.01458740234375, 0.014404296875, 0.014404296875, 0.01434326171875, 0.0142822265625, 0.0142822265625, 0.01422119140625, 0.0140380859375, 0.0140380859375, 0.01385498046875, 0.01385498046875, 0.01385498046875, 0.01373291015625, 0.013671875, 0.01361083984375, 0.01348876953125, 0.01348876953125, 0.013427734375, 0.01336669921875, 0.01324462890625, 0.0128173828125, 0.01263427734375, 0.0123291015625, 0.0123291015625, 0.01226806640625, 0.01214599609375, 0.01214599609375, 0.0120849609375, 0.01202392578125, 0.01190185546875, 0.0118408203125, 0.01171875, 0.01171875, 0.01165771484375, 0.01153564453125, 0.011474609375, 0.0113525390625, 0.0111083984375, 0.01104736328125, 0.01104736328125, 0.010986328125, 0.01092529296875, 0.01092529296875, 0.0108642578125, 0.0108642578125, 0.01080322265625, 0.0107421875, 0.0107421875, 0.0107421875], "inds": [[1001, 53], [319, 50], [1284, 116], [556, 66], [391, 70], [1382, 183], [1927, 268], [512, 109], [1421, 167], [1912, 15], [903, 64], [625, 45], [1099, 167], [1300, 22], [1582, 32], [1128, 40], [1508, 26], [753, 21], [609, 267], [302, 205], [868, 60], [716, 230], [1284, 82], [1202, 254], [667, 127], [1887, 129], [1284, 250], [651, 121], [862, 72], [1927, 262], [971, 50], [1502, 16], [1851, 43], [1395, 16], [1167, 19], [735, 262], [981, 30], [645, 282], [381, 229], [1253, 120], [1341, 28], [1927, 263], [418, 26], [1154, 20], [479, 25], [481, 18], [670, 260], [325, 37], [1948, 42], [667, 148], [1450, 8], [1532, 138], [491, 15], [100, 244], [1982, 18], [570, 42], [651, 268], [996, 42], [800, 10], [607, 14], [1428, 157], [1, 16], [675, 33], [985, 18], [645, 208], [1069, 106], [1285, 27], [1663, 32], [817, 68], [1882, 18], [1202, 239], [160, 45], [1752, 39], [52, 75], [302, 286], [1890, 172], [353, 21], [479, 31], [386, 179], [293, 87], [611, 35], [1811, 275], [958, 12], [1599, 28], [289, 217], [391, 69], [144, 13], [106, 94], [1566, 58], [544, 70], [1997, 110], [1410, 48], [1275, 71], [1094, 39], [765, 53], [1726, 72], [1822, 189], [1962, 65], [1927, 266], [335, 274]], "mean": 0.00010251998901367188}