{"vals": [0.57421875, 0.236328125, 0.1494140625, 0.08837890625, 0.07763671875, 0.06884765625, 0.060302734375, 0.05810546875, 0.05419921875, 0.05322265625, 0.048583984375, 0.047119140625, 0.045166015625, 0.04345703125, 0.04248046875, 0.03857421875, 0.0380859375, 0.035888671875, 0.033935546875, 0.0291748046875, 0.028564453125, 0.027099609375, 0.0267333984375, 0.0267333984375, 0.0263671875, 0.0262451171875, 0.0260009765625, 0.0257568359375, 0.0255126953125, 0.025390625, 0.022216796875, 0.0220947265625, 0.0220947265625, 0.0216064453125, 0.021240234375, 0.0211181640625, 0.0206298828125, 0.0196533203125, 0.01904296875, 0.0184326171875, 0.0177001953125, 0.0174560546875, 0.0169677734375, 0.016845703125, 0.0166015625, 0.0166015625, 0.016357421875, 0.01611328125, 0.01611328125, 0.0159912109375, 0.015625, 0.015625, 0.01556396484375, 0.01556396484375, 0.0155029296875, 0.01544189453125, 0.01531982421875, 0.0152587890625, 0.01507568359375, 0.01507568359375, 0.014892578125, 0.01483154296875, 0.0147705078125, 0.01470947265625, 0.0145263671875, 0.01446533203125, 0.01416015625, 0.01416015625, 0.0137939453125, 0.01373291015625, 0.013671875, 0.01361083984375, 0.01361083984375, 0.0135498046875, 0.013427734375, 0.01324462890625, 0.01324462890625, 0.01318359375, 0.01318359375, 0.01312255859375, 0.012939453125, 0.01287841796875, 0.01251220703125, 0.01239013671875, 0.0123291015625, 0.01226806640625, 0.01214599609375, 0.0120849609375, 0.011962890625, 0.0115966796875, 0.01141357421875, 0.01104736328125, 0.0108642578125, 0.0106201171875, 0.0103759765625, 0.0103759765625, 0.0101318359375, 0.0101318359375, 0.00994873046875, 0.0098876953125], "inds": [[1253, 120], [1284, 116], [948, 121], [391, 70], [1273, 42], [1035, 23], [1542, 31], [1382, 183], [1822, 129], [1299, 34], [1532, 138], [1951, 54], [818, 24], [1382, 136], [1887, 129], [1684, 17], [1421, 167], [818, 23], [1284, 82], [677, 31], [147, 13], [1691, 130], [1904, 93], [996, 42], [1227, 51], [972, 106], [1079, 24], [858, 19], [1679, 60], [562, 264], [1258, 12], [1991, 48], [298, 36], [20, 34], [768, 35], [1859, 66], [985, 33], [1180, 30], [1702, 18], [892, 272], [1588, 128], [1141, 41], [1904, 57], [367, 23], [1263, 22], [1676, 11], [837, 24], [702, 23], [1299, 31], [1724, 82], [892, 55], [609, 267], [1145, 245], [1132, 11], [1822, 189], [716, 246], [1382, 198], [1360, 47], [1360, 25], [1169, 19], [1927, 268], [149, 270], [651, 148], [1103, 34], [1371, 131], [1110, 17], [1941, 15], [1284, 171], [1859, 27], [1169, 15], [1128, 40], [1284, 208], [679, 21], [782, 17], [391, 69], [971, 50], [1443, 26], [768, 32], [329, 60], [1145, 14], [651, 121], [963, 61], [380, 22], [1718, 30], [685, 23], [1202, 254], [1983, 145], [645, 297], [1809, 24], [1752, 14], [834, 21], [1555, 33], [609, 172], [986, 42], [1823, 128], [976, 14], [1904, 79], [724, 22], [892, 79], [1809, 23]], "mean": 5.173683166503906e-05}