{"vals": [3.984375, 1.21875, 0.255859375, 0.224609375, 0.150390625, 0.107421875, 0.09619140625, 0.0869140625, 0.0869140625, 0.08154296875, 0.07763671875, 0.07080078125, 0.06591796875, 0.052001953125, 0.05078125, 0.049560546875, 0.04296875, 0.0419921875, 0.0400390625, 0.03564453125, 0.03515625, 0.0341796875, 0.033203125, 0.032470703125, 0.03173828125, 0.031005859375, 0.03076171875, 0.0302734375, 0.030029296875, 0.029541015625, 0.029052734375, 0.029052734375, 0.028564453125, 0.0284423828125, 0.028076171875, 0.0279541015625, 0.0260009765625, 0.0244140625, 0.02392578125, 0.0234375, 0.0234375, 0.023193359375, 0.0230712890625, 0.02294921875, 0.0228271484375, 0.0218505859375, 0.0216064453125, 0.021484375, 0.02099609375, 0.0208740234375, 0.020751953125, 0.020263671875, 0.0201416015625, 0.0196533203125, 0.0191650390625, 0.01904296875, 0.0189208984375, 0.0189208984375, 0.0186767578125, 0.0184326171875, 0.0184326171875, 0.0174560546875, 0.0174560546875, 0.017333984375, 0.0169677734375, 0.0164794921875, 0.0164794921875, 0.0164794921875, 0.01611328125, 0.015869140625, 0.0157470703125, 0.0157470703125, 0.015625, 0.01544189453125, 0.01544189453125, 0.0152587890625, 0.01507568359375, 0.01507568359375, 0.0150146484375, 0.01495361328125, 0.014892578125, 0.0146484375, 0.0146484375, 0.0145263671875, 0.014404296875, 0.01434326171875, 0.01434326171875, 0.01422119140625, 0.01409912109375, 0.01385498046875, 0.01385498046875, 0.0137939453125, 0.01373291015625, 0.01361083984375, 0.013427734375, 0.0133056640625, 0.01324462890625, 0.0130615234375, 0.01287841796875, 0.01275634765625], "inds": [[1001, 53], [948, 121], [319, 50], [1421, 167], [1273, 42], [1382, 183], [1299, 34], [716, 230], [271, 188], [972, 106], [1253, 120], [1284, 82], [645, 194], [892, 79], [528, 169], [1035, 23], [1341, 28], [556, 66], [1792, 93], [1614, 61], [589, 126], [298, 36], [670, 260], [609, 267], [435, 187], [1620, 149], [1880, 40], [875, 20], [735, 262], [418, 26], [714, 73], [1371, 78], [645, 289], [645, 282], [1225, 196], [948, 127], [1724, 82], [81, 34], [1128, 40], [1275, 71], [1983, 78], [885, 41], [1588, 128], [1859, 66], [667, 127], [1101, 52], [651, 19], [1243, 82], [1219, 12], [167, 18], [1128, 77], [1222, 19], [1985, 54], [1982, 18], [349, 223], [1284, 116], [1074, 275], [583, 247], [330, 53], [69, 84], [106, 117], [974, 264], [293, 24], [651, 268], [479, 17], [299, 43], [716, 163], [543, 164], [645, 297], [1806, 293], [5, 88], [544, 70], [679, 21], [1991, 48], [716, 246], [1225, 195], [589, 125], [391, 70], [1904, 79], [667, 148], [1202, 254], [106, 94], [512, 109], [1170, 31], [1377, 38], [447, 22], [905, 129], [1080, 18], [1259, 34], [1382, 228], [1859, 27], [47, 26], [1410, 48], [903, 71], [26, 59], [625, 45], [139, 247], [1284, 250], [1198, 49], [735, 263]], "mean": 0.00011777877807617188}