{"vals": [0.75, 0.451171875, 0.1875, 0.16796875, 0.1552734375, 0.1357421875, 0.0849609375, 0.0849609375, 0.0849609375, 0.07861328125, 0.07421875, 0.072265625, 0.06689453125, 0.06298828125, 0.061279296875, 0.059814453125, 0.0595703125, 0.054443359375, 0.05029296875, 0.04931640625, 0.04931640625, 0.04931640625, 0.04736328125, 0.046142578125, 0.044921875, 0.044677734375, 0.04345703125, 0.042236328125, 0.040283203125, 0.03955078125, 0.039306640625, 0.03857421875, 0.037109375, 0.037109375, 0.036865234375, 0.036865234375, 0.036865234375, 0.03662109375, 0.035888671875, 0.03564453125, 0.03564453125, 0.035400390625, 0.03515625, 0.0341796875, 0.033203125, 0.032958984375, 0.032958984375, 0.032470703125, 0.03173828125, 0.031494140625, 0.0311279296875, 0.0306396484375, 0.0306396484375, 0.030517578125, 0.0303955078125, 0.0301513671875, 0.0296630859375, 0.0296630859375, 0.0294189453125, 0.0284423828125, 0.028076171875, 0.02783203125, 0.027587890625, 0.0274658203125, 0.0272216796875, 0.0269775390625, 0.0264892578125, 0.0264892578125, 0.0262451171875, 0.026123046875, 0.02587890625, 0.0255126953125, 0.0255126953125, 0.0255126953125, 0.025390625, 0.0252685546875, 0.025146484375, 0.0250244140625, 0.0247802734375, 0.024658203125, 0.024169921875, 0.0240478515625, 0.0238037109375, 0.0238037109375, 0.0238037109375, 0.023681640625, 0.0235595703125, 0.0234375, 0.023193359375, 0.0230712890625, 0.02294921875, 0.02294921875, 0.0228271484375, 0.0228271484375, 0.0228271484375, 0.022705078125, 0.022705078125, 0.0225830078125, 0.0224609375, 0.0223388671875], "inds": [[1566, 62], [948, 121], [528, 169], [1001, 53], [1862, 18], [106, 121], [1010, 16], [1009, 16], [1012, 16], [1642, 16], [866, 15], [1791, 16], [974, 264], [1019, 32], [1126, 30], [1982, 18], [1382, 183], [1178, 14], [448, 23], [1583, 14], [818, 23], [818, 24], [1887, 136], [292, 14], [221, 15], [555, 12], [1382, 228], [1843, 62], [1443, 26], [1083, 15], [1421, 167], [1219, 55], [1363, 19], [20, 34], [1867, 13], [1284, 116], [304, 15], [866, 16], [1517, 16], [1622, 14], [208, 11], [1, 16], [1355, 15], [1904, 50], [1713, 22], [495, 18], [1783, 12], [1644, 16], [142, 46], [908, 32], [1568, 14], [406, 260], [148, 58], [391, 70], [859, 48], [753, 23], [132, 43], [1035, 23], [883, 23], [1708, 49], [881, 24], [1584, 14], [1074, 275], [1566, 61], [572, 18], [1600, 20], [1566, 63], [1834, 12], [1966, 34], [683, 26], [1371, 131], [1153, 17], [1628, 21], [1155, 17], [349, 223], [195, 17], [1358, 12], [800, 10], [1382, 136], [434, 11], [1000, 10], [695, 16], [1745, 20], [1543, 23], [208, 60], [489, 16], [1167, 11], [625, 45], [592, 23], [488, 13], [985, 18], [1145, 17], [454, 34], [1238, 34], [443, 17], [1566, 58], [1495, 17], [1664, 29], [1114, 23], [638, 16]], "mean": 0.00011396408081054688}