{"vals": [0.016845703125, 0.00927734375, 0.00848388671875, 0.0079345703125, 0.006866455078125, 0.006591796875, 0.0062255859375, 0.006134033203125, 0.004913330078125, 0.004852294921875, 0.004791259765625, 0.004791259765625, 0.0045166015625, 0.0045166015625, 0.00445556640625, 0.00439453125, 0.004364013671875, 0.004241943359375, 0.004241943359375, 0.004180908203125, 0.0040283203125, 0.0040283203125, 0.003997802734375, 0.003936767578125, 0.003936767578125, 0.003753662109375, 0.00372314453125, 0.003631591796875, 0.0034637451171875, 0.0033111572265625, 0.0032806396484375, 0.0032196044921875, 0.0032196044921875, 0.003173828125, 0.003143310546875, 0.0031280517578125, 0.002960205078125, 0.002777099609375, 0.0026397705078125, 0.002532958984375, 0.00250244140625, 0.00250244140625, 0.0024871826171875, 0.0024566650390625, 0.0024261474609375, 0.0023956298828125, 0.0023345947265625, 0.0023345947265625, 0.002288818359375, 0.00225830078125, 0.002197265625, 0.002197265625, 0.002166748046875, 0.002166748046875, 0.002166748046875, 0.002166748046875, 0.0020751953125, 0.002044677734375, 0.00201416015625, 0.001953125, 0.00193023681640625, 0.0019073486328125, 0.00188446044921875, 0.00185394287109375, 0.00183868408203125, 0.0018310546875, 0.00179290771484375, 0.0017852783203125, 0.00173187255859375, 0.0017242431640625, 0.00168609619140625, 0.0016632080078125, 0.00165557861328125, 0.00165557861328125, 0.00164031982421875, 0.00164031982421875, 0.00162506103515625, 0.00162506103515625, 0.001617431640625, 0.001617431640625, 0.00160980224609375, 0.00157928466796875, 0.0015716552734375, 0.0015716552734375, 0.0015716552734375, 0.0015716552734375, 0.00154876708984375, 0.00152587890625, 0.00151824951171875, 0.0015106201171875, 0.00150299072265625, 0.00148773193359375, 0.00147247314453125, 0.00145721435546875, 0.00145721435546875, 0.00144195556640625, 0.001434326171875, 0.00142669677734375, 0.00142669677734375, 0.00141143798828125], "inds": [[1001, 53], [1482, 15], [1783, 12], [393, 17], [106, 121], [1273, 44], [1868, 15], [1979, 21], [20, 34], [614, 27], [972, 106], [208, 11], [1113, 15], [1472, 19], [1574, 16], [886, 16], [798, 19], [1382, 228], [93, 26], [1655, 16], [1642, 16], [718, 17], [1115, 18], [1363, 19], [52, 54], [572, 18], [1819, 47], [1438, 18], [905, 131], [165, 26], [311, 18], [908, 14], [1823, 27], [896, 12], [1905, 74], [765, 62], [929, 14], [1843, 64], [1834, 12], [664, 15], [1713, 22], [928, 39], [514, 28], [293, 87], [139, 47], [1962, 65], [683, 26], [845, 158], [592, 23], [1231, 26], [581, 11], [1644, 16], [421, 14], [40, 14], [905, 129], [1605, 26], [1202, 254], [840, 29], [447, 22], [840, 30], [1161, 16], [1584, 14], [43, 118], [902, 23], [1421, 167], [1543, 23], [852, 69], [978, 64], [518, 12], [1572, 30], [935, 14], [1999, 21], [1976, 32], [1356, 15], [974, 264], [785, 23], [1557, 14], [677, 31], [133, 12], [1759, 39], [865, 243], [845, 190], [1541, 16], [686, 17], [114, 227], [395, 30], [1972, 24], [609, 172], [1444, 17], [1757, 24], [695, 16], [1792, 84], [682, 27], [59, 13], [586, 13], [1538, 18], [1336, 15], [1707, 21], [148, 58], [131, 45]], "mean": 6.67572021484375e-06}