{"vals": [0.61328125, 0.451171875, 0.1865234375, 0.099609375, 0.0732421875, 0.07080078125, 0.06494140625, 0.05712890625, 0.0498046875, 0.0439453125, 0.041015625, 0.03955078125, 0.034423828125, 0.0341796875, 0.033935546875, 0.0299072265625, 0.0291748046875, 0.027587890625, 0.0269775390625, 0.02685546875, 0.0264892578125, 0.0262451171875, 0.025390625, 0.0244140625, 0.0244140625, 0.024169921875, 0.0235595703125, 0.0228271484375, 0.0224609375, 0.02197265625, 0.0213623046875, 0.0211181640625, 0.0206298828125, 0.0205078125, 0.0203857421875, 0.02001953125, 0.0198974609375, 0.0194091796875, 0.0191650390625, 0.01904296875, 0.01904296875, 0.0179443359375, 0.0177001953125, 0.017333984375, 0.0172119140625, 0.0169677734375, 0.0169677734375, 0.016845703125, 0.016845703125, 0.0167236328125, 0.01611328125, 0.015869140625, 0.0157470703125, 0.015625, 0.015625, 0.015380859375, 0.01513671875, 0.01483154296875, 0.0147705078125, 0.0147705078125, 0.01446533203125, 0.0137939453125, 0.0135498046875, 0.01324462890625, 0.01318359375, 0.0128173828125, 0.01275634765625, 0.01263427734375, 0.01251220703125, 0.012451171875, 0.012451171875, 0.01239013671875, 0.01226806640625, 0.01214599609375, 0.011962890625, 0.01190185546875, 0.01177978515625, 0.01165771484375, 0.0115966796875, 0.011474609375, 0.01141357421875, 0.0113525390625, 0.0113525390625, 0.01129150390625, 0.01129150390625, 0.01116943359375, 0.01116943359375, 0.0111083984375, 0.01080322265625, 0.01080322265625, 0.0107421875, 0.01068115234375, 0.01068115234375, 0.0103759765625, 0.0103759765625, 0.0103759765625, 0.01031494140625, 0.01031494140625, 0.0101318359375, 0.0101318359375], "inds": [[948, 121], [1284, 116], [106, 121], [1382, 183], [1128, 40], [625, 45], [512, 109], [293, 87], [20, 34], [1614, 202], [1443, 26], [1202, 239], [271, 188], [268, 72], [1724, 82], [1904, 50], [1410, 48], [1284, 171], [1382, 177], [903, 71], [1092, 26], [948, 44], [479, 17], [1770, 64], [1497, 272], [1948, 42], [268, 51], [435, 175], [1299, 34], [149, 179], [651, 268], [579, 88], [716, 230], [1768, 64], [1284, 72], [1748, 268], [1475, 109], [903, 64], [1887, 136], [1273, 42], [855, 206], [1128, 92], [289, 242], [1948, 51], [1748, 255], [149, 270], [528, 169], [948, 69], [1830, 17], [238, 259], [1492, 101], [27, 120], [1748, 181], [1109, 26], [857, 19], [813, 70], [721, 15], [590, 240], [1069, 106], [609, 267], [1202, 254], [824, 105], [330, 142], [271, 235], [7, 47], [1904, 79], [1859, 66], [43, 89], [1639, 104], [1299, 31], [1421, 131], [1724, 18], [319, 92], [589, 189], [1904, 88], [972, 106], [1101, 52], [1897, 135], [293, 86], [609, 172], [651, 19], [590, 249], [1284, 250], [1948, 43], [948, 127], [1368, 150], [1983, 78], [1588, 128], [1079, 24], [651, 232], [609, 97], [644, 22], [134, 177], [1897, 163], [1128, 133], [302, 64], [293, 45], [1517, 281], [1291, 28], [406, 196]], "mean": 5.793571472167969e-05}