{"vals": [1.5390625, 0.302734375, 0.0810546875, 0.0732421875, 0.053955078125, 0.041015625, 0.038330078125, 0.0380859375, 0.036865234375, 0.03564453125, 0.03369140625, 0.032958984375, 0.0286865234375, 0.0284423828125, 0.027587890625, 0.0263671875, 0.024169921875, 0.020751953125, 0.020751953125, 0.0203857421875, 0.020263671875, 0.0201416015625, 0.0198974609375, 0.0198974609375, 0.0194091796875, 0.0184326171875, 0.01611328125, 0.0157470703125, 0.01556396484375, 0.0155029296875, 0.0152587890625, 0.01483154296875, 0.0147705078125, 0.0146484375, 0.014404296875, 0.01416015625, 0.013916015625, 0.013427734375, 0.01312255859375, 0.012939453125, 0.01287841796875, 0.01190185546875, 0.01171875, 0.01165771484375, 0.01165771484375, 0.011474609375, 0.011474609375, 0.0107421875, 0.01068115234375, 0.01055908203125, 0.01055908203125, 0.01055908203125, 0.01043701171875, 0.01031494140625, 0.01031494140625, 0.01031494140625, 0.0101318359375, 0.0101318359375, 0.0098876953125, 0.009521484375, 0.00946044921875, 0.00946044921875, 0.0093994140625, 0.00921630859375, 0.00921630859375, 0.0091552734375, 0.0091552734375, 0.00909423828125, 0.00909423828125, 0.009033203125, 0.0089111328125, 0.00885009765625, 0.00885009765625, 0.00885009765625, 0.00885009765625, 0.0087890625, 0.0087890625, 0.00872802734375, 0.0086669921875, 0.00860595703125, 0.00860595703125, 0.00860595703125, 0.00848388671875, 0.0084228515625, 0.0084228515625, 0.00836181640625, 0.00836181640625, 0.00830078125, 0.00830078125, 0.00830078125, 0.00823974609375, 0.00811767578125, 0.00811767578125, 0.00811767578125, 0.00799560546875, 0.00799560546875, 0.00787353515625, 0.00787353515625, 0.00787353515625, 0.007781982421875], "inds": [[1001, 53], [948, 121], [556, 66], [106, 121], [1843, 62], [1074, 275], [1079, 24], [1320, 87], [1532, 138], [1100, 190], [1371, 131], [831, 151], [1101, 52], [1708, 49], [903, 64], [404, 279], [1284, 116], [1299, 34], [677, 31], [1859, 66], [1421, 167], [149, 270], [1210, 208], [1296, 26], [1614, 202], [1796, 38], [268, 51], [625, 45], [1880, 40], [651, 223], [645, 289], [349, 223], [298, 36], [1092, 26], [1982, 18], [850, 253], [609, 267], [106, 137], [479, 17], [1141, 41], [1243, 82], [1887, 136], [329, 123], [858, 19], [1770, 64], [589, 126], [1035, 23], [149, 179], [626, 182], [651, 100], [590, 224], [43, 65], [1897, 163], [1303, 170], [1492, 101], [818, 163], [1202, 239], [1960, 14], [1991, 62], [768, 35], [1145, 15], [1280, 21], [1741, 208], [319, 113], [1351, 210], [868, 60], [1497, 272], [1331, 114], [1691, 130], [373, 44], [644, 22], [1768, 64], [426, 61], [609, 172], [204, 69], [512, 109], [106, 140], [1992, 26], [1056, 128], [1014, 28], [435, 202], [1103, 34], [1243, 261], [27, 161], [1962, 270], [1726, 72], [793, 151], [43, 92], [330, 159], [149, 183], [1691, 65], [1582, 32], [106, 94], [1273, 121], [1902, 194], [1173, 258], [1938, 264], [1208, 51], [1253, 120], [972, 106]], "mean": 6.103515625e-05}