{"vals": [0.0458984375, 0.03369140625, 0.025146484375, 0.02197265625, 0.02001953125, 0.019287109375, 0.0189208984375, 0.0172119140625, 0.01708984375, 0.0169677734375, 0.016845703125, 0.0155029296875, 0.01434326171875, 0.013916015625, 0.01348876953125, 0.0133056640625, 0.01287841796875, 0.0126953125, 0.012451171875, 0.01202392578125, 0.01165771484375, 0.011474609375, 0.01141357421875, 0.01104736328125, 0.0106201171875, 0.01055908203125, 0.01055908203125, 0.01019287109375, 0.010009765625, 0.009765625, 0.0096435546875, 0.00958251953125, 0.00958251953125, 0.0093994140625, 0.0091552734375, 0.00872802734375, 0.0086669921875, 0.008544921875, 0.00848388671875, 0.00848388671875, 0.00836181640625, 0.00830078125, 0.00811767578125, 0.00799560546875, 0.0079345703125, 0.00787353515625, 0.007781982421875, 0.007415771484375, 0.00726318359375, 0.006988525390625, 0.006744384765625, 0.0067138671875, 0.00665283203125, 0.00665283203125, 0.006622314453125, 0.00653076171875, 0.00634765625, 0.006317138671875, 0.006317138671875, 0.006195068359375, 0.006195068359375, 0.006195068359375, 0.00604248046875, 0.00604248046875, 0.005950927734375, 0.005950927734375, 0.005767822265625, 0.0057373046875, 0.005706787109375, 0.005706787109375, 0.005645751953125, 0.005645751953125, 0.005584716796875, 0.00555419921875, 0.005523681640625, 0.005462646484375, 0.005462646484375, 0.005401611328125, 0.005340576171875, 0.005340576171875, 0.00531005859375, 0.00531005859375, 0.005279541015625, 0.0052490234375, 0.005218505859375, 0.005218505859375, 0.00518798828125, 0.005157470703125, 0.005157470703125, 0.005157470703125, 0.005157470703125, 0.005126953125, 0.005096435546875, 0.00506591796875, 0.00506591796875, 0.005035400390625, 0.0050048828125, 0.0050048828125, 0.0050048828125, 0.004913330078125], "inds": [[1409, 160], [289, 127], [1303, 123], [1823, 128], [556, 66], [149, 179], [831, 143], [293, 130], [149, 270], [1101, 91], [948, 121], [106, 121], [645, 289], [768, 49], [712, 268], [1843, 62], [3, 69], [20, 34], [149, 183], [852, 231], [307, 240], [307, 242], [1602, 25], [7, 47], [349, 223], [1079, 24], [589, 244], [1962, 270], [1188, 280], [1134, 117], [1180, 70], [149, 289], [1100, 89], [106, 94], [594, 187], [167, 114], [1227, 126], [1914, 48], [35, 79], [459, 279], [1914, 53], [1859, 66], [1862, 207], [1822, 129], [1962, 274], [905, 160], [293, 98], [235, 181], [149, 102], [963, 101], [609, 267], [1233, 61], [512, 109], [1299, 34], [1371, 78], [1722, 192], [1517, 281], [293, 131], [1748, 162], [349, 43], [1502, 13], [793, 258], [1614, 181], [134, 177], [1923, 242], [903, 223], [180, 139], [1275, 71], [271, 188], [1564, 83], [1319, 252], [579, 157], [562, 264], [106, 140], [26, 59], [293, 129], [1962, 242], [1148, 272], [404, 279], [1842, 34], [996, 42], [1620, 149], [149, 80], [691, 25], [1296, 26], [1614, 202], [149, 147], [1914, 51], [1890, 264], [926, 201], [905, 159], [1128, 212], [1913, 72], [858, 19], [513, 260], [1796, 103], [1726, 72], [1392, 294], [1833, 254], [1204, 92]], "mean": 4.0531158447265625e-05}