{"vals": [0.14453125, 0.06396484375, 0.04345703125, 0.041748046875, 0.026123046875, 0.024169921875, 0.0216064453125, 0.0196533203125, 0.01953125, 0.01953125, 0.017578125, 0.01312255859375, 0.0123291015625, 0.011962890625, 0.01129150390625, 0.01031494140625, 0.01019287109375, 0.00994873046875, 0.0098876953125, 0.00970458984375, 0.009521484375, 0.00872802734375, 0.00860595703125, 0.008544921875, 0.008544921875, 0.0084228515625, 0.00830078125, 0.00823974609375, 0.00787353515625, 0.007720947265625, 0.007598876953125, 0.007476806640625, 0.00714111328125, 0.006927490234375, 0.006744384765625, 0.006591796875, 0.00640869140625, 0.006195068359375, 0.006103515625, 0.006103515625, 0.00604248046875, 0.006011962890625, 0.0059814453125, 0.005859375, 0.0057373046875, 0.00567626953125, 0.005615234375, 0.0052490234375, 0.00518798828125, 0.005126953125, 0.005126953125, 0.005126953125, 0.00506591796875, 0.00506591796875, 0.004913330078125, 0.0048828125, 0.004852294921875, 0.004791259765625, 0.00469970703125, 0.004669189453125, 0.004669189453125, 0.004669189453125, 0.00457763671875, 0.004547119140625, 0.004547119140625, 0.00445556640625, 0.004302978515625, 0.004302978515625, 0.004302978515625, 0.0042724609375, 0.004241943359375, 0.00421142578125, 0.004180908203125, 0.004180908203125, 0.004180908203125, 0.004180908203125, 0.004150390625, 0.004119873046875, 0.004119873046875, 0.004119873046875, 0.004058837890625, 0.004058837890625, 0.00396728515625, 0.00396728515625, 0.003936767578125, 0.00390625, 0.0038909912109375, 0.0038604736328125, 0.00384521484375, 0.0038299560546875, 0.0037994384765625, 0.0037689208984375, 0.0037689208984375, 0.0037384033203125, 0.00372314453125, 0.0036773681640625, 0.0036773681640625, 0.003631591796875, 0.0036163330078125, 0.00360107421875], "inds": [[319, 50], [1284, 116], [1001, 53], [1128, 40], [1843, 62], [626, 182], [1413, 272], [609, 267], [350, 36], [556, 66], [1718, 128], [1582, 32], [1614, 202], [513, 260], [512, 109], [1792, 105], [1713, 215], [1079, 24], [579, 157], [106, 94], [1904, 50], [1691, 154], [1823, 128], [298, 219], [1382, 177], [1194, 85], [235, 181], [404, 279], [1708, 49], [589, 126], [818, 23], [1722, 192], [1792, 84], [1679, 60], [600, 33], [391, 70], [867, 128], [517, 252], [1811, 74], [890, 180], [1298, 68], [330, 159], [1284, 72], [1614, 181], [948, 121], [626, 55], [985, 37], [1410, 48], [307, 242], [1180, 193], [714, 263], [31, 297], [793, 151], [645, 297], [1210, 220], [972, 106], [1208, 51], [1323, 265], [626, 251], [645, 194], [1069, 203], [1296, 26], [1128, 49], [948, 69], [289, 51], [793, 258], [134, 49], [1284, 171], [1382, 228], [443, 233], [293, 87], [1225, 196], [1965, 202], [1792, 83], [902, 127], [330, 142], [1983, 161], [1948, 51], [1327, 220], [1680, 26], [349, 223], [1918, 40], [985, 18], [1897, 203], [625, 45], [808, 103], [1614, 294], [319, 92], [903, 35], [1208, 45], [1675, 249], [1391, 268], [1756, 72], [1962, 274], [1639, 17], [86, 93], [1180, 194], [1715, 173], [1983, 163], [279, 31]], "mean": 3.504753112792969e-05}