{"vals": [0.2353515625, 0.10986328125, 0.09619140625, 0.09521484375, 0.083984375, 0.07470703125, 0.06005859375, 0.05517578125, 0.0478515625, 0.04248046875, 0.042236328125, 0.038818359375, 0.036865234375, 0.033935546875, 0.030029296875, 0.02978515625, 0.02734375, 0.02587890625, 0.025634765625, 0.0235595703125, 0.0234375, 0.02294921875, 0.0218505859375, 0.02099609375, 0.0205078125, 0.020263671875, 0.020263671875, 0.0201416015625, 0.0201416015625, 0.02001953125, 0.01953125, 0.0194091796875, 0.0194091796875, 0.0186767578125, 0.0185546875, 0.0181884765625, 0.0174560546875, 0.0172119140625, 0.01708984375, 0.0169677734375, 0.0167236328125, 0.0167236328125, 0.0162353515625, 0.015380859375, 0.015380859375, 0.01531982421875, 0.0152587890625, 0.0152587890625, 0.0147705078125, 0.0145263671875, 0.01434326171875, 0.01397705078125, 0.013916015625, 0.0135498046875, 0.0133056640625, 0.01324462890625, 0.01300048828125, 0.01275634765625, 0.01275634765625, 0.0126953125, 0.012451171875, 0.012451171875, 0.0123291015625, 0.0123291015625, 0.01226806640625, 0.01226806640625, 0.01214599609375, 0.01202392578125, 0.011962890625, 0.011962890625, 0.011962890625, 0.0113525390625, 0.0113525390625, 0.01129150390625, 0.01123046875, 0.010986328125, 0.0108642578125, 0.01055908203125, 0.01055908203125, 0.01055908203125, 0.010498046875, 0.010498046875, 0.01043701171875, 0.01025390625, 0.01019287109375, 0.0101318359375, 0.0101318359375, 0.010009765625, 0.00982666015625, 0.00982666015625, 0.009765625, 0.00958251953125, 0.00958251953125, 0.009521484375, 0.00946044921875, 0.00946044921875, 0.00933837890625, 0.00921630859375, 0.0091552734375, 0.00909423828125], "inds": [[1001, 53], [1382, 183], [609, 267], [1284, 116], [875, 20], [1473, 38], [27, 257], [1296, 26], [948, 121], [1887, 136], [996, 42], [1887, 129], [528, 169], [1982, 18], [1691, 130], [1341, 28], [1409, 14], [714, 237], [645, 297], [293, 87], [1284, 250], [556, 66], [908, 32], [106, 121], [1428, 66], [972, 106], [1904, 50], [1702, 18], [679, 21], [1526, 18], [1343, 35], [271, 247], [1897, 198], [625, 45], [1542, 31], [1933, 25], [1141, 41], [1724, 18], [27, 252], [1983, 141], [1074, 275], [1897, 203], [716, 230], [831, 157], [735, 262], [1983, 78], [714, 73], [1777, 11], [1918, 35], [837, 20], [1823, 128], [1410, 48], [1219, 12], [1960, 14], [1312, 192], [1421, 167], [831, 194], [1904, 57], [289, 127], [318, 18], [1, 16], [1827, 19], [1079, 24], [1564, 191], [543, 193], [1726, 72], [1145, 15], [307, 167], [149, 179], [271, 188], [1794, 50], [367, 23], [1529, 294], [1101, 99], [549, 22], [466, 93], [972, 115], [298, 27], [1093, 13], [1771, 21], [1428, 57], [858, 19], [716, 163], [26, 72], [1532, 138], [1145, 17], [1684, 17], [1811, 275], [52, 75], [1628, 21], [1904, 93], [1747, 34], [1383, 29], [293, 130], [1832, 91], [759, 16], [818, 23], [1585, 213], [837, 24], [1842, 34]], "mean": 5.817413330078125e-05}