{"vals": [4.125, 0.1279296875, 0.0810546875, 0.064453125, 0.06396484375, 0.060302734375, 0.059326171875, 0.056884765625, 0.05615234375, 0.050048828125, 0.049560546875, 0.049072265625, 0.042236328125, 0.041748046875, 0.034912109375, 0.034423828125, 0.033935546875, 0.031494140625, 0.03125, 0.0302734375, 0.02734375, 0.0257568359375, 0.0257568359375, 0.0255126953125, 0.0252685546875, 0.025146484375, 0.0244140625, 0.02392578125, 0.0223388671875, 0.022216796875, 0.02197265625, 0.0218505859375, 0.021728515625, 0.0216064453125, 0.0216064453125, 0.021484375, 0.0213623046875, 0.02099609375, 0.0208740234375, 0.0203857421875, 0.0203857421875, 0.02001953125, 0.0196533203125, 0.01953125, 0.019287109375, 0.019287109375, 0.0186767578125, 0.0184326171875, 0.018310546875, 0.0179443359375, 0.0179443359375, 0.0177001953125, 0.017578125, 0.017333984375, 0.0172119140625, 0.016845703125, 0.016845703125, 0.016845703125, 0.0167236328125, 0.015869140625, 0.01556396484375, 0.0155029296875, 0.0155029296875, 0.01513671875, 0.01513671875, 0.01513671875, 0.01507568359375, 0.01507568359375, 0.014892578125, 0.01483154296875, 0.0147705078125, 0.0147705078125, 0.0145263671875, 0.014404296875, 0.01434326171875, 0.0142822265625, 0.0142822265625, 0.0142822265625, 0.01416015625, 0.01409912109375, 0.01409912109375, 0.01397705078125, 0.013916015625, 0.0137939453125, 0.01373291015625, 0.01373291015625, 0.01373291015625, 0.01361083984375, 0.01361083984375, 0.01361083984375, 0.0135498046875, 0.01348876953125, 0.01348876953125, 0.013427734375, 0.01336669921875, 0.01318359375, 0.0130615234375, 0.0130615234375, 0.01300048828125, 0.01300048828125], "inds": [[1001, 53], [1253, 120], [609, 267], [1132, 11], [996, 42], [609, 172], [1371, 131], [20, 34], [818, 23], [818, 24], [289, 127], [1035, 23], [1284, 82], [1419, 80], [868, 60], [716, 246], [479, 17], [88, 10], [651, 100], [1351, 210], [1531, 291], [1262, 10], [1991, 48], [1243, 82], [1726, 72], [972, 106], [543, 64], [349, 223], [609, 293], [517, 252], [1095, 84], [1859, 66], [350, 36], [875, 20], [1018, 117], [1608, 134], [716, 230], [1904, 93], [1679, 60], [319, 50], [1951, 112], [1562, 19], [1382, 183], [1897, 203], [1806, 293], [1708, 49], [479, 25], [1356, 112], [1842, 25], [926, 49], [1205, 156], [1154, 20], [1811, 241], [1780, 44], [1419, 81], [1911, 282], [216, 285], [1233, 61], [1566, 52], [800, 10], [391, 70], [1296, 26], [1557, 225], [996, 43], [1069, 106], [298, 36], [476, 232], [1887, 136], [721, 189], [1074, 275], [1343, 35], [968, 115], [1266, 299], [513, 206], [260, 121], [948, 121], [325, 37], [1752, 39], [1428, 157], [525, 27], [585, 24], [1569, 225], [268, 72], [134, 45], [1328, 43], [1273, 42], [268, 51], [1888, 233], [539, 24], [452, 23], [432, 23], [1222, 19], [892, 133], [492, 231], [1890, 187], [1842, 34], [1457, 27], [1986, 183], [1911, 276], [934, 65]], "mean": 0.00015735626220703125}