{"vals": [0.08154296875, 0.07666015625, 0.06640625, 0.06591796875, 0.06103515625, 0.06005859375, 0.05908203125, 0.052490234375, 0.049072265625, 0.04736328125, 0.046875, 0.044677734375, 0.04443359375, 0.043212890625, 0.041015625, 0.040283203125, 0.03955078125, 0.03857421875, 0.038330078125, 0.03662109375, 0.035888671875, 0.033447265625, 0.032958984375, 0.03173828125, 0.0311279296875, 0.0306396484375, 0.030029296875, 0.0286865234375, 0.0277099609375, 0.0272216796875, 0.02685546875, 0.0264892578125, 0.0264892578125, 0.0263671875, 0.0262451171875, 0.0262451171875, 0.0260009765625, 0.0260009765625, 0.025634765625, 0.0255126953125, 0.0250244140625, 0.0247802734375, 0.023681640625, 0.0233154296875, 0.02294921875, 0.022216796875, 0.022216796875, 0.0220947265625, 0.02197265625, 0.02197265625, 0.0218505859375, 0.0216064453125, 0.0213623046875, 0.0213623046875, 0.0203857421875, 0.020263671875, 0.01953125, 0.01953125, 0.01953125, 0.019287109375, 0.019287109375, 0.018798828125, 0.018798828125, 0.0185546875, 0.018310546875, 0.0181884765625, 0.017822265625, 0.017822265625, 0.0177001953125, 0.0177001953125, 0.0177001953125, 0.01708984375, 0.016845703125, 0.016845703125, 0.016845703125, 0.0166015625, 0.0166015625, 0.0162353515625, 0.0162353515625, 0.0162353515625, 0.01611328125, 0.015869140625, 0.015869140625, 0.0155029296875, 0.01544189453125, 0.01519775390625, 0.01507568359375, 0.0150146484375, 0.014892578125, 0.014892578125, 0.01470947265625, 0.01434326171875, 0.01409912109375, 0.01385498046875, 0.0137939453125, 0.01373291015625, 0.01373291015625, 0.01361083984375, 0.0135498046875, 0.0135498046875], "inds": [[1284, 116], [948, 121], [1752, 39], [1180, 148], [20, 34], [27, 257], [651, 100], [479, 17], [1996, 37], [868, 60], [1421, 167], [716, 230], [517, 152], [1382, 183], [1708, 49], [289, 127], [426, 61], [1035, 23], [1530, 23], [1774, 51], [1545, 73], [1202, 254], [1296, 26], [1253, 120], [716, 246], [517, 156], [626, 182], [293, 87], [903, 64], [52, 75], [589, 126], [850, 253], [1280, 21], [1726, 72], [1960, 14], [985, 18], [1299, 34], [302, 292], [1128, 79], [1128, 92], [1566, 52], [1339, 61], [1409, 14], [818, 23], [1132, 11], [1262, 10], [325, 37], [1284, 82], [1032, 49], [1069, 106], [1341, 28], [543, 64], [556, 66], [1991, 62], [1284, 171], [1827, 19], [1904, 93], [1980, 12], [1111, 91], [1145, 15], [455, 182], [268, 51], [1759, 142], [302, 286], [1109, 26], [104, 86], [1517, 281], [972, 106], [813, 39], [1691, 130], [512, 109], [641, 53], [152, 99], [789, 24], [464, 209], [1658, 18], [929, 101], [1371, 78], [329, 123], [1431, 40], [1069, 203], [167, 33], [310, 105], [1752, 14], [1141, 35], [3, 69], [1748, 272], [1859, 66], [745, 17], [1531, 24], [1273, 42], [589, 244], [1382, 198], [1611, 72], [1651, 35], [65, 18], [1243, 49], [204, 83], [1910, 35], [1747, 34]], "mean": 0.0001621246337890625}