{"vals": [0.142578125, 0.07421875, 0.04833984375, 0.04443359375, 0.02880859375, 0.028076171875, 0.02734375, 0.026611328125, 0.0233154296875, 0.0145263671875, 0.0145263671875, 0.0142822265625, 0.01348876953125, 0.01287841796875, 0.0125732421875, 0.011962890625, 0.01190185546875, 0.01092529296875, 0.01080322265625, 0.0103759765625, 0.01019287109375, 0.01007080078125, 0.00982666015625, 0.00958251953125, 0.009521484375, 0.00946044921875, 0.00933837890625, 0.009033203125, 0.00848388671875, 0.00848388671875, 0.00823974609375, 0.0081787109375, 0.0078125, 0.007781982421875, 0.00775146484375, 0.00775146484375, 0.0076904296875, 0.007598876953125, 0.007568359375, 0.00738525390625, 0.007171630859375, 0.00714111328125, 0.00714111328125, 0.007080078125, 0.006805419921875, 0.006805419921875, 0.00677490234375, 0.006744384765625, 0.006622314453125, 0.006622314453125, 0.00653076171875, 0.006500244140625, 0.006439208984375, 0.006378173828125, 0.005950927734375, 0.005828857421875, 0.0057373046875, 0.0057373046875, 0.005645751953125, 0.005645751953125, 0.00555419921875, 0.00555419921875, 0.005340576171875, 0.00531005859375, 0.005279541015625, 0.0052490234375, 0.005218505859375, 0.005157470703125, 0.005157470703125, 0.005126953125, 0.00506591796875, 0.0050048828125, 0.004913330078125, 0.004913330078125, 0.004852294921875, 0.004638671875, 0.004547119140625, 0.0045166015625, 0.004486083984375, 0.004486083984375, 0.004425048828125, 0.0042724609375, 0.0042724609375, 0.0042724609375, 0.004241943359375, 0.004241943359375, 0.00421142578125, 0.004150390625, 0.004150390625, 0.004150390625, 0.00408935546875, 0.003997802734375, 0.003997802734375, 0.00396728515625, 0.00396728515625, 0.00396728515625, 0.00390625, 0.0038909912109375, 0.00384521484375, 0.0038299560546875], "inds": [[948, 121], [705, 33], [1284, 116], [556, 66], [1001, 53], [1128, 133], [1566, 58], [683, 26], [1887, 136], [7, 47], [1611, 72], [1382, 183], [705, 28], [1472, 19], [1103, 246], [914, 23], [1227, 51], [289, 217], [724, 22], [645, 297], [677, 31], [1371, 131], [769, 101], [1060, 233], [235, 181], [1188, 279], [1532, 138], [1180, 30], [1128, 109], [1160, 63], [1243, 261], [1143, 110], [609, 194], [988, 233], [298, 219], [307, 291], [1045, 48], [451, 236], [330, 165], [1138, 46], [585, 24], [1202, 254], [72, 164], [1582, 32], [1154, 20], [1227, 126], [86, 93], [948, 41], [1859, 27], [319, 50], [1581, 12], [1545, 73], [892, 81], [1806, 17], [818, 23], [933, 69], [636, 85], [1493, 30], [1018, 287], [868, 134], [708, 97], [1161, 16], [435, 91], [609, 272], [1109, 26], [952, 100], [963, 61], [1158, 20], [106, 121], [1468, 47], [1303, 170], [708, 98], [307, 299], [370, 32], [1273, 42], [1013, 120], [235, 182], [343, 65], [1188, 265], [1035, 75], [1243, 297], [1659, 12], [81, 34], [599, 88], [69, 84], [1975, 120], [1069, 106], [940, 33], [667, 148], [1571, 94], [948, 270], [1517, 281], [1748, 255], [149, 102], [1320, 74], [20, 34], [645, 282], [54, 30], [1206, 26], [101, 33]], "mean": 3.0159950256347656e-05}