{"vals": [0.05126953125, 0.0284423828125, 0.0203857421875, 0.0201416015625, 0.018798828125, 0.018310546875, 0.017578125, 0.0162353515625, 0.01422119140625, 0.0137939453125, 0.0135498046875, 0.013427734375, 0.01300048828125, 0.0120849609375, 0.0118408203125, 0.01171875, 0.01171875, 0.011474609375, 0.01141357421875, 0.010986328125, 0.010498046875, 0.010009765625, 0.00933837890625, 0.0086669921875, 0.008544921875, 0.00848388671875, 0.0081787109375, 0.0081787109375, 0.00811767578125, 0.0079345703125, 0.007720947265625, 0.007720947265625, 0.007568359375, 0.00750732421875, 0.007476806640625, 0.0074462890625, 0.0072021484375, 0.00714111328125, 0.007080078125, 0.00689697265625, 0.00677490234375, 0.0067138671875, 0.0067138671875, 0.006500244140625, 0.006378173828125, 0.006072998046875, 0.005889892578125, 0.005706787109375, 0.005523681640625, 0.00543212890625, 0.005279541015625, 0.0052490234375, 0.005218505859375, 0.005218505859375, 0.00518798828125, 0.005157470703125, 0.005157470703125, 0.005126953125, 0.004974365234375, 0.00494384765625, 0.004913330078125, 0.004913330078125, 0.004913330078125, 0.00482177734375, 0.00482177734375, 0.00482177734375, 0.004791259765625, 0.004638671875, 0.004547119140625, 0.00445556640625, 0.004425048828125, 0.004364013671875, 0.00433349609375, 0.00433349609375, 0.00433349609375, 0.004302978515625, 0.004241943359375, 0.00421142578125, 0.004150390625, 0.004119873046875, 0.004119873046875, 0.004058837890625, 0.004058837890625, 0.003936767578125, 0.003936767578125, 0.00390625, 0.00390625, 0.0038909912109375, 0.0038909912109375, 0.0038604736328125, 0.00384521484375, 0.0037841796875, 0.003753662109375, 0.00372314453125, 0.003662109375, 0.0036468505859375, 0.0036163330078125, 0.00360107421875, 0.00360107421875, 0.00360107421875], "inds": [[609, 267], [1382, 183], [971, 50], [1001, 53], [948, 121], [26, 72], [5, 115], [1180, 30], [1204, 92], [1497, 272], [1074, 275], [818, 23], [1296, 26], [1222, 23], [1161, 16], [1299, 34], [645, 297], [1421, 167], [626, 182], [106, 121], [1691, 130], [1101, 52], [268, 51], [1079, 24], [1202, 254], [877, 84], [1472, 19], [1371, 131], [319, 185], [367, 23], [20, 34], [170, 126], [319, 187], [625, 45], [1180, 148], [43, 92], [1069, 106], [1708, 49], [271, 188], [170, 210], [818, 24], [271, 247], [204, 69], [1343, 35], [1222, 42], [877, 59], [716, 246], [1180, 70], [967, 56], [115, 129], [1792, 93], [1492, 101], [972, 106], [435, 175], [785, 48], [1428, 57], [978, 62], [1887, 121], [1546, 123], [585, 24], [1562, 19], [609, 172], [971, 54], [985, 33], [929, 101], [625, 35], [877, 86], [971, 57], [1722, 192], [1742, 81], [1069, 125], [1830, 17], [960, 16], [959, 16], [957, 16], [827, 96], [325, 37], [1284, 116], [841, 30], [1141, 41], [1183, 112], [1782, 76], [349, 223], [170, 211], [222, 253], [995, 52], [877, 127], [609, 241], [636, 145], [1679, 60], [435, 195], [1726, 72], [1890, 172], [987, 34], [4, 33], [1996, 45], [1532, 86], [877, 62], [1944, 34], [1382, 136]], "mean": 2.4557113647460938e-05}