{"vals": [0.043701171875, 0.04150390625, 0.04150390625, 0.035888671875, 0.03564453125, 0.01611328125, 0.01611328125, 0.015869140625, 0.01434326171875, 0.013671875, 0.01324462890625, 0.0123291015625, 0.0123291015625, 0.01165771484375, 0.0113525390625, 0.01116943359375, 0.01031494140625, 0.00958251953125, 0.009521484375, 0.00927734375, 0.00927734375, 0.0091552734375, 0.00909423828125, 0.0087890625, 0.00872802734375, 0.0086669921875, 0.0086669921875, 0.0084228515625, 0.00836181640625, 0.00823974609375, 0.00811767578125, 0.0078125, 0.007720947265625, 0.007659912109375, 0.007659912109375, 0.007598876953125, 0.007293701171875, 0.00726318359375, 0.006988525390625, 0.006866455078125, 0.0068359375, 0.006683349609375, 0.006561279296875, 0.006561279296875, 0.006500244140625, 0.00634765625, 0.006195068359375, 0.00616455078125, 0.006072998046875, 0.006072998046875, 0.006011962890625, 0.006011962890625, 0.005859375, 0.005828857421875, 0.00567626953125, 0.005615234375, 0.005584716796875, 0.005462646484375, 0.00537109375, 0.005279541015625, 0.005126953125, 0.005126953125, 0.00506591796875, 0.005035400390625, 0.0050048828125, 0.004974365234375, 0.004974365234375, 0.004913330078125, 0.00482177734375, 0.0047607421875, 0.004669189453125, 0.004669189453125, 0.004638671875, 0.004638671875, 0.004638671875, 0.0045166015625, 0.004486083984375, 0.00445556640625, 0.00439453125, 0.00439453125, 0.00439453125, 0.004364013671875, 0.0042724609375, 0.004241943359375, 0.004241943359375, 0.00421142578125, 0.00421142578125, 0.004180908203125, 0.004180908203125, 0.004119873046875, 0.00408935546875, 0.004058837890625, 0.003936767578125, 0.00390625, 0.003875732421875, 0.0037841796875, 0.0037841796875, 0.0037689208984375, 0.0037384033203125, 0.0037078857421875], "inds": [[818, 23], [818, 24], [1079, 24], [1843, 62], [1823, 128], [1982, 18], [651, 268], [905, 129], [1001, 53], [1284, 116], [479, 17], [1382, 136], [785, 48], [1790, 136], [1500, 111], [1639, 73], [1566, 25], [307, 44], [318, 18], [1390, 184], [350, 36], [528, 169], [106, 121], [1739, 31], [1014, 28], [1724, 82], [27, 257], [1382, 177], [585, 24], [579, 88], [1823, 126], [1154, 20], [1145, 15], [855, 48], [1286, 283], [100, 244], [268, 72], [302, 64], [1859, 66], [1691, 154], [1614, 181], [1343, 35], [1101, 52], [948, 121], [1708, 49], [27, 252], [329, 82], [1983, 145], [1188, 37], [453, 273], [753, 21], [1684, 47], [512, 86], [556, 66], [714, 263], [1219, 47], [131, 52], [239, 55], [1566, 37], [817, 68], [1813, 10], [1141, 11], [360, 25], [1296, 26], [855, 119], [897, 19], [330, 142], [963, 258], [1299, 31], [325, 37], [600, 33], [645, 297], [1770, 64], [903, 71], [723, 146], [651, 232], [716, 74], [738, 17], [87, 204], [1887, 136], [625, 45], [1530, 23], [289, 242], [1222, 19], [325, 19], [1542, 31], [1702, 18], [1748, 255], [140, 25], [1, 16], [1902, 194], [512, 109], [645, 289], [1275, 115], [1709, 22], [106, 112], [316, 32], [1022, 44], [644, 22], [1918, 40]], "mean": 4.00543212890625e-05}