{"vals": [0.09765625, 0.027587890625, 0.0242919921875, 0.01708984375, 0.01397705078125, 0.01190185546875, 0.0093994140625, 0.00927734375, 0.00872802734375, 0.008544921875, 0.007659912109375, 0.00677490234375, 0.006622314453125, 0.006378173828125, 0.006011962890625, 0.005889892578125, 0.005584716796875, 0.005279541015625, 0.005279541015625, 0.004730224609375, 0.00469970703125, 0.00457763671875, 0.00433349609375, 0.004302978515625, 0.004180908203125, 0.004119873046875, 0.004058837890625, 0.0040283203125, 0.00390625, 0.00384521484375, 0.003753662109375, 0.003631591796875, 0.003631591796875, 0.0035552978515625, 0.0035400390625, 0.0034942626953125, 0.00347900390625, 0.00347900390625, 0.00347900390625, 0.0034027099609375, 0.003387451171875, 0.0033111572265625, 0.0032806396484375, 0.0032196044921875, 0.003204345703125, 0.003204345703125, 0.0031890869140625, 0.003143310546875, 0.003143310546875, 0.0031280517578125, 0.0031280517578125, 0.00311279296875, 0.0030517578125, 0.0030517578125, 0.0029296875, 0.0029144287109375, 0.002838134765625, 0.0028228759765625, 0.0028076171875, 0.0027923583984375, 0.00274658203125, 0.00274658203125, 0.0027313232421875, 0.002716064453125, 0.0026702880859375, 0.0026702880859375, 0.0026397705078125, 0.0026397705078125, 0.00262451171875, 0.002593994140625, 0.0025787353515625, 0.0025634765625, 0.002532958984375, 0.002532958984375, 0.0025177001953125, 0.0024566650390625, 0.00244140625, 0.0024261474609375, 0.0024261474609375, 0.002410888671875, 0.002410888671875, 0.002410888671875, 0.00238037109375, 0.00238037109375, 0.0023651123046875, 0.002349853515625, 0.0023345947265625, 0.0023040771484375, 0.0023040771484375, 0.002288818359375, 0.002288818359375, 0.002288818359375, 0.00225830078125, 0.00225830078125, 0.00225830078125, 0.0022430419921875, 0.0022125244140625, 0.0022125244140625, 0.0022125244140625, 0.0021820068359375], "inds": [[1284, 116], [20, 34], [556, 66], [948, 121], [609, 267], [1079, 24], [813, 70], [1843, 62], [453, 273], [101, 33], [1101, 52], [1013, 14], [271, 247], [1251, 26], [869, 111], [1684, 47], [271, 235], [1382, 183], [1128, 40], [268, 72], [625, 45], [837, 24], [852, 231], [1001, 53], [1299, 34], [705, 33], [1286, 52], [1951, 34], [1321, 238], [1035, 23], [365, 18], [1, 16], [1103, 192], [1973, 209], [243, 293], [918, 142], [905, 129], [818, 23], [1531, 193], [821, 59], [908, 32], [1614, 135], [47, 26], [1219, 12], [1531, 226], [1382, 177], [1639, 73], [1809, 23], [1904, 50], [1880, 40], [307, 167], [1303, 123], [414, 185], [435, 187], [151, 204], [1284, 72], [1826, 160], [289, 242], [1410, 48], [1284, 171], [1204, 59], [1331, 114], [52, 75], [1299, 31], [609, 272], [1154, 20], [847, 290], [174, 140], [1611, 72], [968, 115], [645, 297], [1128, 55], [937, 33], [1428, 66], [771, 194], [496, 171], [1809, 24], [1823, 128], [134, 177], [1243, 55], [518, 53], [645, 194], [1145, 15], [874, 15], [626, 55], [1890, 172], [536, 124], [590, 249], [1702, 18], [791, 87], [1284, 48], [577, 96], [176, 21], [1545, 73], [971, 42], [371, 263], [1141, 11], [1071, 97], [579, 88], [56, 17]], "mean": 2.5153160095214844e-05}