{"vals": [0.044921875, 0.0262451171875, 0.0220947265625, 0.0213623046875, 0.018310546875, 0.0181884765625, 0.0169677734375, 0.0167236328125, 0.0155029296875, 0.01446533203125, 0.01434326171875, 0.01385498046875, 0.01361083984375, 0.013427734375, 0.01287841796875, 0.0128173828125, 0.0123291015625, 0.01171875, 0.01165771484375, 0.01123046875, 0.01116943359375, 0.0111083984375, 0.010986328125, 0.0107421875, 0.01068115234375, 0.00994873046875, 0.00982666015625, 0.00921630859375, 0.00909423828125, 0.009033203125, 0.0089111328125, 0.0087890625, 0.00860595703125, 0.008544921875, 0.00830078125, 0.00823974609375, 0.00799560546875, 0.00799560546875, 0.00787353515625, 0.007598876953125, 0.007598876953125, 0.007415771484375, 0.00732421875, 0.007080078125, 0.00701904296875, 0.0069580078125, 0.006927490234375, 0.006805419921875, 0.006744384765625, 0.006683349609375, 0.00665283203125, 0.006622314453125, 0.00653076171875, 0.0064697265625, 0.006439208984375, 0.00640869140625, 0.006378173828125, 0.0062255859375, 0.006195068359375, 0.00616455078125, 0.006072998046875, 0.0059814453125, 0.005889892578125, 0.005889892578125, 0.005889892578125, 0.005859375, 0.00579833984375, 0.005767822265625, 0.005767822265625, 0.005706787109375, 0.005645751953125, 0.005615234375, 0.005615234375, 0.00555419921875, 0.005523681640625, 0.0054931640625, 0.00537109375, 0.005340576171875, 0.005340576171875, 0.005279541015625, 0.0052490234375, 0.0052490234375, 0.005218505859375, 0.00518798828125, 0.005157470703125, 0.005157470703125, 0.005126953125, 0.005126953125, 0.005126953125, 0.005096435546875, 0.00506591796875, 0.00506591796875, 0.00506591796875, 0.005035400390625, 0.0050048828125, 0.0050048828125, 0.0050048828125, 0.004974365234375, 0.00494384765625, 0.00494384765625], "inds": [[106, 121], [837, 24], [740, 33], [1805, 74], [404, 279], [1288, 17], [1611, 72], [817, 68], [1103, 246], [556, 66], [1120, 120], [1173, 258], [1284, 116], [1288, 19], [1859, 27], [1296, 26], [1341, 28], [1298, 217], [491, 15], [908, 32], [1298, 216], [1691, 130], [1858, 50], [480, 20], [480, 68], [512, 109], [422, 22], [1128, 40], [1013, 14], [1862, 198], [790, 292], [1622, 296], [1319, 284], [717, 194], [144, 13], [1197, 26], [480, 36], [803, 165], [1677, 35], [1361, 213], [418, 26], [1321, 238], [1945, 192], [404, 277], [480, 40], [862, 55], [1299, 31], [903, 85], [1246, 34], [1382, 183], [405, 157], [1219, 47], [424, 75], [845, 218], [528, 169], [466, 135], [926, 281], [149, 102], [1832, 91], [1910, 35], [435, 91], [87, 204], [1951, 54], [803, 190], [421, 194], [480, 30], [830, 21], [1167, 19], [1992, 26], [740, 32], [1546, 46], [1858, 23], [223, 240], [1155, 200], [1935, 73], [450, 51], [35, 79], [852, 231], [1319, 285], [1823, 128], [435, 139], [762, 276], [528, 150], [1028, 63], [1996, 58], [1566, 62], [622, 104], [1858, 47], [326, 276], [803, 164], [812, 158], [1120, 119], [1679, 60], [1508, 62], [818, 23], [619, 117], [1242, 175], [552, 110], [1969, 46], [247, 66]], "mean": 6.771087646484375e-05}