{"vals": [0.0595703125, 0.041015625, 0.0361328125, 0.0341796875, 0.032470703125, 0.024658203125, 0.02392578125, 0.021484375, 0.0208740234375, 0.019775390625, 0.0189208984375, 0.01806640625, 0.01806640625, 0.017578125, 0.0174560546875, 0.0167236328125, 0.016357421875, 0.01611328125, 0.015869140625, 0.0147705078125, 0.01458740234375, 0.014404296875, 0.0142822265625, 0.01422119140625, 0.01385498046875, 0.012939453125, 0.01275634765625, 0.012451171875, 0.01226806640625, 0.011962890625, 0.01190185546875, 0.0115966796875, 0.011474609375, 0.01129150390625, 0.01116943359375, 0.0111083984375, 0.0107421875, 0.0107421875, 0.01068115234375, 0.01019287109375, 0.010009765625, 0.00994873046875, 0.00994873046875, 0.00982666015625, 0.00970458984375, 0.00946044921875, 0.009033203125, 0.0089111328125, 0.0089111328125, 0.0086669921875, 0.00860595703125, 0.00860595703125, 0.0084228515625, 0.00836181640625, 0.00823974609375, 0.0081787109375, 0.0081787109375, 0.0081787109375, 0.008056640625, 0.008056640625, 0.008056640625, 0.00787353515625, 0.00787353515625, 0.00787353515625, 0.00775146484375, 0.007720947265625, 0.00750732421875, 0.00738525390625, 0.007354736328125, 0.007293701171875, 0.007232666015625, 0.0072021484375, 0.0072021484375, 0.007049560546875, 0.007049560546875, 0.00701904296875, 0.006988525390625, 0.006988525390625, 0.006988525390625, 0.0069580078125, 0.00689697265625, 0.00689697265625, 0.00689697265625, 0.006866455078125, 0.006866455078125, 0.006805419921875, 0.006805419921875, 0.006744384765625, 0.00665283203125, 0.006622314453125, 0.006591796875, 0.006561279296875, 0.006500244140625, 0.006439208984375, 0.006439208984375, 0.006378173828125, 0.00634765625, 0.0062255859375, 0.006195068359375, 0.006195068359375], "inds": [[556, 66], [926, 223], [329, 225], [1303, 123], [1371, 131], [948, 121], [1284, 116], [1021, 88], [435, 202], [1679, 60], [903, 64], [1443, 26], [590, 240], [1887, 136], [1032, 49], [818, 23], [817, 68], [1980, 12], [469, 236], [307, 240], [404, 279], [1120, 120], [528, 169], [784, 195], [298, 219], [1173, 258], [512, 109], [855, 48], [1074, 275], [167, 114], [846, 34], [106, 121], [1170, 86], [1517, 281], [517, 156], [480, 20], [268, 72], [1321, 238], [480, 36], [525, 27], [485, 230], [751, 129], [818, 24], [355, 91], [1613, 149], [1440, 15], [1383, 210], [818, 163], [1296, 26], [1675, 249], [995, 280], [1250, 29], [1497, 272], [1014, 28], [729, 91], [1095, 84], [1068, 33], [1267, 156], [131, 52], [1973, 209], [479, 49], [793, 176], [1273, 96], [751, 83], [355, 113], [852, 231], [722, 196], [479, 48], [1411, 234], [745, 133], [926, 229], [1566, 37], [945, 28], [677, 31], [579, 88], [450, 51], [1383, 209], [1055, 267], [1631, 144], [131, 112], [1103, 34], [1300, 88], [26, 59], [98, 159], [4, 33], [1708, 49], [609, 172], [480, 40], [350, 33], [106, 140], [767, 26], [634, 240], [1208, 51], [1546, 46], [767, 65], [926, 232], [1502, 222], [210, 48], [859, 49], [1566, 62]], "mean": 8.821487426757812e-05}