{"vals": [0.044921875, 0.022705078125, 0.022216796875, 0.021240234375, 0.02099609375, 0.017333984375, 0.016845703125, 0.0108642578125, 0.0108642578125, 0.0103759765625, 0.010009765625, 0.009765625, 0.00927734375, 0.0091552734375, 0.00909423828125, 0.008056640625, 0.00799560546875, 0.0079345703125, 0.007781982421875, 0.00750732421875, 0.007415771484375, 0.007354736328125, 0.007293701171875, 0.007080078125, 0.007080078125, 0.007049560546875, 0.006988525390625, 0.006927490234375, 0.006866455078125, 0.0068359375, 0.0068359375, 0.00634765625, 0.006317138671875, 0.00616455078125, 0.006072998046875, 0.0059814453125, 0.0059814453125, 0.005828857421875, 0.005828857421875, 0.005828857421875, 0.005615234375, 0.005584716796875, 0.00555419921875, 0.005523681640625, 0.005462646484375, 0.00543212890625, 0.00537109375, 0.00537109375, 0.00537109375, 0.005340576171875, 0.00531005859375, 0.00531005859375, 0.00531005859375, 0.005279541015625, 0.0052490234375, 0.005218505859375, 0.005218505859375, 0.004974365234375, 0.00494384765625, 0.0048828125, 0.004852294921875, 0.0047607421875, 0.0047607421875, 0.00469970703125, 0.004608154296875, 0.00457763671875, 0.004547119140625, 0.0045166015625, 0.0045166015625, 0.00445556640625, 0.00445556640625, 0.004425048828125, 0.00439453125, 0.00433349609375, 0.004302978515625, 0.004150390625, 0.004119873046875, 0.004058837890625, 0.0040283203125, 0.0040283203125, 0.003936767578125, 0.003936767578125, 0.00390625, 0.0038909912109375, 0.003875732421875, 0.003875732421875, 0.003875732421875, 0.00384521484375, 0.003814697265625, 0.003814697265625, 0.003814697265625, 0.0037994384765625, 0.003753662109375, 0.003692626953125, 0.0036773681640625, 0.00360107421875, 0.00360107421875, 0.00360107421875, 0.0035858154296875, 0.0035552978515625], "inds": [[528, 169], [1410, 48], [355, 91], [1035, 23], [1128, 55], [483, 16], [1582, 32], [1335, 54], [1284, 116], [299, 238], [1822, 129], [1335, 76], [26, 72], [1335, 141], [1924, 66], [841, 32], [406, 287], [1598, 106], [239, 55], [948, 121], [1741, 269], [1532, 138], [667, 261], [1862, 207], [1335, 52], [406, 283], [406, 285], [1202, 254], [562, 264], [299, 282], [626, 182], [1476, 22], [167, 33], [1535, 65], [307, 76], [1473, 38], [435, 198], [937, 33], [1887, 136], [1741, 191], [1741, 240], [1924, 63], [406, 259], [1173, 256], [346, 53], [1128, 40], [162, 153], [712, 271], [162, 76], [1269, 90], [556, 66], [1993, 36], [1202, 239], [1859, 66], [818, 163], [1447, 67], [406, 281], [609, 267], [1598, 103], [1335, 83], [1335, 86], [1253, 120], [81, 125], [712, 268], [162, 114], [158, 105], [1772, 18], [1180, 30], [1907, 96], [406, 290], [852, 231], [1128, 95], [307, 240], [1742, 261], [1699, 19], [406, 291], [1944, 108], [372, 24], [667, 266], [406, 284], [1599, 35], [942, 67], [1907, 56], [1204, 92], [1335, 85], [1422, 87], [1492, 39], [1902, 194], [1280, 21], [406, 257], [1741, 268], [1907, 52], [1122, 224], [1335, 128], [1322, 17], [1273, 96], [149, 179], [451, 236], [1545, 73], [712, 217]], "mean": 2.7894973754882812e-05}