{"vals": [0.036865234375, 0.0225830078125, 0.017578125, 0.01544189453125, 0.01190185546875, 0.01153564453125, 0.010986328125, 0.01068115234375, 0.01025390625, 0.00921630859375, 0.00909423828125, 0.009033203125, 0.0089111328125, 0.00830078125, 0.00787353515625, 0.0078125, 0.00775146484375, 0.007232666015625, 0.007080078125, 0.0067138671875, 0.006683349609375, 0.00634765625, 0.006317138671875, 0.00604248046875, 0.005706787109375, 0.005615234375, 0.0054931640625, 0.00543212890625, 0.005279541015625, 0.0052490234375, 0.004913330078125, 0.0048828125, 0.0047607421875, 0.004730224609375, 0.00469970703125, 0.004669189453125, 0.00457763671875, 0.0045166015625, 0.004486083984375, 0.00445556640625, 0.00421142578125, 0.00408935546875, 0.004058837890625, 0.004058837890625, 0.0040283203125, 0.003997802734375, 0.003814697265625, 0.0037384033203125, 0.00372314453125, 0.0037078857421875, 0.003692626953125, 0.003692626953125, 0.0036468505859375, 0.0036468505859375, 0.003570556640625, 0.003570556640625, 0.003570556640625, 0.0035247802734375, 0.003509521484375, 0.00347900390625, 0.00347900390625, 0.00347900390625, 0.0034637451171875, 0.0034332275390625, 0.003387451171875, 0.0033721923828125, 0.0033721923828125, 0.0033721923828125, 0.0033721923828125, 0.00335693359375, 0.00335693359375, 0.0033416748046875, 0.003326416015625, 0.003326416015625, 0.0033111572265625, 0.0032196044921875, 0.0031585693359375, 0.0031280517578125, 0.0031280517578125, 0.0030975341796875, 0.003082275390625, 0.003082275390625, 0.003082275390625, 0.003082275390625, 0.0030670166015625, 0.0030670166015625, 0.0030670166015625, 0.0030517578125, 0.0030517578125, 0.0030364990234375, 0.0030364990234375, 0.003021240234375, 0.003021240234375, 0.0030059814453125, 0.0029144287109375, 0.0029144287109375, 0.002899169921875, 0.002899169921875, 0.0028839111328125, 0.00286865234375], "inds": [[948, 121], [609, 267], [1880, 40], [1842, 34], [1074, 275], [1428, 136], [1582, 32], [271, 235], [1202, 239], [1180, 148], [590, 240], [239, 55], [1792, 172], [271, 188], [371, 20], [479, 17], [1428, 66], [1173, 256], [985, 18], [1478, 18], [289, 217], [683, 26], [1068, 33], [167, 33], [1284, 82], [954, 22], [307, 169], [1096, 48], [1428, 57], [329, 225], [289, 127], [426, 60], [1382, 228], [298, 219], [1752, 39], [7, 47], [650, 85], [28, 17], [307, 167], [599, 194], [1830, 78], [299, 256], [463, 126], [827, 96], [942, 67], [1103, 246], [1266, 299], [355, 79], [670, 260], [533, 18], [942, 62], [854, 38], [406, 259], [204, 69], [1327, 220], [1382, 183], [1103, 34], [1128, 102], [319, 92], [271, 247], [600, 120], [1180, 30], [1924, 66], [349, 238], [1555, 42], [1357, 131], [1428, 263], [1611, 72], [1280, 21], [1946, 114], [1371, 131], [1158, 20], [556, 66], [645, 297], [370, 32], [1564, 71], [1154, 20], [1259, 34], [1284, 116], [858, 19], [948, 69], [1489, 95], [954, 123], [1103, 180], [1991, 62], [1505, 63], [1173, 255], [325, 37], [140, 25], [1141, 41], [148, 69], [705, 33], [422, 22], [1535, 65], [1492, 101], [453, 77], [1741, 214], [818, 23], [768, 178], [1410, 48]], "mean": 1.8358230590820312e-05}