{"vals": [0.027099609375, 0.024658203125, 0.0224609375, 0.02099609375, 0.0205078125, 0.01953125, 0.0185546875, 0.0166015625, 0.015625, 0.01556396484375, 0.013916015625, 0.0135498046875, 0.01348876953125, 0.01336669921875, 0.01336669921875, 0.012939453125, 0.012939453125, 0.0128173828125, 0.01251220703125, 0.011962890625, 0.01019287109375, 0.0101318359375, 0.01007080078125, 0.010009765625, 0.0096435546875, 0.0093994140625, 0.00933837890625, 0.00933837890625, 0.00909423828125, 0.0089111328125, 0.00872802734375, 0.008544921875, 0.00848388671875, 0.00799560546875, 0.00787353515625, 0.007537841796875, 0.007476806640625, 0.0074462890625, 0.0072021484375, 0.007080078125, 0.0069580078125, 0.0067138671875, 0.006561279296875, 0.006561279296875, 0.006439208984375, 0.00634765625, 0.00628662109375, 0.006195068359375, 0.0059814453125, 0.005950927734375, 0.005889892578125, 0.005859375, 0.005828857421875, 0.00579833984375, 0.005767822265625, 0.005615234375, 0.005584716796875, 0.005584716796875, 0.00555419921875, 0.00555419921875, 0.00555419921875, 0.005462646484375, 0.005462646484375, 0.00543212890625, 0.00543212890625, 0.00537109375, 0.005340576171875, 0.005096435546875, 0.005035400390625, 0.0050048828125, 0.0050048828125, 0.004974365234375, 0.00494384765625, 0.00494384765625, 0.004913330078125, 0.004913330078125, 0.0048828125, 0.004852294921875, 0.00482177734375, 0.00482177734375, 0.0047607421875, 0.0047607421875, 0.00469970703125, 0.00457763671875, 0.004547119140625, 0.004425048828125, 0.00439453125, 0.00439453125, 0.00433349609375, 0.004302978515625, 0.004241943359375, 0.004241943359375, 0.004241943359375, 0.004241943359375, 0.00421142578125, 0.00421142578125, 0.004180908203125, 0.004180908203125, 0.004150390625, 0.004119873046875], "inds": [[528, 169], [1284, 116], [1887, 136], [1492, 101], [556, 66], [1079, 24], [971, 50], [307, 167], [362, 142], [1691, 130], [1092, 26], [716, 230], [1001, 53], [1724, 18], [568, 220], [1739, 125], [1173, 258], [948, 121], [307, 169], [325, 37], [464, 209], [817, 68], [1128, 133], [307, 168], [272, 21], [106, 94], [1823, 128], [1992, 26], [289, 217], [852, 231], [1035, 23], [464, 205], [1748, 239], [721, 15], [1180, 30], [1996, 37], [1792, 175], [223, 298], [20, 184], [1103, 34], [239, 55], [1659, 243], [729, 91], [131, 52], [101, 33], [268, 72], [1173, 256], [1202, 254], [302, 286], [1299, 31], [753, 21], [46, 226], [759, 16], [905, 129], [1286, 283], [609, 211], [1842, 34], [1684, 47], [957, 16], [960, 16], [959, 16], [1128, 109], [971, 42], [862, 72], [1830, 78], [149, 270], [280, 51], [769, 101], [1296, 26], [849, 21], [1253, 117], [1088, 15], [1331, 121], [892, 79], [103, 23], [318, 18], [985, 33], [568, 219], [1550, 12], [1720, 267], [27, 252], [1771, 21], [1530, 23], [645, 282], [1463, 45], [426, 60], [106, 93], [464, 208], [837, 24], [1859, 27], [3, 101], [667, 261], [1880, 40], [459, 279], [1222, 19], [27, 240], [1158, 20], [1299, 34], [271, 247], [855, 250]], "mean": 4.863739013671875e-05}