{"vals": [0.1650390625, 0.035888671875, 0.03369140625, 0.033447265625, 0.0303955078125, 0.023193359375, 0.0201416015625, 0.0185546875, 0.0184326171875, 0.0169677734375, 0.0162353515625, 0.01495361328125, 0.01458740234375, 0.0133056640625, 0.01318359375, 0.0130615234375, 0.01287841796875, 0.0123291015625, 0.011474609375, 0.01092529296875, 0.0107421875, 0.0103759765625, 0.01007080078125, 0.00946044921875, 0.00946044921875, 0.00933837890625, 0.00933837890625, 0.00927734375, 0.00921630859375, 0.0089111328125, 0.00885009765625, 0.00872802734375, 0.00848388671875, 0.00836181640625, 0.00811767578125, 0.0078125, 0.00775146484375, 0.00775146484375, 0.007659912109375, 0.00762939453125, 0.00750732421875, 0.0074462890625, 0.00738525390625, 0.007354736328125, 0.007232666015625, 0.007110595703125, 0.007110595703125, 0.007080078125, 0.0069580078125, 0.006927490234375, 0.00689697265625, 0.00689697265625, 0.00677490234375, 0.006622314453125, 0.006561279296875, 0.00653076171875, 0.0064697265625, 0.006439208984375, 0.00628662109375, 0.006256103515625, 0.006195068359375, 0.006195068359375, 0.006134033203125, 0.005889892578125, 0.005889892578125, 0.005859375, 0.005706787109375, 0.00567626953125, 0.00567626953125, 0.00567626953125, 0.005615234375, 0.005584716796875, 0.005584716796875, 0.005523681640625, 0.005462646484375, 0.00537109375, 0.005340576171875, 0.00531005859375, 0.0052490234375, 0.005218505859375, 0.00506591796875, 0.005035400390625, 0.0050048828125, 0.0050048828125, 0.004974365234375, 0.004913330078125, 0.004852294921875, 0.004852294921875, 0.004791259765625, 0.0047607421875, 0.004730224609375, 0.00457763671875, 0.0045166015625, 0.00445556640625, 0.004425048828125, 0.004425048828125, 0.00433349609375, 0.00433349609375, 0.004302978515625, 0.0042724609375], "inds": [[1284, 116], [556, 66], [1001, 53], [512, 109], [1830, 17], [1128, 40], [1935, 73], [645, 194], [479, 17], [426, 60], [1092, 26], [20, 34], [272, 21], [319, 50], [106, 140], [1806, 293], [1371, 131], [1739, 125], [793, 258], [645, 297], [1897, 198], [1748, 162], [1383, 50], [1897, 203], [1554, 12], [626, 182], [544, 70], [1639, 73], [1019, 27], [1714, 95], [1275, 71], [753, 21], [562, 264], [645, 289], [817, 68], [402, 68], [1719, 18], [1323, 84], [948, 46], [279, 176], [625, 45], [1383, 49], [1284, 74], [497, 200], [1120, 120], [1286, 85], [325, 37], [1382, 177], [1880, 40], [193, 125], [1752, 39], [1299, 31], [1853, 214], [1927, 268], [1371, 78], [1284, 171], [512, 107], [175, 251], [818, 23], [1941, 15], [260, 121], [1890, 187], [1180, 30], [1304, 161], [967, 56], [271, 227], [1492, 101], [683, 26], [167, 28], [1543, 293], [996, 41], [1708, 49], [1, 16], [903, 35], [948, 121], [1128, 77], [1467, 206], [708, 190], [1303, 123], [837, 24], [1286, 93], [723, 146], [1522, 32], [855, 48], [892, 79], [967, 78], [1067, 242], [868, 60], [971, 42], [1128, 55], [1032, 49], [1273, 128], [1672, 17], [1691, 130], [1428, 66], [35, 79], [1086, 57], [1583, 211], [329, 225], [618, 157]], "mean": 5.4836273193359375e-05}